"asc_dp_a","asc_do_a","asc_wa_a","asc_wp_a","asc_wo_a","asc_ba_a","asc_bp_a","asc_bo_a","asc_dp_b","asc_do_b","asc_wa_b","asc_wp_b","asc_wo_b","asc_ba_b","asc_bp_b","asc_bo_b","delta_a","delta_b","gamma_female_a","gamma_female_b","beta_nadults_dp_a","beta_nadults_do_a","beta_nadults_wa_a","beta_nadults_wp_a","beta_nadults_wo_a","beta_nadults_ba_a","beta_nadults_bp_a","beta_nadults_bo_a","beta_nadults_dp_b","beta_nadults_do_b","beta_nadults_wa_b","beta_nadults_wp_b","beta_nadults_wo_b","beta_nadults_ba_b","beta_nadults_bp_b","beta_nadults_bo_b","logLike"
0,0,0,0,0,0,0,0,0,0,0,0,0,0,0,0,0,0,0,0,0,0,0,0,0,0,0,0,0,0,0,0,0,0,0,0,-22129.4168865546
0,0,0,0,0,0,0,0,0,0,0,0,0,0,0,0,0,0,0,0,0,0,0,0,0,0,0,0,0,0,0,0,0,0,0,0,-22129.4168865546
0.764279541326687,-0.208040749421343,0,0.0993193406611681,-0.116200721822679,-0.149480731924996,-0.173960740212351,-0.194600746035576,0.764279541326687,-0.208040749421343,0,0.0993193406611681,-0.116200721822679,-0.149480731924996,-0.173960740212351,-0.194600746035576,0,0,0,0,-0.413699743803591,1.51877961005084,0,0.193340047262609,-0.224099816987291,-0.298179782694206,-0.346659764181823,-0.3836197569035,-0.413699743803591,1.51877961005084,0,0.193340047262609,-0.224099816987291,-0.298179782694206,-0.346659764181823,-0.3836197569035,-18801.8658923851
0.770872331738578,-0.307549829398162,0,0.301391178434016,-0.122025393609904,-0.188866266289554,-0.238379565477761,-0.280310841887205,0.770872331738578,-0.307549829398162,0,0.301391178434016,-0.122025393609904,-0.188866266289554,-0.238379565477761,-0.280310841887205,0,0,0,0,-0.605569772439787,1.47267172565532,0,0.60443202962514,-0.220361623078542,-0.370443425780593,-0.468949754943235,-0.544180156531016,-0.605569772439787,1.47267172565532,0,0.60443202962514,-0.220361623078542,-0.370443425780593,-0.468949754943235,-0.544180156531016,-17254.4318684896
0.863142121350556,-0.584787171736834,0,0.124835507534461,-0.00303469782328482,-0.195790053764025,-0.353469449991187,-0.493336532681861,0.863142121350556,-0.584787171736834,0,0.124835492009604,-0.00303469782328471,-0.195790053764025,-0.353469449991186,-0.493336532681861,0,0,0,0,-1.1497810015182,1.23854581805928,0,0.46969086204477,0.100799423621476,-0.361523583564137,-0.683816279226113,-0.937634922356449,-1.1497810015182,1.23854581805928,0,0.46969086204477,0.100799423621476,-0.361523583564137,-0.683816279226112,-0.937634922356449,-16450.8918255825
1.01541663886853,-0.817276359226212,0,-0.0867786936900963,-0.271808146019784,-0.197699418143989,-0.399214838427624,-0.644320960866224,1.01541663886853,-0.817276359226212,0,-0.0867787203320417,-0.271808146019784,-0.197699418143989,-0.399214838427624,-0.644320960866224,0,0,0,0,-1.64370453954966,0.913875615630756,0,0.324548707240386,-0.209229186834385,-0.313515922571213,-0.770920459591602,-1.22676115618342,-1.64370453954966,0.913875393059278,0,0.324548707240386,-0.209229186834385,-0.313515922571213,-0.770920459591602,-1.22676115618342,-15964.4825374359
1.70527932322516,-1.07828325771352,0,-0.55025040968355,-0.7818350845648,-1.05480704813832,-0.309087248485667,-0.629421826390616,1.70527246683724,-1.07828325771352,0,-0.550239617481502,-0.781834446761274,-1.05480445706149,-0.309086849858461,-0.629421587214293,0,2.41568086107097e-05,0,1.27560705535101e-05,-2.48797651267741,0.0907603802367115,0,0.0964405333358387,-0.386449351855374,-1.5785316002215,-0.578492107255215,-1.28462224169072,-2.48797583501116,0.0907388505555164,0,0.0964451972741351,-0.386447278993909,-1.57853171980966,-0.578490592471837,-1.28462080663278,-15926.2581484023
2.214856793416,-1.03849218345307,0,-0.660083707211973,-1.02688656442339,-1.14512968231088,-0.42854391300066,-0.434395749583764,2.21460886141894,-1.03848824282711,0,-0.659871715577451,-1.02683278011448,-1.14507229346599,-0.428551206669986,-0.434399665152965,0,0.000166101143033834,0,7.1415738581095e-05,-2.70764835410895,-0.147205105744181,0,0.185841812202868,-0.221660614290854,-1.49990919087449,-0.766295287701791,-0.963925158398194,-2.70763852209501,-0.147774556646188,0,0.186211877963175,-0.221542137544282,-1.49980089357663,-0.766315324398211,-0.963909130778258,-15838.6603922958
2.72946712985767,-0.94692182131758,0,-0.606882198967708,-1.36618548631818,-1.21671061681758,-0.252992049839736,-0.327159355736251,2.72003672739696,-0.946800616247257,0,-0.599509519460739,-1.36453073690313,-1.21461962907795,-0.252906187848015,-0.327291414338505,0,0.00750545004380823,0,0.00300216976519925,-3.05568977636943,-0.260332183490017,0,0.304646426026143,0.113341785674007,-1.2135534568934,-0.401249919763519,-0.833931086592882,-3.05540556348733,-0.279398984972707,0,0.318567147004061,0.117280523350448,-1.20918977496418,-0.400932064118027,-0.833907194135264,-15769.0968845855
3.00762919345519,-0.722048960475559,0,-0.414748779796471,-1.81008915716831,-1.43905919440291,-0.18604319157091,-0.25324534138713,2.72425321481846,-0.718129989841619,0,-0.210363625239025,-1.7692338932165,-1.37704230289013,-0.206463324233352,-0.25944285874634,0,0.209743530703484,0,0.0828823572499149,-3.34532212392772,-0.0495524072196301,0,0.0198113331315371,0.352649037360312,-1.06580941807993,-0.325527679153245,-0.814282094339893,-3.33681600100935,-0.589028717139041,0,0.384738391967647,0.441413050982557,-0.9376962006558,-0.363041045267893,-0.819485722607044,-15211.1020915748
2.91429918070437,-0.719993403496529,0,-0.385072127748688,-1.79215737103534,-1.41639641299112,-0.193721024189266,-0.25513619571507,2.4493059838815,-0.711356267134325,0,-0.0898105093905733,-1.71871335369991,-1.28515753397291,-0.242841052917226,-0.269744555348595,0,0.350853630206323,0,0.124778527837194,-3.34091838958087,-0.208334108685699,0,0.0624176255404281,0.38248208815428,-1.02194462190897,-0.339415054397185,-0.813953891607985,-3.32228980308973,-1.06128474790999,0,0.546613998831406,0.533426819717898,-0.752071780827855,-0.429451581214382,-0.827134088761216,-15059.7490631796
2.90341989741553,-0.717529742830837,0,-0.387556480065922,-1.78615410106044,-1.39325509058375,-0.213321073049264,-0.261267787352191,2.34053787312658,-0.702767357818962,0,-0.125575853425961,-1.67645867264455,-1.16873691959203,-0.291686442948871,-0.288398679997186,0,0.299872361023817,0,0.0543916222948921,-3.33557691522406,-0.187786380107875,0,0.0331818205604503,0.382923751935552,-0.97651665508333,-0.377356501192104,-0.820463608215172,-3.30371198517167,-1.20575699426154,0,0.378015369511302,0.609008864084975,-0.516150184541946,-0.513535228354076,-0.84502632917895,-14756.9884179754
2.95798215711333,-0.711308970532717,0,-0.391574010860633,-1.7957842870566,-1.34631149478206,-0.268218088696463,-0.282408518257202,2.11521588608985,-0.678519653235496,0,-0.0587552979918199,-1.68515857101681,-0.867221903334651,-0.421293475325551,-0.351581841173075,0,0.0453280488587698,0,-0.208896838698373,-3.32200276669918,0.0401947823933803,0,-0.0360029362384848,0.324454604112508,-0.885480023552668,-0.482044611572549,-0.846723727233189,-3.25093715273936,-1.48356983247312,0,0.289898804485958,0.533811915554726,0.100924783877183,-0.732449107048409,-0.913295400978508,-14236.4256017576
2.96173279713923,-0.70925935759577,0,-0.390847972385293,-1.79364009655871,-1.33785640314102,-0.275545274457617,-0.288666433007923,2.05761003639398,-0.668659151418142,0,-0.0270469145660319,-1.65872820629779,-0.870435121082482,-0.434820922271805,-0.368819231200811,0,-0.0864588803782268,0,-0.314153969866398,-3.31748064113932,0.0660715174399406,0,-0.0500718798766486,0.321591882803074,-0.868647719737434,-0.492688811092742,-0.852697927050979,-3.22929116646811,-1.55488071002164,0,0.280203070373678,0.571755497594643,0.0950338302649689,-0.744289195909534,-0.924101106983708,-14165.4684396223
2.91500462038402,-0.700537185762804,0,-0.372704809207135,-1.79525661665908,-1.31848531384861,-0.278607313719565,-0.307388059175348,1.96209140882944,-0.629606562722751,0,0.0255888176658971,-1.69257789070799,-0.894257072618253,-0.445786029000726,-0.419452460992134,0,-0.148135185936821,0,-0.380214723837433,-3.29813666722386,0.00657705351040026,0,-0.0681344703210929,0.292270084311533,-0.8284060200655,-0.478599467416386,-0.859441698825128,-3.14303587773318,-1.61292216759763,0,0.157148836758384,0.403673446232486,0.0531465225360042,-0.704606878056418,-0.933455050700526,-14152.2178037067
2.81523437856282,-0.64442422865517,0,-0.195789513373348,-1.75041601648871,-1.20600812452076,-0.382718729541815,-0.453105847304487,1.63737027068185,-0.372948697212641,0,0.577429361339852,-1.51037510664845,-0.976136500485724,-0.690973198763591,-0.792225382000508,0,-0.0517243156395051,0,-0.391457949181427,-3.1726970858856,0.0931931346888835,0,-0.0929710943913208,0.198763553576443,-0.592046831761527,-0.550004074545845,-0.936579417066111,-2.57213891746973,-1.44775969349365,0,-0.149133119911894,0.233468101893809,-0.118822566862553,-0.77217525339273,-1.07682758287575,-14104.8677342934
2.77575627027496,-0.623155625847973,0,-0.126575919486845,-1.72511886312449,-1.16520456329486,-0.396962005638494,-0.501619662769613,1.52056977509968,-0.258932509140845,0,0.796435840644088,-1.40124117708604,-0.964044466795167,-0.718375442261544,-0.898175038385903,0,-0.0559568165311063,0,-0.379299352846363,-3.1240583110413,0.111545725556252,0,-0.103034659107068,0.173966020945511,-0.504864705925443,-0.515230316287652,-0.935866299275124,-2.31007293198186,-1.35097097577313,0,-0.229664676448371,0.206649882193649,-0.0956830499391768,-0.642060083722016,-1.02410603185838,-14071.1662988639
2.77011531907513,-0.612310651626467,0,-0.0931093647824798,-1.70327339633709,-1.14763887561559,-0.432234869039591,-0.52281757130834,1.44236261829152,-0.20023708280718,0,0.87239819075112,-1.32344749220614,-0.958357900160679,-0.775390591126232,-0.912040257549423,0,-0.0595594800708988,0,-0.361777491619005,-3.09729899577136,0.13842166138545,0,-0.111881410258178,0.167469099758217,-0.465505220170158,-0.539362593609491,-0.906724813372183,-2.14769534743628,-1.31159542412665,0,-0.263674912661247,0.163419526320788,-0.116022895154059,-0.627905735507982,-0.868059652742885,-14054.5091025839
2.80113204583095,-0.599979889958915,0,-0.0599729706219787,-1.635332015268,-1.1397181760703,-0.538341387684633,-0.680251768016448,1.30446773840321,-0.22490368875019,0,0.791936145615387,-1.10526698289989,-0.890022483646231,-0.852170824592844,-1.09445929862524,0,0.000314654549666907,0,-0.410347411864329,-3.05623017417207,0.187676673142519,0,-0.123314232091676,0.196494702774722,-0.437803355118996,-0.638833871896361,-1.05854541946806,-1.96031425347973,-1.26645481684937,0,-0.236567211544877,0.0562429018931777,-0.166123166151856,-0.479567813644225,-0.677422922759269,-14034.4763673687
2.71753257563944,-0.561471422144396,0,0.0715062025681961,-1.4338413078677,-1.12097003972016,-0.904651830955531,-1.19837833171293,0.958635050915093,-0.435144236550818,0,0.629263504093647,-0.444968863307893,-0.630736935268577,-1.2198865335666,-1.77089008698122,0,-0.178768599418701,0,-0.33602516428474,-2.92165346247341,-0.0951631487444728,0,-0.122054959527715,0.2983863651235,-0.346753522378183,-1.01624703405553,-1.60117528306668,-1.49141208428986,-0.928806967102492,0,-0.068976723237671,-0.249927627870574,-0.20434832785318,-0.200240730547958,-0.0678254690800372,-14017.8946748434
2.72629891660182,-0.558333362635041,0,0.07967263530094,-1.41527146863449,-1.12984259988226,-0.938851660865847,-1.24318771646906,0.90639932530111,-0.482178195281757,0,0.629865938802856,-0.387768879391096,-0.615688332530295,-1.25350531276768,-1.85525172411745,0,-0.217463700882595,0,-0.269218956120598,-2.90746714925811,-0.084212039249445,0,-0.151202990495709,0.323866996356012,-0.354924886926871,-1.04714075435949,-1.64157017536618,-1.46722052892695,-0.917096198999492,0,-0.0709530569158986,-0.282273454152949,-0.214044290225633,-0.158432964281178,-0.0120623093212085,-14012.5206399424
2.74673745020668,-0.559799472772732,0,0.121597394761085,-1.39248912274115,-1.16468017558023,-0.979817145186633,-1.25088976314001,0.817929217915549,-0.633600806939368,0,0.654073799032891,-0.295760746855529,-0.610094385174198,-1.32199326128953,-2.02835998341174,0,-0.215857113181694,0,-0.290368251937089,-2.88652785731084,-0.101164135470514,0,-0.183002658587232,0.444146315695085,-0.388496954257941,-1.04917033828649,-1.55268613727726,-1.45938671901017,-0.857436936344199,0,-0.0728181705329549,-0.334222167787486,-0.204689532158127,-0.116099790648423,0.0583179976336499,-14008.4023522299
2.80275378423594,-0.570748077462829,0,0.281518055600236,-1.48712904513748,-1.25787220999445,-1.07213468891382,-1.25263186196577,0.552886145010557,-1.12371651397259,0,0.669176929705392,-0.0278136918626602,-0.61387817079368,-1.50663865893693,-2.53798949143021,0,-0.204451072688268,0,-0.330834681432511,-2.83315516308298,-0.117161296478689,0,-0.173507542307158,0.401310552446859,-0.456248733049492,-1.00388018684933,-1.25985502046492,-1.46229882142503,-0.71588598263107,0,-0.078751034135819,-0.424290640501112,-0.18930106923755,0.00285156045395321,0.269548754579296,-13993.2576383876
2.88989561708856,-0.583229879623678,0,0.309974794080111,-1.59121935285514,-1.3128973658078,-1.07642697881174,-1.26285924279832,0.422043628424568,-1.34555970462677,0,0.562035244462544,0.0529445412744552,-0.634823701000865,-1.59520733191451,-2.82996538634298,0,-0.217480968074909,0,-0.32009738043077,-2.80504477241025,-0.162619290494032,0,-0.267118482483375,0.403813739662186,-0.481534967334949,-0.88184403125491,-1.10494334944911,-1.28901898977653,-0.657084874392648,0,-0.0183535563179332,-0.441204004983211,-0.174472462026032,-0.00857073189354749,0.32855562312733,-13984.0384554447
3.42557211347839,-0.674742155180366,0,0.812228401647738,-2.26960297564387,-1.4913114524474,-1.11624906232839,-1.50863921560578,-0.134801840251981,-2.53721588214539,0,0.282381645120327,-0.420731683762181,-0.915763983681834,-1.80443991783624,-3.9645419821691,0,-0.237416139427035,0,-0.3553253383571,-2.69117412019624,-0.216753941848646,0,-0.103222452821252,0.76748771982264,-0.362952599263278,-0.47596447856107,-0.896128908370058,-0.426560797088609,-0.449955672012331,0,0.059660765873162,-0.227232395746334,-0.0363898582268828,-0.030297998251697,0.884907637695283,-13967.4319307451
3.4327752806589,-0.693715093516974,0,0.871199440660519,-2.36735406773803,-1.5024688015825,-1.16824849073268,-1.55564019859729,-0.248612275283018,-2.79291498130778,0,0.255284802645569,-0.568238156582891,-0.990648887894106,-1.83705448133573,-4.0852376941265,0,-0.20184449024652,0,-0.398905260812986,-2.66753927301394,-0.228077030546007,0,-0.240362026555009,0.779489797739297,-0.291687230232082,-0.49447947957793,-0.854748635785087,-0.284253989671931,-0.384941754956135,0,0.0962947840403969,-0.148754259193172,-0.00324330643927199,0.0142627440519855,0.969247458773295,-13960.8135398054
3.41510198558805,-0.72419837156686,0,1.0185931418291,-2.43805208345647,-1.53290893423562,-1.30328462124399,-1.59291605476249,-0.442349541747908,-3.12797632770875,0,0.122061997706272,-0.769714684045651,-1.10291718799399,-1.87487635899173,-4.1678041686172,0,-0.212556017013741,0,-0.397392811934273,-2.63301071290474,-0.221137572795992,0,-0.306638321960599,0.806659418438846,-0.219648239131322,-0.629075949813452,-0.695970039887502,-0.00679393900189257,-0.291865167735915,0,0.169015991884309,-0.0546950178191356,0.0515882798707579,0.133108171233434,0.941304793128732,-13950.7195857287
3.31825917437648,-0.754690987489855,0,1.28873714467252,-2.24479683276362,-1.65931244435024,-1.34398807363404,-1.83445448774697,-0.808607374490476,-3.53191117800615,0,0.0060563685815228,-0.845351005932896,-1.37089838627127,-1.88867052095964,-3.92984959806757,0,-0.224254817863081,0,-0.426848677206755,-2.53032032166103,-0.153814590132768,0,-0.37038046167002,0.762645985597246,-0.31507114191108,-0.464513229044376,-0.688786216918631,0.200045992892474,-0.111675879915058,0,0.221858056405255,-0.0121569431791124,0.185418299411685,0.0910240660546318,0.860312938384698,-13938.1956424247
3.72953823751958,-0.793967329436446,0,1.43103374588046,-2.06474979714461,-1.68143833680747,-1.46310604873671,-2.13524006238966,-1.21860991117094,-3.84042953065791,0,0.00872255671792407,-0.857500760491757,-1.39068738051476,-1.86319339331544,-3.53489464597486,0,-0.23869883298731,0,-0.430505512718846,-2.38345784181667,-0.302079089461225,0,-0.426923381375766,0.685811375837752,-0.187761259242134,-0.356642453204561,-0.606491303228848,0.225226330208994,0.0892536792935657,0,0.234865990484805,0.00345818748672719,0.196658055490582,0.0912690614912929,0.693665895078518,-13926.720842351
3.99898816224822,-0.869562734750004,0,1.51546354483377,-1.87697408893961,-1.87071631959061,-1.57569687896737,-2.31403158381603,-1.4580241125001,-3.96565987663574,0,0.121642645193387,-0.971293431183105,-1.19483187875302,-1.74994998266363,-3.38424004733319,0,-0.217172748132186,0,-0.49647128769721,-2.32468779810325,-0.458182302637578,0,-0.490475990773021,0.526130416850294,-0.501263501782607,-0.406700278931129,-0.568762551333714,0.341356199663156,0.199547347213552,0,0.182154390275978,0.0825017639083038,0.139676955604267,0.0718837460442114,0.63121440280768,-13919.5310431019
3.97964216095937,-1.26144935231976,0,1.83882623909495,-1.31216216092177,-2.01217819757427,-1.6562606578923,-2.57427112779984,-2.62931969290045,-3.85881301353418,0,-0.0496034446258597,-1.19383010031883,-0.639874860782097,-0.949756654877692,-3.6231620868205,0,-0.271110335421279,0,-0.513917941763156,-2.32610849522043,-0.425852008005643,0,-0.58475025629658,0.345571421639874,-0.534994504330153,-0.478599292497051,-0.322066685878794,0.184777152913943,0.7914333537906,0,0.28241427479547,0.190444806370328,-0.119699252714169,-0.214247985639648,0.710985909211186,-13917.3056816732
4.2721490272072,-1.79027306286455,0,2.03029839135171,-1.00172751024656,-2.26692167445504,-1.80234849285139,-2.75617754874967,-3.0819912374351,-3.57651039477036,0,-0.100019883331359,-0.943601677426342,-1.36149318558211,-1.07516948433145,-3.8963983159293,0,-0.287869847271754,0,-0.561062247717417,-2.52787175347099,-0.560109138258706,0,-0.670330388849608,0.175257818094062,-0.61209110095329,-0.762268355114212,-0.251470275522275,0.0855161945501021,0.969712414027882,0,0.302138344445017,0.115559478320963,0.272142843515211,-0.0184506844900493,0.811614809980155,-13909.5504680753
4.26558875317955,-1.97201523851079,0,2.17459159128946,-0.940836251180753,-2.33006477180262,-1.77317587221174,-2.81811374748509,-3.16267399808876,-3.530382551081,0,-0.138975133628864,-0.933563220001991,-1.35552683844994,-1.47999124672362,-3.89808450634705,0,-0.304104756439048,0,-0.572354807864598,-2.62402400965788,-0.54056157184219,0,-0.701239909701806,0.163421725477347,-0.615032356553872,-0.688770145843845,-0.245341416517348,0.0584119471541082,0.989748657814637,0,0.311179337019916,0.113906462501718,0.275812045464919,0.155783067056523,0.805197717616261,-13903.6121827403
4.26644739460891,-2.06584764168211,0,2.69047008429122,-1.07368267832074,-2.38352723276797,-1.8208361232494,-2.96758272030789,-2.93791710132911,-3.70015972362567,0,-0.17743203802795,-0.792338625674387,-1.33499938503193,-1.50578710316238,-3.84466450390635,0,-0.337759204431683,0,-0.563016419729927,-2.63881747507922,-0.548446280198576,0,-0.894153073657149,0.204314517344335,-0.597493144023257,-0.61863166137309,-0.213911969563115,0.152786639730988,0.855190006940898,0,0.312885508392973,0.0507745906167959,0.267835998605513,0.148480829175335,0.782145362330597,-13898.9411041437
4.4867299349101,-2.27230814953923,0,2.49132105313737,-1.63207282779235,-2.99677384735733,-1.89242360337705,-3.67065936691004,-3.72995636257356,-5.5729577975504,0,-0.705853028829536,-1.00236218093073,-1.79396839292648,-2.40066602105969,-3.51171080754278,0,-0.403488997581327,0,-0.622869099424276,-2.13561132594042,-0.68668427441364,0,-0.653531266597731,0.31413639838865,-0.996961734944792,0.0274230139665569,-0.241423650403886,1.09236213509522,1.1564868809294,0,0.464069063722848,0.178976581561453,0.455501881511906,0.334667175514986,0.735742556018921,-13897.5123952176
4.38965466190167,-2.26188161160276,0,2.61613218303631,-1.93580888222881,-3.13720070008565,-1.61819266306857,-3.82337334008783,-3.8526989309907,-5.27679101185918,0,-0.776720189132266,-0.993259847839006,-1.76565347496999,-2.47531644813409,-3.50446076526838,0,-0.410822629313028,0,-0.642117716400887,-2.00897792843516,-0.670379068923092,0,-0.715645204247203,0.400662812128227,-1.12270973852122,-0.185354428497395,-0.185343099550197,0.921066333917841,1.2086322325663,0,0.494683274676809,0.187521267981726,0.455806495483013,0.394204462952877,0.735924076689033,-13892.5537877487
4.19413361724324,-2.28793659793336,0,2.50914081069419,-1.75977033799574,-3.16232941336843,-1.43779560011131,-3.91155621690671,-3.54505195191208,-5.049429870288,0,-0.719369190166721,-0.94896559392329,-1.60435703889855,-2.38048899439084,-3.67836398354729,0,-0.438594284811326,0,-0.625772178942842,-1.93868397790208,-0.563012912705857,0,-0.661313280351236,0.381793490286326,-0.994667001410583,-0.306574202902323,-0.0591603299598678,0.822505037700862,1.03298422935594,0,0.465941682101014,0.157041856654324,0.385383110630334,0.372388715558549,0.789675224587741,-13887.5278412008
4.19224952721958,-2.39845672579128,0,2.72360665638512,-1.68353793412146,-3.30551938840043,-1.54029938357314,-3.99774655751074,-3.63010976730984,-4.88316417895197,0,-0.767235039963838,-0.987630768155375,-1.53829336780099,-2.36765111510742,-3.77484862326861,0,-0.463459529993406,0,-0.630185786966191,-1.88509312348105,-0.57307611988201,0,-0.762329261273738,0.339114422441544,-0.998872536590404,-0.273204709211238,-0.0106308590056297,0.732134452528665,1.0586176699202,0,0.484709233607177,0.180123125536782,0.364440894589557,0.389086171788571,0.82655912498495,-13884.6189432151
3.59611824218405,-2.91373654254058,0,2.30678283649581,-2.43446486915211,-4.1449966527934,-0.919408713669008,-4.30432785619394,-3.83919521812022,-4.33547457132021,0,-0.663214097024182,-0.503572658742165,-1.06974406205241,-2.08509604852727,-3.61185374087605,0,-0.559959087696181,0,-0.670625250109824,-1.35092408678784,-0.407341980937104,0,-0.664209557658846,0.541778944609166,-1.19413515217513,-0.767435528975927,-0.0947754201237677,0.505074443698739,1.10149044462645,0,0.425412703449526,0.018621875423954,0.197810997069749,0.384401593460685,0.790696133734989,-13878.9106217541
3.4157333837566,-3.03920357846944,0,2.1462705454428,-2.42907075829811,-4.46820647433982,-0.739956350999913,-4.60763648592999,-3.87069584702252,-4.03892959643982,0,-0.7509544765754,-0.616563842524335,-1.05426831850103,-2.12784462460043,-3.75097432355855,0,-0.604607948171531,0,-0.699941022016251,-0.963682323290844,-0.352437062615581,0,-0.566695919677727,0.522446610235637,-1.27716066075829,-0.861324599806902,0.0409321374270625,0.346953866434202,1.07288887952673,0,0.446435938535793,0.081997556098198,0.210684709917577,0.428444028075892,0.857486499936118,-13875.2243534737
3.33116020513589,-3.20494779632008,0,1.99311369895124,-2.48347850708969,-4.76560644827956,-0.540379907184283,-4.95194123211894,-4.12718506036618,-3.9282552723352,0,-0.811113382062068,-0.707858550521215,-1.09828054297821,-2.12873258444764,-3.81180362532647,0,-0.646755431382806,0,-0.723391456723404,-0.541283394141797,-0.356060580788112,0,-0.501911396239495,0.502795641264814,-1.4238596748126,-0.965417841085644,0.161540086265122,0.27996172008498,1.17228515177486,0,0.462854991625745,0.141183490329779,0.254155536897062,0.441970745573325,0.900174477527815,-13871.9855639056
3.29436850413267,-3.24585344322665,0,1.95631849769203,-2.51875442204405,-4.84882058021814,-0.526870540833248,-5.03437895932738,-4.19841318053258,-3.91651314613164,0,-0.834883727177837,-0.725704990234909,-1.11180294594828,-2.13551038947162,-3.82086432194688,0,-0.658890273682289,0,-0.732265360949108,-0.354824750447461,-0.350260367480941,0,-0.485909340406218,0.506721182862006,-1.4694016059063,-0.976350700565546,0.184524164175123,0.267626416523845,1.19808732034392,0,0.470468829602713,0.155389868015197,0.267840084553305,0.450503417040142,0.910860125854047,-13871.1609972082
3.16161262328717,-3.76400932545918,0,1.74279549716554,-2.5928802917909,-5.20712991418835,-0.564939806568931,-5.52489305949046,-4.67095264564507,-3.81110707090909,0,-0.928076756701797,-0.863248066107809,-1.24742832685345,-2.16185641188366,-3.87551720546157,0,-0.715943413899861,0,-0.773963860781692,-0.0285002551363552,-0.341800222565217,0,-0.400949534244525,0.49309339581195,-1.70450910411551,-0.970839806108732,0.326182777523808,0.171280046845707,1.38875523235052,0,0.497423942537769,0.244066662616204,0.363770257314804,0.480284063879542,0.967042313958551,-13867.6013575025
3.00315761639833,-4.36822693198202,0,1.64058826867799,-2.58290784577414,-5.9690093303631,-0.807854628513054,-6.0984299428848,-5.76573921998238,-4.03070046123631,0,-1.17160392539768,-1.00328783349969,-1.48780758136546,-2.20287601273133,-3.85860596240439,0,-0.832831419010697,0,-0.870006152027288,0.0682425979337137,-0.335313666497281,0,-0.334372930518002,0.466020782020283,-2.07042953771624,-0.861818482010808,0.294897000451576,0.25856249623526,1.83065918629883,0,0.571816386452106,0.353102117644997,0.536396881907449,0.52653021912572,1.05171392809127,-13865.9742365275
2.996504742017,-4.36103771683673,0,1.58884719696224,-2.44080058703214,-6.14243219481108,-0.958734130553862,-6.22535078778809,-6.04163704331341,-3.99113686701514,0,-1.26066094019697,-1.18034150546223,-1.61585927527162,-2.23309415847899,-3.91695801929047,0,-0.849254347592546,0,-0.897191790714427,0.217672180803378,-0.352089161314811,0,-0.3363413258328,0.408431755062445,-2.17969585735311,-0.793901539006972,0.301109397008023,0.214336816994085,1.94749933935159,0,0.609246944306289,0.443473770901858,0.614407005777431,0.547831837379631,1.10451015864446,-13863.1864490684
2.94638992447347,-3.39767788721997,0,1.56537060233069,-1.79437964461598,-6.22766729445315,-1.27463205012495,-6.13738551498084,-6.20461641741496,-4.16121244917114,0,-1.44415372396754,-1.43969764461747,-1.83363467456547,-2.25307172002019,-4.01111494641758,0,-0.853716306148605,0,-0.927641914884057,-0.296700432707507,-0.296287936654887,0,-0.345624659875434,0.306211321896501,-2.16073919999789,-0.501361769015178,0.195114127377015,0.280058715939171,1.99863586742819,0,0.684569019120302,0.537753327855427,0.722450406336628,0.524490928377753,1.18031022904124,-13859.8179336121
2.92867743572323,-3.25768201834736,0,1.56176825393665,-1.66920164881318,-6.38031783898699,-1.28363854118408,-6.1615187392667,-6.3411741019519,-4.26578984923247,0,-1.49616337126352,-1.43201650853988,-1.80217861411028,-2.27646228389312,-4.03551103329731,0,-0.876355319610188,0,-0.942235609605051,-0.202558027286415,-0.297028645084677,0,-0.34582040573977,0.278581615272543,-2.18831456616586,-0.482646130824398,0.163484106149243,0.320980048112639,2.04841820265781,0,0.702732183578509,0.535658747044638,0.717185838832819,0.54325903549342,1.20556673282116,-13857.4161022098
2.8334423208382,-3.29889235906362,0,1.48817703758211,-1.54838626135923,-6.86475690568273,-1.35303849381944,-6.42151372864345,-6.81682169118628,-4.46648938785492,0,-1.62808069745697,-1.43874874557371,-1.7453906456313,-2.36355890363169,-4.10575021850409,0,-0.944913533206315,0,-0.983657529963165,-0.116531008024674,-0.302696793528967,0,-0.336959417423432,0.243911379066523,-2.33849826579441,-0.455836875434661,0.149877809729045,0.405972304806411,2.23289507980812,0,0.747792025889738,0.551136675114493,0.725075762534499,0.614587671830564,1.27535211502406,-13852.9755180731
2.87182831819224,-3.46523437257703,0,1.50881000828961,-1.2981209364622,-7.30930655193109,-1.28293884215461,-6.61333012838417,-7.36227091820963,-4.71637247146043,0,-1.77432650752093,-1.46850286312283,-1.70878720859775,-2.46951419602268,-4.19146652177036,0,-1.01300218679114,0,-1.02899353799333,0.0231507931381921,-0.332654290555763,0,-0.330319649677041,0.181235932890439,-2.45534287133853,-0.444833635629594,0.12058833233138,0.516188233693677,2.4373092686449,0,0.792051308527948,0.572410476201652,0.743231480185614,0.684859928240971,1.34834073318457,-13849.5148926368
2.75745682858834,-3.58386697477433,0,1.4632074023812,-1.37237115587743,-7.73538528498317,-1.28123087744157,-6.89793779936527,-7.75772835382359,-4.91461323364895,0,-1.89763306798172,-1.45013662444026,-1.64987851395356,-2.56309629081985,-4.23836128921948,0,-1.07499669280553,0,-1.06393928340456,0.0383976968743862,-0.313779823794768,0,-0.321688348531333,0.21068534521457,-2.58235332430435,-0.434618022225511,0.130140758885366,0.622208406668797,2.57779702506156,0,0.8308774226318,0.575684647450492,0.748311408600735,0.751226107025322,1.40055645934313,-13847.0249899441
2.52221127858863,-3.46222498472387,0,1.18101787723563,-1.45141000863963,-8.81435902285501,-1.23284608481465,-7.53855626971012,-8.75416713251908,-5.49349788044726,0,-2.1421676022023,-1.37957964979633,-1.42349151350222,-2.8482385068603,-4.32213565180974,0,-1.2253594218582,0,-1.15729047110816,-0.0921736698689164,-0.25111497303587,0,-0.194219072024266,0.266555295183574,-2.8324812412813,-0.363135530095343,0.120625150691504,0.919114075928337,2.91641628283688,0,0.891314218233884,0.561519117716662,0.731060328151526,0.931191577568208,1.5155560991326,-13844.5937412988
2.5547922560746,-3.47980219802935,0,1.30564034137715,-1.41553266262594,-8.9704488054252,-1.18664969618174,-7.644826872706,-8.91236438101732,-5.67761361714466,0,-2.23624397343516,-1.36479708796308,-1.3988538455796,-2.92503714919688,-4.36113941540795,0,-1.25439829825446,0,-1.17040164040722,-0.0878487798131319,-0.266192059901743,0,-0.250825434168996,0.255725503197516,-2.85295801549125,-0.386396827418498,0.119603022286862,1.01883548273382,2.95799799764561,0,0.924837070100942,0.553553850141751,0.735422934093307,0.976115436032879,1.54459833962799,-13843.2327462042
2.32842816744197,-3.62832420056067,0,1.20913054000161,-1.21523654764058,-9.27955720898201,-1.3666028081549,-7.94273003596177,-9.04002737220413,-5.94815158658874,0,-2.34779976033593,-1.32875180921209,-1.41247234218684,-2.98273420696902,-4.3236411847527,0,-1.31429147869071,0,-1.19885102837706,0.0262242973045852,-0.173631185563018,0,-0.235368182226406,0.21417857275435,-2.84629424114312,-0.373481835049375,0.102133853312975,1.1573662884617,2.94848215313437,0,0.962173000061945,0.519347289353103,0.780252766597135,1.02891734240869,1.56966243621031,-13842.2008826941
2.33894160065902,-3.64771260604923,0,1.2099061492748,-1.35377092906581,-9.2390989592084,-1.3558804748068,-7.95616653923702,-8.99310768806512,-5.98860797615468,0,-2.33058168904767,-1.28122831427754,-1.40702235437801,-2.99992951139789,-4.28937156194992,0,-1.30698271801133,0,-1.19709757261417,0.0448786734332654,-0.174307270957466,0,-0.238128111303418,0.241363824899455,-2.83818070563016,-0.391225316281971,0.104658778672428,1.17864494652049,2.92469385643827,0,0.956112650011829,0.499899891718625,0.780460337548984,1.03913295084366,1.55532703399284,-13840.9941408582
2.39189837098043,-3.65217447255232,0,1.24645356110618,-1.30522850257518,-9.29394654159531,-1.26320504091123,-7.96428220556517,-9.10731631487813,-6.05911891136989,0,-2.35969696970052,-1.28423247958396,-1.43266680650347,-3.02741453817546,-4.29373713527132,0,-1.31221737905105,0,-1.20504787235567,0.0122176065614034,-0.19825239954685,0,-0.254497321735696,0.219313166699697,-2.85321540362894,-0.401288336809954,0.0785841688597316,1.21365058724694,2.97492251529525,0,0.967092214288232,0.502572707827925,0.797131447145481,1.04832640477919,1.56717201603354,-13840.2445355307
2.39078861251577,-3.61152229449093,0,1.23861827850301,-1.3253402779864,-9.43295975400769,-1.27909412831157,-8.05885506372688,-9.32918127926401,-6.14648420980247,0,-2.42408360052417,-1.29514948215349,-1.47575543285153,-3.06907233771826,-4.30058339544341,0,-1.33208103472026,0,-1.22405124981649,0.0173784758614685,-0.201888707715249,0,-0.248911524212544,0.225810297843085,-2.92269510829385,-0.355007290567012,0.063651817062876,1.24776007639533,3.06133884461285,0,0.988218445470209,0.512586331916164,0.832973902602126,1.06735826131666,1.58820882374378,-13839.6352617059
2.39487406661851,-3.62126761178824,0,1.22028935497886,-1.32226346961784,-9.56195191877292,-1.30873069855878,-8.12928397710913,-9.51788971831196,-6.23267508500349,0,-2.4658540553867,-1.29138223116409,-1.49356056375515,-3.10399524658408,-4.29905061796664,0,-1.34961681862869,0,-1.23866473305808,-0.00397270661570254,-0.208047202129462,0,-0.239983130378554,0.22358273103503,-2.96914265935005,-0.345151724188431,0.0417468973286148,1.29330232994389,3.13384001978082,0,1.00091734380522,0.512905542831966,0.855569369248957,1.08997682355653,1.60204032181357,-13839.2648033676
2.38328063394246,-3.65372628822287,0,1.20533497753777,-1.32234284924963,-9.66118744911434,-1.25280762437463,-8.19966663497898,-9.6417605276387,-6.29893244406454,0,-2.50324203080221,-1.28743039141504,-1.50666470449261,-3.13036063973559,-4.29846956883238,0,-1.36335997950064,0,-1.24970740721353,0.00627914505018137,-0.204931945632335,0,-0.23323806983475,0.224448336133839,-2.99989559449569,-0.356794598746094,0.0341601547138259,1.32491011320873,3.17829761477872,0,1.01237317704743,0.511865934377253,0.871817231696809,1.10322432306933,1.61304840725541,-13839.0741661653
2.36206277226684,-3.59443278225539,0,1.15803846568425,-1.29634514174479,-10.0101480353787,-1.35719713977973,-8.40123860493362,-10.1551406132036,-6.52897330831189,0,-2.66459337826567,-1.31007588102099,-1.58509405667857,-3.23238139395389,-4.30570897576671,0,-1.4101550644295,0,-1.29195880558927,-0.0230541401479573,-0.202545503506501,0,-0.214636427213927,0.224381567983326,-3.13182888456097,-0.266173202331247,-0.0255055772493409,1.42498569528303,3.37135774576079,0,1.06611433415241,0.52016986945484,0.949722383605169,1.15484063887897,1.6588717898114,-13838.9098403474
2.33992691668008,-3.65682084177695,0,1.14642678973621,-1.28191946007842,-10.0991441195228,-1.18976050041773,-8.47339090509675,-10.2313687707041,-6.5406410745915,0,-2.69993940535583,-1.30823295315903,-1.58663390615814,-3.24847707366013,-4.31650022299783,0,-1.42474754605575,0,-1.29752137929728,0.00542701558691864,-0.196335447598339,0,-0.20973080459575,0.215716926311331,-3.14792543988383,-0.368773019790534,-0.0208448743879776,1.43287426347493,3.39206565667478,0,1.0765537488114,0.518833782716863,0.956588114688612,1.17051751066547,1.67169305555808,-13838.8066637381
2.34040637860638,-3.70382350219889,0,1.15758149693052,-1.29118332206363,-10.0078145901055,-1.25114168538615,-8.39463479920024,-10.109172324701,-6.46394005755861,0,-2.67955272823309,-1.31546064225205,-1.57069457993857,-3.22911576686772,-4.32424303486571,0,-1.41090332705786,0,-1.28614773041241,0.0217749678510272,-0.192121437255927,0,-0.213231874528686,0.22163698038913,-3.11621633945281,-0.337532600234144,-0.0187108258015579,1.39317905790167,3.34628049514582,0,1.0705784022179,0.518466242034594,0.938696804486808,1.15636150231467,1.66309190883755,-13838.7363280502
2.34759479416668,-3.64331855374454,0,1.16540012946399,-1.27779451267927,-10.0113232491352,-1.27096754452676,-8.37772876277559,-10.1403457891868,-6.43331323461619,0,-2.71051542307956,-1.33851805079368,-1.58147581620571,-3.23894667544573,-4.34739040644311,0,-1.41198372788015,0,-1.28465650846305,0.00200428227226696,-0.1961653275368,0,-0.218226483047488,0.217696138891585,-3.12624268511867,-0.326428055754659,-0.0258464640247832,1.37040545371457,3.35992508306284,0,1.08275607561418,0.525310126081292,0.943134110625335,1.15973501696878,1.67292376263998,-13838.6900794723
2.35843850710271,-3.60118358254317,0,1.18030285967212,-1.23711071214433,-10.0467089362793,-1.28660530219578,-8.33368783694092,-10.2507331316331,-6.3545631573235,0,-2.81676670668338,-1.39830824956948,-1.61483262999064,-3.27705490050854,-4.40736151066439,0,-1.41824170545375,0,-1.28278227626985,-0.00443828576331037,-0.198806072516661,0,-0.222188689220127,0.20873753994328,-3.15388436294771,-0.31367337694225,-0.0559701270234907,1.31043776810713,3.40120205765929,0,1.12099376724182,0.539370082135859,0.95780713520648,1.17366894619027,1.69965788047038,-13838.5914707821
2.36414729099212,-3.59678601301272,0,1.19816649547601,-1.19964615103678,-10.1103331967552,-1.2650060148397,-8.25825101135621,-10.4150990917301,-6.21258519090023,0,-2.99925260538154,-1.47716898919944,-1.66499412721554,-3.33864750754739,-4.50067005410989,0,-1.42786642355296,0,-1.27980714538893,-0.00471590724578493,-0.201838434529016,0,-0.229485065176107,0.198891180760224,-3.20245434132297,-0.323834094873446,-0.107576784202369,1.20819999465611,3.46131042849691,0,1.18697319341316,0.553934335639946,0.978351301298483,1.19822134408204,1.73998137215887,-13838.4759966786
2.38857257194289,-3.56626510314807,0,1.22436752696238,-1.15980963936583,-10.1081104232436,-1.20604389610692,-8.15980457857838,-10.4799446852462,-6.12223997751958,0,-3.12640906416545,-1.51525671584433,-1.69646077757228,-3.37683442742847,-4.54666920767398,0,-1.42879347955455,0,-1.27513830710373,-0.0068470372913692,-0.207546987596817,0,-0.23523102873821,0.189619593463291,-3.22002199152282,-0.354325709115557,-0.151530731000162,1.13885534537251,3.48083179949596,0,1.23165663501493,0.552384497016255,0.985273699439651,1.21132898289561,1.75378299987087,-13838.4033818201
2.39662437679698,-3.59069149680848,0,1.24051975662207,-1.14260282801534,-10.1203325942905,-1.1721965366539,-8.0694750144923,-10.5127526194765,-6.06409746146152,0,-3.24280530295159,-1.51391915212302,-1.71193323237975,-3.4024680968774,-4.56409726460961,0,-1.43014910051957,0,-1.27510179002653,0.00342894239523976,-0.209592053046807,0,-0.239403946909008,0.184780572471893,-3.23631252069199,-0.371315119053192,-0.197597392727721,1.09028413654624,3.4843622971426,0,1.27187549408734,0.536378576340395,0.985525972286499,1.22035337902643,1.75507730394148,-13838.3198971865
2.42429467401009,-3.59894006401627,0,1.28252387040441,-1.12340920882277,-10.0698878144361,-1.09299715919952,-7.79163072567972,-10.4597558264031,-5.97437661979409,0,-3.49576245181628,-1.44347001061235,-1.71414669649795,-3.42007074586727,-4.54603714242835,0,-1.4234712216337,0,-1.27148106197263,0.0110218329190591,-0.215788692678049,0,-0.250904903107533,0.184033597416456,-3.24660968971128,-0.415050346151523,-0.316263156207598,0.999997690062358,3.43696748691222,0,1.35846183612008,0.464550226084535,0.961778710551846,1.2191422934477,1.72246566266002,-13838.112503858
2.45849885428794,-3.57601497737926,0,1.34447933988031,-1.09057030738041,-9.99060259529848,-1.04197978630669,-7.39084975559984,-10.2970006486693,-5.91968095249511,0,-3.84067781691399,-1.27920361654069,-1.68434215851119,-3.38833369730948,-4.47111014109933,0,-1.41321968420494,0,-1.27001422021326,0.0137413344312975,-0.222274147991375,0,-0.269111157200774,0.180864041489437,-3.24217702648146,-0.4436119254929,-0.486855775515329,0.910624194790137,3.32585959345644,0,1.47517037277081,0.335199855979474,0.912876956651954,1.18835446051453,1.6523953442881,-13837.831588971
2.48526304057987,-3.51337348853396,0,1.40673817575991,-1.08028588726609,-9.88764394150366,-1.02890329188823,-6.92779689912616,-10.0151120881586,-5.94342537802787,0,-4.24184538611363,-1.02384845372133,-1.60645611769364,-3.28009656978432,-4.33320328885593,0,-1.40251810261363,0,-1.26834599357155,0.00445575137342416,-0.223605962524156,0,-0.287995603612531,0.191512330942547,-3.22296451968926,-0.447892661597768,-0.687157746283912,0.851776321995653,3.14870824030118,0,1.61049739830033,0.155121719492616,0.837037251426163,1.1124795956745,1.54861318068338,-13837.4869172311
2.49185875935411,-3.42473851394291,0,1.46747318334726,-1.05481129895637,-9.84139707720089,-1.09557004325815,-6.52537275858608,-9.6530096679024,-6.0415911672741,0,-4.68463529956058,-0.736961537266833,-1.49329496910234,-3.1058583178438,-4.1722395562505,0,-1.40286383851048,0,-1.27244153168661,-0.00801140606894653,-0.217146207396464,0,-0.309027069035718,0.196191968360122,-3.20288822385021,-0.400970597428267,-0.875956669936081,0.828607829090816,2.9155734541532,0,1.76038599788212,-0.0360403930130488,0.753629976395284,0.998407349197943,1.44206494144154,-13837.0759015734
2.45238624749581,-3.39387341709923,0,1.46255168814029,-1.07396056708929,-9.89939260185011,-1.22244077435792,-6.54383277335458,-9.40609546001322,-6.21897801282363,0,-4.84791882307831,-0.617669017815547,-1.40332313665329,-2.96654199184583,-4.08261633507277,0,-1.4190752001331,0,-1.28142776910371,-0.013292132904132,-0.200327579527374,0,-0.311991223232622,0.208674877194415,-3.20245871175293,-0.319061059392933,-0.891196060590678,0.90212166675538,2.75720096834443,0,1.81729625741615,-0.0977042532226714,0.718105245459367,0.915338466843051,1.40666055565518,-13836.6118220117
2.45344668339348,-3.39450823275954,0,1.46302036458443,-1.07586988023066,-9.89939254946322,-1.22344630878982,-6.54381610559088,-9.40637941735583,-6.21881805235068,0,-4.8476287713936,-0.61651074357103,-1.40034310232057,-2.96852762687218,-4.0813166744199,0,-1.42137009246189,0,-1.27745493326492,-0.0143398533382761,-0.202107229283292,0,-0.30682261577415,0.206454595445383,-3.20245858660646,-0.322109153033179,-0.89111246856884,0.902714648569787,2.75351428136669,0,1.82290765928234,-0.089550786016387,0.723717203208719,0.909717035796886,1.41077537162047,-13836.611264754
2.45724932729365,-3.39540052984934,0,1.46072177737993,-1.07843833217556,-9.89939247126756,-1.22462528029658,-6.54379264625301,-9.40676072724965,-6.21858695038714,0,-4.8474386912813,-0.614831720215791,-1.39644400684696,-2.97104781627633,-4.07947519542009,0,-1.42476369475644,0,-1.271916788319,-0.0158074886562233,-0.199753568416769,0,-0.305772162047715,0.20372370111126,-3.20245839620609,-0.325930032035554,-0.890993336954094,0.903566983313166,2.74835614955279,0,1.83035022048878,-0.0778514664404074,0.731019605586403,0.902383470424677,1.41662454836737,-13836.5715216496
2.45759862606916,-3.39586228660416,0,1.45849501140088,-1.079245144446,-9.89939244054303,-1.22461105101844,-6.54377873723349,-9.4069813161675,-6.21844374289518,0,-4.84748905749543,-0.613808345590703,-1.39522876955156,-2.97178625165096,-4.0785213999875,0,-1.4261730906635,0,-1.26875891554568,-0.0165382712030961,-0.202158825012711,0,-0.307509216758331,0.204012014333133,-3.20245831133396,-0.326707738615019,-0.890924117084164,0.904081829417339,2.74538385773413,0,1.83427830921687,-0.0708906650689404,0.73312220223297,0.899702329639164,1.41976593072338,-13836.496722925
2.45770493470066,-3.39784603854247,0,1.4524543014052,-1.08935598574156,-9.89939183743915,-1.22032339327748,-6.54372183354546,-9.40782097700641,-6.21777746021005,0,-4.84761297008493,-0.612413535153541,-1.39351827454283,-2.96982160057232,-4.07549283713376,0,-1.43413694342547,0,-1.25784544026376,-0.0196478989098893,-0.208237937847879,0,-0.311648865069497,0.191458734974598,-3.20245740663002,-0.321438382384849,-0.890634191265747,0.906437174003279,2.73271797799565,0,1.85175533483332,-0.0455465473652469,0.734867110397514,0.899210564064875,1.43083444287708,-13836.3251850806
2.45515686233752,-3.39966930354403,0,1.45159143413727,-1.09670122717049,-9.89939095283878,-1.21467603470554,-6.5436800206363,-9.40847500770336,-6.21718549816451,0,-4.84892952614028,-0.613798971470514,-1.38765361635968,-2.96536623192579,-4.07570027177071,0,-1.43539073842363,0,-1.25118639794469,-0.0225633484702066,-0.209257246061473,0,-0.314199759980702,0.189415047561765,-3.20245600169526,-0.31308922871025,-0.890384953760215,0.90855956760229,2.72184384903311,0,1.86414657441308,-0.0266020557823442,0.745876676714858,0.905033471024962,1.43405536620882,-13836.1977329672
2.45094936502013,-3.40127960578313,0,1.45550983641818,-1.10316463892047,-9.89939050818803,-1.21154878260585,-6.54363510081438,-9.40894104645843,-6.21652137116109,0,-4.85032648785579,-0.617043616515969,-1.38616141152333,-2.96116472112927,-4.07455416818279,0,-1.43954269259009,0,-1.25085760739921,-0.0250083430018782,-0.205148085196041,0,-0.314226853866484,0.19510003433014,-3.20245543134676,-0.310028802829516,-0.890135477164387,0.910863991919563,2.71170227093219,0,1.87595877502856,-0.00988627150453156,0.748281104198865,0.910884903799236,1.44031475952417,-13836.1132789786
2.41065283462553,-3.40715613073835,0,1.4754592870559,-1.15802991514543,-9.89938616180201,-1.2073211821011,-6.54336818009517,-9.41143146778058,-6.21220043374144,0,-4.86452278301253,-0.659027839356809,-1.37497675741815,-2.9454852163102,-4.06537654772667,0,-1.43741273042999,0,-1.26309662582122,-0.0315223802461724,-0.195950781481974,0,-0.337269429706048,0.204891676214127,-3.20245038973215,-0.320299234337953,-0.888723717396811,0.92523942040025,2.65528235362152,0,1.92747312094144,0.0450827783989625,0.770582004547714,0.929470788047072,1.48185280633573,-13835.7952019901
2.39600567742243,-3.4093450204845,0,1.47944711764598,-1.18411365417322,-9.89938378599967,-1.20832382009466,-6.54326075135663,-9.41255523270654,-6.21007142698263,0,-4.87044353528257,-0.679344238809342,-1.3714280962996,-2.93913660445514,-4.06792223004327,0,-1.44371724262889,0,-1.2726930045333,-0.0331500808495607,-0.195067596582428,0,-0.347097039613736,0.209472784926786,-3.20244775389384,-0.330002532243857,-0.888092755317409,0.932214535533704,2.62934860071026,0,1.9537807026461,0.0688641997248873,0.779927766919617,0.937187176170589,1.4854567805798,-13835.6133053445
2.39720535840824,-3.41272069360128,0,1.45983235365995,-1.22468094932283,-9.89938070484599,-1.21188902000276,-6.54304244564977,-9.41521500127376,-6.20612597396622,0,-4.8886986236392,-0.719971919899852,-1.37638564268077,-2.92865294038668,-4.07169035643809,0,-1.43142254388339,0,-1.28072008871511,-0.0333505180028721,-0.195297170105035,0,-0.339532908485366,0.224097566462847,-3.20244441570471,-0.342769558091027,-0.886883340642419,0.945296239754423,2.58166393315322,0,1.98301896338227,0.10012487139627,0.786354737368399,0.954680101663431,1.4957442236118,-13835.402802456
2.38273657759566,-3.41601760545972,0,1.44721462977012,-1.25620118352894,-9.89937713376779,-1.21839383946657,-6.5428160925195,-9.4168608961345,-6.20201566634568,0,-4.91706705585971,-0.753385279644851,-1.39102542863586,-2.92454957345217,-4.08197131527801,0,-1.42977684840395,0,-1.27477706420263,-0.0319823256879214,-0.188764895630533,0,-0.332816604322921,0.230853512427075,-3.20243995587244,-0.353095621699002,-0.885613916440676,0.959115716999925,2.54167218092091,0,1.97624363961743,0.138222482350091,0.792161518588095,0.963709208490302,1.49731155991033,-13835.2026311263
2.37488767219456,-3.42123454102526,0,1.44009296071702,-1.27446418220969,-9.89937483496787,-1.21960104101967,-6.54260480864187,-9.41660380067366,-6.19901996886401,0,-4.93672581649061,-0.788109879215337,-1.40204934214968,-2.92772963717319,-4.08778557117026,0,-1.44129783105174,0,-1.26258003069258,-0.0345679874656025,-0.185372648233217,0,-0.329444988060237,0.241066040518084,-3.20243710167211,-0.344504641324443,-0.884519821197784,0.9697942109611,2.52057585321932,0,1.97820895330815,0.147164517710574,0.79763976420681,0.958376350719961,1.50060553025848,-13835.1044806235
2.36578599231068,-3.42622686227493,0,1.43595338831161,-1.27826971564697,-9.89938000282185,-1.22189475017485,-6.54239998620683,-9.41506319564287,-6.19636219655369,0,-4.95244095629738,-0.811267312580721,-1.41295533107969,-2.93530441026268,-4.09398984150601,0,-1.43616758578505,0,-1.26290238335529,-0.0355387730112092,-0.179663045154106,0,-0.326950647679319,0.242821317418556,-3.2024425224314,-0.332462917964528,-0.883494392917385,0.979581863700765,2.51082999325747,0,1.98758164484801,0.159472804676644,0.797657685154154,0.946938265806714,1.49793913654627,-13835.0413516343
2.37329908419798,-3.44980135024104,0,1.43115056381962,-1.27243855235303,-9.8993909891658,-1.24909526594623,-6.54127369308994,-9.40298727989459,-6.18087153104951,0,-5.04130569262788,-0.910849601365705,-1.44750883125312,-2.96517546192953,-4.11262883519786,0,-1.44763378473731,0,-1.31664568093578,-0.0242034926235492,-0.186602580523564,0,-0.325461888838669,0.236559781034319,-3.20245744673714,-0.274494882918147,-0.877835135222334,1.03456034934244,2.4893141926242,0,2.0004868766261,0.223890508587009,0.823947405023059,0.926348632114835,1.51669194616106,-13835.0165375569
2.40366203211159,-3.63965447982543,0,1.47663930420214,-1.06383527078433,-9.89940843705785,-1.53131118377546,-6.53364352338905,-9.31053070757695,-6.09696142263452,0,-5.52544258110547,-1.47482610530057,-1.59875522574133,-3.0700533498445,-4.22198950285378,0,-1.46322300633077,0,-1.30074159184122,-0.0350756769258298,-0.208060490191752,0,-0.351791412859036,0.152931427353654,-3.20250486982666,-0.196672750527733,-0.841167977051735,1.34568176895231,2.49490652107132,0,2.19929333514989,0.505205125806613,0.91659061194704,1.05326641431539,1.58833380856212,-13834.7990824168
2.36754484172045,-3.73457179730516,0,1.41419612262861,-1.04067477632471,-9.89941349618918,-1.45659593781901,-6.52960513589072,-9.2565766398075,-6.13031857234717,0,-5.70706212019876,-1.58462322170286,-1.69905775070466,-3.07101943867947,-4.34359180095578,0,-1.48301006194442,0,-1.32367575922638,-0.0646499575999173,-0.205346671981179,0,-0.332662142856301,0.139530586015487,-3.2025313077845,-0.257409828681052,-0.822250196611536,1.29885438861624,2.591725343998,0,2.27670779803175,0.566417376227932,0.991916456103356,1.09342307052807,1.66943955189321,-13834.7971170767
2.33828402640871,-3.76905759472446,0,1.371882055492,-1.04172844148035,-9.89941904251837,-1.35524591422481,-6.52539927577711,-9.20216704079442,-6.14758712071987,0,-5.8727686930533,-1.66381139846461,-1.78707187999342,-3.07534313021059,-4.47283976343542,0,-1.49706973657184,0,-1.31132009070551,0.0317821254379358,-0.196784745850112,0,-0.316090806847886,0.141757937134111,-3.20255762622949,-0.319888069621359,-0.802948831929897,1.28262131680265,2.69908025738095,0,2.36528132803827,0.614261468708776,1.05537347626108,1.12859487849939,1.74923593356861,-13834.5386487289
2.36151655288476,-3.78134030454199,0,1.39752294671115,-1.08459074210376,-9.89940613876028,-1.3248162789556,-6.52358506703603,-9.18431939439358,-6.16004006750341,0,-5.92664922788657,-1.66102036584115,-1.80139858314298,-3.10333454498045,-4.52463423637765,0,-1.48397248360062,0,-1.29669647628198,0.0427652277979485,-0.203969303306394,0,-0.324409376158236,0.154928382284387,-3.20255379888038,-0.333815454979973,-0.795265314044635,1.26523569829693,2.73117961808094,0,2.38296144078158,0.626305551072838,1.05317772425866,1.13541733673416,1.76263947558296,-13834.3797745927
2.35368918381434,-3.74331727360552,0,1.40724724194958,-1.13050460203351,-9.89965091038286,-1.28057542608256,-6.5180601189116,-9.15499807832417,-6.17642011975272,0,-6.02132386349717,-1.49991833176285,-1.80435332360908,-3.25375034840743,-4.60113073406046,0,-1.48641525903783,0,-1.28897705870725,0.0307960104967319,-0.197662527502964,0,-0.32764327080669,0.176523448273606,-3.2028054503623,-0.34405080545574,-0.770649266622792,1.27189063123447,2.67291176865261,0,2.42023448112835,0.537445966214394,1.0508843014638,1.19328795615897,1.79302216187416,-13834.0819561966
2.35802492226716,-3.70330202031559,0,1.41038114895163,-1.18462127171112,-9.89968381907351,-1.24012134198679,-6.51028298309835,-9.11500823900482,-6.1766447219273,0,-6.07077735668544,-1.41646370895706,-1.83371240826129,-3.30593972150276,-4.54685375201043,0,-1.4816367447443,0,-1.2849572138683,-0.00425979512639532,-0.198833687972412,0,-0.327515384310488,0.195268284327889,-3.20282623479802,-0.359509847453974,-0.74357453277485,1.32395630219464,2.70754939620561,0,2.43390792671022,0.506381306821586,1.06356047198673,1.21204874921848,1.76894211564771,-13833.9898525258
2.35685506349901,-3.66790589523601,0,1.40392784608409,-1.20501335472978,-9.89965865671687,-1.21722406401583,-6.49945735464075,-9.05939325857563,-6.19685705172717,0,-6.12603346607938,-1.3741975916203,-1.7735262352142,-3.34109125801888,-4.55502539970032,0,-1.48236924618097,0,-1.28413976987813,-0.0211357999833761,-0.196473562544637,0,-0.320988824618515,0.204119686163345,-3.20277205350415,-0.362558602631182,-0.705635362606147,1.3432267414857,2.73806245725351,0,2.43654638271107,0.487020848927525,1.03080190844106,1.21729659549932,1.76783026229428,-13833.9220490249
2.38100937880685,-3.64017146158322,0,1.4388207698028,-1.20019128170187,-9.89960671659384,-1.21887634296201,-6.48231505092466,-8.98011829939019,-6.24456468570159,0,-6.20173686518369,-1.32564789957468,-1.78606063220345,-3.35864729179145,-4.57221295331605,0,-1.47617471059199,0,-1.2750156235558,-0.00932846771708025,-0.201497411865481,0,-0.331663353612402,0.205701972940924,-3.20269818925332,-0.356105339252508,-0.645531906950412,1.31651666393497,2.72711009553554,0,2.45901634257699,0.456049382817108,1.02799950016419,1.21719397371711,1.76824388679895,-13833.8602009032
2.41119086609729,-3.67167020325877,0,1.47201441733442,-1.21490815834886,-9.89946141053328,-1.21412872976905,-6.42264718820117,-8.72238235209142,-6.2775879704707,0,-6.3436279334945,-1.28812551896739,-1.84629080383462,-3.39294108121991,-4.73485531767812,0,-1.46145088337081,0,-1.27309834767293,-0.0394507137558299,-0.211652820634312,0,-0.343313323482237,0.2104190098477,-3.20239470540832,-0.355640991689464,-0.448205448275603,1.45163133124494,2.74463649185793,0,2.50832651793763,0.435513808060444,1.0490334518785,1.22689836179367,1.83390298273041,-13833.8501140702
2.39309380583949,-3.70593530034279,0,1.44525531093988,-1.2600490371128,-9.89973436310457,-1.26929979090514,-6.30663597920024,-8.29463462449691,-6.39492298842016,0,-6.53110453337625,-1.33151979608674,-1.87412571509786,-3.57600311114135,-4.76415861093445,0,-1.46762761781642,0,-1.26912005896031,0.00807529799923017,-0.207214176235572,0,-0.3321709115301,0.22304560331093,-3.20239558577122,-0.325334526222148,-0.0918280681323965,1.43908219324693,2.80228367218783,0,2.57630283819805,0.477225885196869,1.07594739925432,1.32036757122284,1.86310269131045,-13833.8032926892
2.3956117783303,-3.71754776298143,0,1.44857450940838,-1.24345014290367,-9.89982366950039,-1.24123305793037,-6.24543190735661,-8.16071447978523,-6.43401378631738,0,-6.57777266217952,-1.36615226775266,-1.86475538912385,-3.62170613664836,-4.74259642353591,0,-1.47122746495333,0,-1.27068072083896,0.0231244031604472,-0.207890228262005,0,-0.332442147752965,0.216755275265498,-3.20239274250966,-0.333417255763986,0.0780375508966399,1.43126766709148,2.75348162545134,0,2.5831436413329,0.492981770736943,1.0713461184995,1.33751917823844,1.85303256170345,-13833.6811573615
2.3978002323554,-3.72564968654563,0,1.45108004907483,-1.23128874041543,-9.89990587462987,-1.21969481710696,-6.1736095401418,-8.0126670876894,-6.47377978030591,0,-6.62882309417077,-1.39471304872131,-1.85894116631392,-3.66410149379339,-4.72989128210359,0,-1.47410424394337,0,-1.27217576599288,0.0353538097901614,-0.208533889771001,0,-0.332413350834984,0.212060463540413,-3.20237759111079,-0.338981852771989,0.271091736397474,1.42775319616704,2.71159309018432,0,2.59251237417614,0.506443702642834,1.06878436737918,1.35388269899323,1.84704140809276,-13833.5646114864
2.39684558439945,-3.72469947138123,0,1.44998390278898,-1.22394173564795,-9.90000877556258,-1.21112300972274,-6.11665779289684,-7.93968473580915,-6.49205459356469,0,-6.64521398710887,-1.40951114594225,-1.85278874361231,-3.67403148400655,-4.71810967943622,0,-1.47620563762886,0,-1.27448894358895,0.0398611530018537,-0.20821735848372,0,-0.331573508392218,0.209408271661362,-3.20243617773232,-0.341110773459628,0.367378425597474,1.42244680495161,2.68440836772354,0,2.5935632697198,0.513130180104539,1.06652489137867,1.35728735693268,1.84094135912853,-13833.4919358369
2.3805906947135,-3.63484335043096,0,1.4278710651554,-1.14132629562036,-9.90082773422018,-1.15155459697941,-5.6646641485706,-7.65931828925325,-6.49805804380995,0,-6.53698685484684,-1.47682071160641,-1.77430304352982,-3.4883922700964,-4.56340863625111,0,-1.49143208927134,0,-1.30321590021579,0.0181609160056551,-0.203418478278309,0,-0.321485097586519,0.183218502209082,-3.20328665127202,-0.367742935207389,0.582906194450911,1.35061137223407,2.4618057192354,0,2.52203295177693,0.528835251458165,1.03232148286266,1.26801948131164,1.75542383417698,-13833.3499467638
2.37150723723176,-3.60026141025883,0,1.41754001746535,-1.13117207148592,-9.90068307574225,-1.16373494001746,-5.6156785115746,-7.70276308386157,-6.46871210056218,0,-6.443159833394,-1.46731967792285,-1.75412773098783,-3.39000473265131,-4.52589089290958,0,-1.49306357467323,0,-1.3089329474876,0.00285423948300534,-0.200486266560752,0,-0.31825030032197,0.180739759504778,-3.2031919121085,-0.366455981373076,0.496132397058985,1.32902443775475,2.41821620726129,0,2.48806023441189,0.520053845207367,1.02352368174131,1.22530514310177,1.73559547348309,-13833.1631822577
2.35108740021242,-3.71949768197608,0,1.40412607495548,-1.16684474455365,-9.90064095016351,-1.21939836291999,-5.20395321632842,-7.46404223616468,-6.48906766221227,0,-6.42028796884283,-1.45037459867527,-1.76038077800633,-3.43986690828015,-4.57826607070808,0,-1.49555275746515,0,-1.31798538959459,0.0452716069774238,-0.194153517230134,0,-0.317343583094587,0.19096607052612,-3.20296952945672,-0.34530378769549,0.378072771037668,1.35978031453751,2.31384237938378,0,2.49558614812348,0.522149152798687,1.03246529070654,1.25784552570457,1.75926478557312,-13832.8264095287
2.3398294654453,-3.7669006682246,0,1.39919154284525,-1.15884390620599,-9.90081951539735,-1.21911427619554,-4.57270229570097,-7.11395255321923,-6.51168160593329,0,-6.37752313946073,-1.47099756612086,-1.74671660145103,-3.44971708890069,-4.60207626355262,0,-1.50142536648503,0,-1.33479827665236,0.0641551123322387,-0.190296639662819,0,-0.317843839882239,0.187505027908236,-3.20296582757954,-0.344052634214972,0.239704346975348,1.3696685454289,2.15042616679679,0,2.48447863322888,0.532599538457865,1.02870395710917,1.26267383691215,1.75992954164114,-13832.4280934573
2.33149102067025,-3.77691723788923,0,1.3940151781207,-1.15453914875844,-9.90104560207405,-1.22723227012219,-4.24484006838548,-6.92488648314558,-6.52279830564571,0,-6.35272505933567,-1.48585208425924,-1.73903684274274,-3.45191895493014,-4.62226345419872,0,-1.50549597427145,0,-1.34539285520764,0.0702782390000073,-0.18753907693532,0,-0.317199720206179,0.185770995308789,-3.2031263162522,-0.339358103979948,0.174532921946739,1.36817947380384,2.05491630631224,0,2.47936619516867,0.540326346271212,1.02788318574224,1.26454965479011,1.7629295438305,-13832.2306811913
2.33118458500728,-3.77706204156001,0,1.39933732904045,-1.13473710556657,-9.90125580970006,-1.21028887698133,-3.82417506110147,-6.60749143374918,-6.53737234026606,0,-6.33546107597499,-1.51840335399415,-1.73343268988947,-3.47084985271221,-4.68676116193918,0,-1.51073483391102,0,-1.36369018366779,0.0700248024669437,-0.187245318091033,0,-0.320489783593739,0.178906630452858,-3.20321965563689,-0.342097417469744,0.0851103353199006,1.37108867129998,1.90404649100735,0,2.47750715353591,0.553454497875256,1.02618756979805,1.2686891599948,1.77499809054447,-13831.955697842
2.324496184234,-3.69371443281395,0,1.40262925883525,-1.10499176740466,-9.90288523429856,-1.21835126234007,-3.11697203983297,-5.81111733901103,-6.56806052269258,0,-6.23428265504412,-1.59292300402997,-1.73501897124952,-3.51725079757681,-4.89937218093536,0,-1.51982257998883,0,-1.41019141079501,0.0452569092996087,-0.184859267438049,0,-0.325537197585966,0.169053619336511,-3.20468423556273,-0.325357004515585,-0.070081796940807,1.36936097076643,1.54429765654827,0,2.46965132954003,0.586575492481347,1.03381402234674,1.28130610186152,1.82696747224548,-13831.6646328861
2.3605083893062,-3.6605492278576,0,1.43710398675623,-1.07835788881025,-9.90433819812479,-1.14492163594826,-3.39638120927896,-5.61432377367368,-6.56876796630633,0,-6.25986013547859,-1.60961546869245,-1.75708223505197,-3.56576780983413,-5.00184365528259,0,-1.51149916621235,0,-1.41368078916423,0.0176783077923574,-0.196397067722874,0,-0.335931416131242,0.16127143276922,-3.20609229811739,-0.349243795998435,-0.0232695518153412,1.40492925569019,1.5380654995325,0,2.4776068152633,0.585143416914628,1.03412936995855,1.28647306570683,1.84944949620636,-13831.5656586628
2.30502925213534,-3.73737518102561,0,1.37537206677233,-1.13893970139127,-9.90455565674709,-1.24691645450438,-3.52139346062723,-5.58791338417239,-6.564017812999,0,-6.15606535304392,-1.54564581913788,-1.72284533079809,-3.47919277222691,-4.93470985978659,0,-1.51653890774155,0,-1.42223284925437,0.0514659977117723,-0.17975635227665,0,-0.315292280088682,0.182411606746985,-3.20633889240065,-0.314150259000675,0.0910790288502232,1.39894354974544,1.50291355644052,0,2.4511978685857,0.567216247569375,1.03523154380307,1.26685043541078,1.82873864660668,-13831.1988299899
2.2883409223343,-3.74758250400578,0,1.35740914572021,-1.14207903704138,-9.90584892623016,-1.24390703605557,-3.45730586732559,-5.07159963232955,-6.55788814008634,0,-6.02937899356684,-1.52407423935537,-1.69896951349163,-3.4230810951247,-4.96841249850395,0,-1.51702518953648,0,-1.45240531575227,0.0449386570291005,-0.174670367670665,0,-0.309971626203646,0.184967912512069,-3.20756412240013,-0.314635084931285,0.202729978084112,1.4154524562853,1.2961596410343,0,2.41419899469446,0.556670282156003,1.02930858039403,1.24074504691413,1.81096745212471,-13831.0914222095
2.28509360164091,-3.6419953431462,0,1.3570587597161,-1.14253013923651,-9.90654445667153,-1.27528319301623,-3.4888381002334,-5.14106347557469,-6.53599990959945,0,-5.95956120327848,-1.52565560999133,-1.69820683019747,-3.39483190242863,-4.96886043385755,0,-1.51563272928326,0,-1.44958828421538,0.0152856521621507,-0.173028189481701,0,-0.310937608954868,0.184953322657439,-3.2081402238591,-0.299565891616314,0.165429555745516,1.38438148919913,1.30321237157545,0,2.40102602286546,0.558944453079119,1.03025378087724,1.22838520048856,1.81146475470795,-13830.9810577274
2.29482055288087,-3.67144390035817,0,1.36568738477074,-1.13101072264215,-9.90741244162941,-1.23987418186128,-3.45752194799704,-5.04041808444915,-6.51905536813511,0,-5.96114450260075,-1.52947349084123,-1.69413686558237,-3.40480416845644,-4.98354241639221,0,-1.51505061871027,0,-1.45438155842887,0.0180704964672118,-0.175939663530285,0,-0.312824104703267,0.181546839179323,-3.20973780643124,-0.311365803501932,0.169037693529399,1.39589893692995,1.27112663772343,0,2.39520684679535,0.556951212693793,1.02442254815586,1.22535231199973,1.80403025893595,-13830.9558476274
2.29363098166038,-3.64968502705789,0,1.36463277570521,-1.12919703063849,-9.90890496555995,-1.24411664377405,-3.42592382610402,-4.93900328117784,-6.48689193399934,0,-5.92797150980441,-1.537727223753,-1.68870485909663,-3.40150016467167,-5.00843966533279,0,-1.51609020032653,0,-1.46124771679816,0.0116807166703616,-0.175620214171151,0,-0.312815148588239,0.180580246918097,-3.2115150171414,-0.308306125077849,0.180362456370613,1.38110960141389,1.22892881356095,0,2.38596053334642,0.562207368525162,1.02288867456442,1.22281723009461,1.80225647176963,-13830.9457943826
2.2936459899373,-3.66293992494753,0,1.3645692913901,-1.12773196216773,-9.90911758683167,-1.24017096218637,-3.42926400109635,-5.00000882884556,-6.46751916875264,0,-5.9411555913007,-1.53906517081205,-1.68491907928293,-3.40016557229531,-5.00517049655384,0,-1.51719041360271,0,-1.46028152755929,0.0152013556997114,-0.17550670741447,0,-0.312499292900337,0.180097716304114,-3.21182449017987,-0.309932223070477,0.179503880995053,1.37469862407201,1.24954909961272,0,2.38703449617502,0.562226625318709,1.02043960372543,1.22149471952967,1.79936430300473,-13830.9401556866
2.29476410032067,-3.68497056807728,0,1.36380705458685,-1.1240207833585,-9.90960228838827,-1.23702981630111,-3.424330250906,-5.22345879459976,-6.40292253510753,0,-5.98740677553523,-1.55029749975395,-1.6824354903749,-3.40554719064409,-5.01058373984693,0,-1.52097164786116,0,-1.45811416549438,0.0222818554650005,-0.175647056890752,0,-0.311199658696195,0.178786445867347,-3.21253830791395,-0.310927881862841,0.17562029208706,1.34814945867745,1.33270531062896,0,2.39436251788679,0.566584457002964,1.01816999278349,1.22306597693329,1.79817238438958,-13830.9253492412
2.29445242163634,-3.70807643863072,0,1.36138680543729,-1.12204677201832,-9.91033172685723,-1.23679878925167,-3.42599268148347,-5.67623464441361,-6.30236638101144,0,-6.03798984833419,-1.55628818391065,-1.67610906041229,-3.4018812434782,-5.01154124144712,0,-1.52656510948571,0,-1.45631185932159,0.0297874571106329,-0.175373564469698,0,-0.309371181272143,0.178029712761185,-3.21392522150953,-0.310792282879865,0.175552355627313,1.30676293217308,1.49919493023328,0,2.40141145382662,0.568545265487872,1.01457421620963,1.22083763705848,1.79542785928974,-13830.9025015152
2.3002253588928,-3.74901377509499,0,1.3585431524189,-1.11658595742503,-9.91246642786337,-1.23369411262228,-3.42896757443139,-7.02707489902003,-6.06203898398042,0,-6.1688050769436,-1.57276340022258,-1.67598912347705,-3.41705319577511,-5.02388394486063,0,-1.53836178327508,0,-1.45110817158392,0.0415642083501029,-0.17709182029321,0,-0.305363086765484,0.17619374916086,-3.21779033042495,-0.311436633240216,0.174238146130932,1.21447947341754,2.02350801082495,0,2.42345873723958,0.574192785320697,1.01280337332226,1.2267418952985,1.79735921620954,-13830.8328731362
2.30166121759256,-3.75771378699405,0,1.35798280074914,-1.1155306344758,-9.91291621911741,-1.23260712922014,-3.43158108435731,-7.32564659838358,-6.01320430063691,0,-6.19642602387097,-1.57580952645102,-1.67590019736031,-3.42047811772547,-5.02572622913566,0,-1.54064572727256,0,-1.44988427089539,0.0441805825186272,-0.177532370877177,0,-0.304484333090715,0.175849216482556,-3.21862241945043,-0.311728781633663,0.174555145874129,1.19570470280817,2.14113356984152,0,2.42792274021539,0.575153394379422,1.01232247556485,1.22800167982796,1.79757755973606,-13830.816300147
2.30312875297452,-3.7639026046569,0,1.3575778589724,-1.11505597455163,-9.91348063617464,-1.23150987518239,-3.4333707634942,-7.5663281174152,-5.97696703683781,0,-6.22484679383007,-1.5779069914147,-1.6767547760999,-3.42462434165215,-5.02867275212109,0,-1.54233061203493,0,-1.44881353216289,0.0459488371830842,-0.178043705212782,0,-0.303712661401683,0.175708142592981,-3.21946800942116,-0.312177918209517,0.174699912657035,1.18198747850981,2.23853445104853,0,2.43348086750369,0.575830427438831,1.01239544849361,1.22981934109794,1.79861440080801,-13830.8026246335
2.30441246114816,-3.76802387241212,0,1.35667462065543,-1.11513487056308,-9.91378052437044,-1.23219903600743,-3.43169313298726,-7.80580055521067,-5.94750035545467,0,-6.24431260056405,-1.57668137324822,-1.67732925558622,-3.42563198018839,-5.03151235635861,0,-1.54344413376198,0,-1.44843951479193,0.0471217889201628,-0.178480008269703,0,-0.302785164286209,0.175899499309361,-3.22002687160014,-0.311769519147661,0.174584316065583,1.17076482759757,2.33556502910388,0,2.43647982712201,0.574624865284379,1.01226677217748,1.23001845177126,1.7991850208582,-13830.7868431084
2.30639037821067,-3.75615812438103,0,1.35328078241524,-1.11986481473183,-9.91364775457817,-1.23998112079934,-3.40712783183523,-8.35924626754227,-5.91119286022382,0,-6.28113528925029,-1.56810144059125,-1.68835428046431,-3.43086189753806,-5.06169951823012,0,-1.54457935072503,0,-1.45126714194219,0.0400615145978908,-0.179848555402313,0,-0.300909265421603,0.177889488682227,-3.22066771447226,-0.309095752456872,0.171623767019287,1.16384950172264,2.57216697837213,0,2.44809458282155,0.570827650507833,1.0188369972752,1.2343396855709,1.81215427892642,-13830.764049644
2.30139407480806,-3.72946610973254,0,1.35067715783561,-1.12756016102691,-9.91291095793643,-1.25264676019499,-3.38497861780905,-8.08702884416583,-5.98815567517114,0,-6.2158332627786,-1.54625814583648,-1.69089169470724,-3.41234512715325,-5.06985976489952,0,-1.54117568293476,0,-1.45722689277977,0.029953039298929,-0.178438595259898,0,-0.301425513080914,0.18096065164635,-3.21966201820162,-0.304294320967404,0.17052411468087,1.19864289316667,2.46305221627505,0,2.43827551043669,0.561526346067255,1.02239245081433,1.22781378066502,1.81625711984977,-13830.7193653054
2.305261130371,-3.68789433943962,0,1.3537717181345,-1.13869306238384,-9.91165402166703,-1.25569371328749,-3.40766150130951,-7.87211820065856,-6.13394670470398,0,-6.15193349032875,-1.51359050366313,-1.70772686861414,-3.41339649025447,-5.08600701776724,0,-1.53321059235148,0,-1.45987825205515,0.0170433126862338,-0.180299188457384,0,-0.303369610803889,0.185048679217502,-3.21823054478771,-0.304360574402082,0.183277536854796,1.26593259798596,2.42497400515567,0,2.43036353178604,0.547851689639165,1.03114631203734,1.23026959480239,1.82674211376882,-13830.6703621414
2.31761132030937,-3.63135290962266,0,1.36279379813276,-1.14319896775167,-9.9081530425977,-1.24389336442644,-3.40375713088374,-7.40564164684593,-6.43737954008567,0,-6.05017012601245,-1.48606619908055,-1.73873209525296,-3.43547307448904,-5.10879995528352,0,-1.51863031966984,0,-1.46171946290708,-0.00262242613459141,-0.185760168452757,0,-0.307526801476742,0.186881786275485,-3.21411804161815,-0.308902495087659,0.182338205526094,1.40402760442884,2.37458870429331,0,2.41503205488537,0.535863842898634,1.0459122749116,1.24048295694225,1.84341320881416,-13830.5976430466
2.33568744021022,-3.58741343771662,0,1.37354841192408,-1.14202017550202,-9.90335153795448,-1.22711677995352,-3.43676828704833,-6.66661687265526,-6.78320422396947,0,-5.98670981324823,-1.48765450095596,-1.77870654056705,-3.47313546362128,-5.12786105080217,0,-1.49992390958185,0,-1.46109602532545,-0.0164684711153138,-0.194045885217561,0,-0.311201191005641,0.186027773244049,-3.20862928569519,-0.316478248574696,0.194917806604381,1.55052951992529,2.32062614269077,0,2.40435066528697,0.538695187794906,1.0648398904009,1.25867252982051,1.85720861818593,-13830.5376516162
2.33313068793717,-3.60918291543252,0,1.36876891805194,-1.13333475766652,-9.90329431406023,-1.23295340907375,-3.41077948623573,-6.60364163327582,-6.73470389585236,0,-5.93796353973519,-1.50806329982253,-1.76766938815313,-3.45335740593297,-5.09604699033746,0,-1.49580140163177,0,-1.46420518151492,-0.00694329897299912,-0.193380169037742,0,-0.309145613558186,0.183134461466035,-3.20901860579052,-0.312678938523499,0.185520068096305,1.50807607525728,2.29211497584001,0,2.37694808456432,0.545890753216297,1.05833632506629,1.24724119972394,1.83671085126504,-13830.4829792726
2.3399662481361,-3.62345518026918,0,1.36947138561939,-1.12759157306907,-9.90086699612199,-1.23414005807064,-3.39223660950301,-5.89098638789582,-6.77565364983142,0,-5.8980745094158,-1.53273378707662,-1.76564316400969,-3.43606127629678,-5.05339749721749,0,-1.47758591384931,0,-1.46652407633634,0.00584564514021452,-0.19765623344894,0,-0.308065771405158,0.18012594773993,-3.20677372003145,-0.311185010358657,0.17912591476243,1.47790601776219,2.16074174347625,0,2.34171273078036,0.556694673384036,1.05398014431172,1.23639465893286,1.80732385192074,-13830.4355978339
2.3349628863213,-3.63729196409822,0,1.36835376567145,-1.13661960305845,-9.90190521554705,-1.24424872230098,-3.39482552709314,-5.97095372344566,-6.60808114350601,0,-5.95224733482401,-1.51389684896617,-1.74685032487594,-3.40728982005162,-5.04125159535761,0,-1.47718145608424,0,-1.46553680351243,0.0105859156815154,-0.195839288630597,0,-0.307390525817756,0.182775603163096,-3.20776156117398,-0.308762281028969,0.181605891254248,1.39984121222655,2.14728801360841,0,2.34845820986219,0.548005334885179,1.0430219547386,1.22360433310781,1.79636126430796,-13830.4212929884
2.33870717656165,-3.62450492600303,0,1.36983545956313,-1.1356032031914,-9.90081688183195,-1.24343812266235,-3.38328189618239,-5.86208471386955,-6.61360920474762,0,-5.94933981260921,-1.50502609768093,-1.7611930323215,-3.41926690346749,-5.0649995597538,0,-1.47183787323812,0,-1.46727201402233,0.0042863470626046,-0.197284136030995,0,-0.30763708111199,0.18318717236331,-3.20674557537147,-0.308168828149655,0.179521515635907,1.4106522415874,2.14229486205162,0,2.35110221457339,0.5419880016261,1.04922523722058,1.22826733144475,1.80716112218064,-13830.4061910532
2.34536221296073,-3.62036456888658,0,1.37398366378907,-1.13643803867403,-9.89917364287878,-1.24114614893608,-3.38194403920784,-5.58139940678834,-6.56866953168435,0,-5.94018941870118,-1.48989265987523,-1.77910455765311,-3.42991618801933,-5.08808192915957,0,-1.46021410651792,0,-1.4690916105916,-0.000497739066447676,-0.200439932224318,0,-0.308921931583116,0.183845442536969,-3.20503419569915,-0.308997015749277,0.179817963065752,1.41011659464666,2.09457864198224,0,2.34990669032889,0.533548585953757,1.05661205358354,1.23250515100298,1.81790507602864,-13830.3993986234
2.34501183783395,-3.62436823372236,0,1.37412721347532,-1.13843958044264,-9.89926627191996,-1.24212688565914,-3.37925968007748,-5.68850374645094,-6.51721340916787,0,-5.95333128395177,-1.48235992459926,-1.7787879655189,-3.4266362903298,-5.09329585750694,0,-1.46001912699331,0,-1.46908980465352,-0.00180382833624841,-0.200284595554849,0,-0.30894255343021,0.184676129521326,-3.20508799685328,-0.308724297884327,0.178427989770252,1.40208911570378,2.12407511338085,0,2.35538966086949,0.530011987158594,1.05657688565358,1.23119979169386,1.8215269064085,-13830.3949624914
2.34585394659093,-3.63101680161422,0,1.3751265872209,-1.1377051151301,-9.8992006534907,-1.24129548533643,-3.38476593516328,-5.63997483036813,-6.48863708138437,0,-5.94617243320084,-1.48609983057329,-1.77923005833429,-3.42605182584756,-5.08841017586952,0,-1.45863939457696,0,-1.46814559079005,-0.00102533313068222,-0.200685372515084,0,-0.309324903278889,0.184232898110994,-3.20482063129582,-0.309133573246653,0.179064847158595,1.39674048973801,2.10579428068334,0,2.35277898147792,0.532198072377032,1.05674977138949,1.231043630752,1.82013423275019,-13830.3936652389
2.34627218707382,-3.63699354123565,0,1.37559236057254,-1.13866172577668,-9.89876281115334,-1.24139479321642,-3.38617229328273,-5.59108564813938,-6.46586702520724,0,-5.93740995411162,-1.48487643827058,-1.77703563670213,-3.42043882709686,-5.08141311376267,0,-1.45615784577763,0,-1.46812859393785,0.00059145412582936,-0.201063984842107,0,-0.309485646878663,0.184416952660866,-3.20414737122329,-0.309121583288919,0.179600530583043,1.38984034967158,2.09732780157704,0,2.34866845087702,0.532002327872939,1.05560127718506,1.22836342550242,1.81676740966784,-13830.3932057579
2.34649415563787,-3.63703678711278,0,1.3758769650673,-1.13815425083111,-9.89869335445277,-1.24127439523752,-3.38431074565752,-5.59442122083678,-6.46474999572368,0,-5.93562436708363,-1.48605832351903,-1.7780871049048,-3.42172638143554,-5.08215425659239,0,-1.456031356499,0,-1.46801366201849,0.000617458900791771,-0.201112013620502,0,-0.309598696608917,0.184291667278893,-3.2041123477697,-0.309132223733248,0.178813187538548,1.38932970944068,2.09837027955939,0,2.34880367191179,0.532489475696776,1.05609947085542,1.22896053836073,1.81722679553892,-13830.3931743375
2.34649415563787,-3.63703678711278,0,1.3758769650673,-1.13815425083111,-9.89869335445277,-1.24127439523752,-3.38431074565752,-5.59442122083678,-6.46474999572368,0,-5.93562436708363,-1.48605832351903,-1.7780871049048,-3.42172638143554,-5.08215425659239,0,-1.456031356499,0,-1.46801366201849,0.000617458900791771,-0.201112013620502,0,-0.309598696608917,0.184291667278893,-3.2041123477697,-0.309132223733248,0.178813187538548,1.38932970944068,2.09837027955939,0,2.34880367191179,0.532489475696776,1.05609947085542,1.22896053836073,1.81722679553892,-13830.3931743375
2.34649415563787,-3.63703678711278,0,1.3758769650673,-1.13815425083111,-9.89869335445277,-1.24127439523752,-3.38431074565752,-5.59442122083678,-6.46474999572368,0,-5.93562436708363,-1.48605832351903,-1.7780871049048,-3.42172638143554,-5.08215425659239,0,-1.456031356499,0,-1.46801366201849,0.000617458900791771,-0.201112013620502,0,-0.309598696608917,0.184291667278893,-3.2041123477697,-0.309132223733248,0.178813187538548,1.38932970944068,2.09837027955939,0,2.34880367191179,0.532489475696776,1.05609947085542,1.22896053836073,1.81722679553892,-13830.3931743375
2.34651312523442,-3.6370362163604,0,1.3758716801539,-1.1381548458823,-9.89869287046175,-1.24127450925067,-3.38431039107046,-5.59441642614031,-6.4647532266181,0,-5.93560813416752,-1.48605846832,-1.77808815168651,-3.42172800069324,-5.08215221839044,0,-1.45603373922177,0,-1.46801357930323,0.000617458842927021,-0.201111705230792,0,-0.3095992326981,0.184291645674339,-3.20411227839025,-0.309132219054844,0.1788132062943,1.38932949917963,2.09837150072737,0,2.34880895935794,0.532489444267879,1.05609870244192,1.22896025980375,1.81722643103303,-13830.3931732706
