vary,income_k,veh_per_driver,n_adults,non_work_mom,non_work_dad,age,female,has_lil_sib,has_big_sib,distance,density
income_k,7.45,1.0897868918375553,2.0440289505428226,0,0,10.158021712907116,0,0,0,1.0988150193003619,2482.9771180796515
income_k,9.9,1.0897868918375553,2.0440289505428226,0,0,10.158021712907116,0,0,0,1.0988150193003619,2482.9771180796515
income_k,12.350000000000001,1.0897868918375553,2.0440289505428226,0,0,10.158021712907116,0,0,0,1.0988150193003619,2482.9771180796515
income_k,14.8,1.0897868918375553,2.0440289505428226,0,0,10.158021712907116,0,0,0,1.0988150193003619,2482.9771180796515
income_k,17.25,1.0897868918375553,2.0440289505428226,0,0,10.158021712907116,0,0,0,1.0988150193003619,2482.9771180796515
income_k,19.7,1.0897868918375553,2.0440289505428226,0,0,10.158021712907116,0,0,0,1.0988150193003619,2482.9771180796515
income_k,22.150000000000002,1.0897868918375553,2.0440289505428226,0,0,10.158021712907116,0,0,0,1.0988150193003619,2482.9771180796515
income_k,24.6,1.0897868918375553,2.0440289505428226,0,0,10.158021712907116,0,0,0,1.0988150193003619,2482.9771180796515
income_k,27.05,1.0897868918375553,2.0440289505428226,0,0,10.158021712907116,0,0,0,1.0988150193003619,2482.9771180796515
income_k,29.5,1.0897868918375553,2.0440289505428226,0,0,10.158021712907116,0,0,0,1.0988150193003619,2482.9771180796515
income_k,31.95,1.0897868918375553,2.0440289505428226,0,0,10.158021712907116,0,0,0,1.0988150193003619,2482.9771180796515
income_k,34.400000000000006,1.0897868918375553,2.0440289505428226,0,0,10.158021712907116,0,0,0,1.0988150193003619,2482.9771180796515
income_k,36.85,1.0897868918375553,2.0440289505428226,0,0,10.158021712907116,0,0,0,1.0988150193003619,2482.9771180796515
income_k,39.300000000000004,1.0897868918375553,2.0440289505428226,0,0,10.158021712907116,0,0,0,1.0988150193003619,2482.9771180796515
income_k,41.75000000000001,1.0897868918375553,2.0440289505428226,0,0,10.158021712907116,0,0,0,1.0988150193003619,2482.9771180796515
income_k,44.2,1.0897868918375553,2.0440289505428226,0,0,10.158021712907116,0,0,0,1.0988150193003619,2482.9771180796515
income_k,46.650000000000006,1.0897868918375553,2.0440289505428226,0,0,10.158021712907116,0,0,0,1.0988150193003619,2482.9771180796515
income_k,49.10000000000001,1.0897868918375553,2.0440289505428226,0,0,10.158021712907116,0,0,0,1.0988150193003619,2482.9771180796515
income_k,51.550000000000004,1.0897868918375553,2.0440289505428226,0,0,10.158021712907116,0,0,0,1.0988150193003619,2482.9771180796515
income_k,54.00000000000001,1.0897868918375553,2.0440289505428226,0,0,10.158021712907116,0,0,0,1.0988150193003619,2482.9771180796515
income_k,56.45,1.0897868918375553,2.0440289505428226,0,0,10.158021712907116,0,0,0,1.0988150193003619,2482.9771180796515
income_k,58.900000000000006,1.0897868918375553,2.0440289505428226,0,0,10.158021712907116,0,0,0,1.0988150193003619,2482.9771180796515
income_k,61.35000000000001,1.0897868918375553,2.0440289505428226,0,0,10.158021712907116,0,0,0,1.0988150193003619,2482.9771180796515
income_k,63.800000000000004,1.0897868918375553,2.0440289505428226,0,0,10.158021712907116,0,0,0,1.0988150193003619,2482.9771180796515
income_k,66.25,1.0897868918375553,2.0440289505428226,0,0,10.158021712907116,0,0,0,1.0988150193003619,2482.9771180796515
income_k,68.7,1.0897868918375553,2.0440289505428226,0,0,10.158021712907116,0,0,0,1.0988150193003619,2482.9771180796515
income_k,71.15,1.0897868918375553,2.0440289505428226,0,0,10.158021712907116,0,0,0,1.0988150193003619,2482.9771180796515
income_k,73.60000000000001,1.0897868918375553,2.0440289505428226,0,0,10.158021712907116,0,0,0,1.0988150193003619,2482.9771180796515
income_k,76.05000000000001,1.0897868918375553,2.0440289505428226,0,0,10.158021712907116,0,0,0,1.0988150193003619,2482.9771180796515
income_k,78.50000000000001,1.0897868918375553,2.0440289505428226,0,0,10.158021712907116,0,0,0,1.0988150193003619,2482.9771180796515
income_k,80.95,1.0897868918375553,2.0440289505428226,0,0,10.158021712907116,0,0,0,1.0988150193003619,2482.9771180796515
income_k,83.4,1.0897868918375553,2.0440289505428226,0,0,10.158021712907116,0,0,0,1.0988150193003619,2482.9771180796515
income_k,85.85000000000001,1.0897868918375553,2.0440289505428226,0,0,10.158021712907116,0,0,0,1.0988150193003619,2482.9771180796515
income_k,88.30000000000001,1.0897868918375553,2.0440289505428226,0,0,10.158021712907116,0,0,0,1.0988150193003619,2482.9771180796515
income_k,90.75000000000001,1.0897868918375553,2.0440289505428226,0,0,10.158021712907116,0,0,0,1.0988150193003619,2482.9771180796515
income_k,93.2,1.0897868918375553,2.0440289505428226,0,0,10.158021712907116,0,0,0,1.0988150193003619,2482.9771180796515
income_k,95.65,1.0897868918375553,2.0440289505428226,0,0,10.158021712907116,0,0,0,1.0988150193003619,2482.9771180796515
income_k,98.10000000000001,1.0897868918375553,2.0440289505428226,0,0,10.158021712907116,0,0,0,1.0988150193003619,2482.9771180796515
income_k,100.55000000000001,1.0897868918375553,2.0440289505428226,0,0,10.158021712907116,0,0,0,1.0988150193003619,2482.9771180796515
income_k,103.00000000000001,1.0897868918375553,2.0440289505428226,0,0,10.158021712907116,0,0,0,1.0988150193003619,2482.9771180796515
income_k,105.45,1.0897868918375553,2.0440289505428226,0,0,10.158021712907116,0,0,0,1.0988150193003619,2482.9771180796515
income_k,107.9,1.0897868918375553,2.0440289505428226,0,0,10.158021712907116,0,0,0,1.0988150193003619,2482.9771180796515
income_k,110.35000000000001,1.0897868918375553,2.0440289505428226,0,0,10.158021712907116,0,0,0,1.0988150193003619,2482.9771180796515
income_k,112.80000000000001,1.0897868918375553,2.0440289505428226,0,0,10.158021712907116,0,0,0,1.0988150193003619,2482.9771180796515
income_k,115.25000000000001,1.0897868918375553,2.0440289505428226,0,0,10.158021712907116,0,0,0,1.0988150193003619,2482.9771180796515
income_k,117.70000000000002,1.0897868918375553,2.0440289505428226,0,0,10.158021712907116,0,0,0,1.0988150193003619,2482.9771180796515
income_k,120.15,1.0897868918375553,2.0440289505428226,0,0,10.158021712907116,0,0,0,1.0988150193003619,2482.9771180796515
income_k,122.60000000000001,1.0897868918375553,2.0440289505428226,0,0,10.158021712907116,0,0,0,1.0988150193003619,2482.9771180796515
income_k,125.05000000000001,1.0897868918375553,2.0440289505428226,0,0,10.158021712907116,0,0,0,1.0988150193003619,2482.9771180796515
income_k,127.50000000000001,1.0897868918375553,2.0440289505428226,0,0,10.158021712907116,0,0,0,1.0988150193003619,2482.9771180796515
income_k,129.95000000000002,1.0897868918375553,2.0440289505428226,0,0,10.158021712907116,0,0,0,1.0988150193003619,2482.9771180796515
income_k,132.4,1.0897868918375553,2.0440289505428226,0,0,10.158021712907116,0,0,0,1.0988150193003619,2482.9771180796515
income_k,134.85,1.0897868918375553,2.0440289505428226,0,0,10.158021712907116,0,0,0,1.0988150193003619,2482.9771180796515
income_k,137.3,1.0897868918375553,2.0440289505428226,0,0,10.158021712907116,0,0,0,1.0988150193003619,2482.9771180796515
income_k,139.75,1.0897868918375553,2.0440289505428226,0,0,10.158021712907116,0,0,0,1.0988150193003619,2482.9771180796515
income_k,142.2,1.0897868918375553,2.0440289505428226,0,0,10.158021712907116,0,0,0,1.0988150193003619,2482.9771180796515
income_k,144.65,1.0897868918375553,2.0440289505428226,0,0,10.158021712907116,0,0,0,1.0988150193003619,2482.9771180796515
income_k,147.1,1.0897868918375553,2.0440289505428226,0,0,10.158021712907116,0,0,0,1.0988150193003619,2482.9771180796515
income_k,149.55,1.0897868918375553,2.0440289505428226,0,0,10.158021712907116,0,0,0,1.0988150193003619,2482.9771180796515
income_k,152,1.0897868918375553,2.0440289505428226,0,0,10.158021712907116,0,0,0,1.0988150193003619,2482.9771180796515
income_k,154.45,1.0897868918375553,2.0440289505428226,0,0,10.158021712907116,0,0,0,1.0988150193003619,2482.9771180796515
income_k,156.9,1.0897868918375553,2.0440289505428226,0,0,10.158021712907116,0,0,0,1.0988150193003619,2482.9771180796515
income_k,159.35,1.0897868918375553,2.0440289505428226,0,0,10.158021712907116,0,0,0,1.0988150193003619,2482.9771180796515
income_k,161.8,1.0897868918375553,2.0440289505428226,0,0,10.158021712907116,0,0,0,1.0988150193003619,2482.9771180796515
income_k,164.25,1.0897868918375553,2.0440289505428226,0,0,10.158021712907116,0,0,0,1.0988150193003619,2482.9771180796515
income_k,166.7,1.0897868918375553,2.0440289505428226,0,0,10.158021712907116,0,0,0,1.0988150193003619,2482.9771180796515
income_k,169.15,1.0897868918375553,2.0440289505428226,0,0,10.158021712907116,0,0,0,1.0988150193003619,2482.9771180796515
income_k,171.6,1.0897868918375553,2.0440289505428226,0,0,10.158021712907116,0,0,0,1.0988150193003619,2482.9771180796515
income_k,174.05,1.0897868918375553,2.0440289505428226,0,0,10.158021712907116,0,0,0,1.0988150193003619,2482.9771180796515
income_k,176.5,1.0897868918375553,2.0440289505428226,0,0,10.158021712907116,0,0,0,1.0988150193003619,2482.9771180796515
income_k,178.95,1.0897868918375553,2.0440289505428226,0,0,10.158021712907116,0,0,0,1.0988150193003619,2482.9771180796515
income_k,181.4,1.0897868918375553,2.0440289505428226,0,0,10.158021712907116,0,0,0,1.0988150193003619,2482.9771180796515
income_k,183.85,1.0897868918375553,2.0440289505428226,0,0,10.158021712907116,0,0,0,1.0988150193003619,2482.9771180796515
income_k,186.3,1.0897868918375553,2.0440289505428226,0,0,10.158021712907116,0,0,0,1.0988150193003619,2482.9771180796515
income_k,188.75,1.0897868918375553,2.0440289505428226,0,0,10.158021712907116,0,0,0,1.0988150193003619,2482.9771180796515
income_k,191.2,1.0897868918375553,2.0440289505428226,0,0,10.158021712907116,0,0,0,1.0988150193003619,2482.9771180796515
income_k,193.65,1.0897868918375553,2.0440289505428226,0,0,10.158021712907116,0,0,0,1.0988150193003619,2482.9771180796515
income_k,196.1,1.0897868918375553,2.0440289505428226,0,0,10.158021712907116,0,0,0,1.0988150193003619,2482.9771180796515
income_k,198.55,1.0897868918375553,2.0440289505428226,0,0,10.158021712907116,0,0,0,1.0988150193003619,2482.9771180796515
income_k,201,1.0897868918375553,2.0440289505428226,0,0,10.158021712907116,0,0,0,1.0988150193003619,2482.9771180796515
income_k,203.45,1.0897868918375553,2.0440289505428226,0,0,10.158021712907116,0,0,0,1.0988150193003619,2482.9771180796515
income_k,205.9,1.0897868918375553,2.0440289505428226,0,0,10.158021712907116,0,0,0,1.0988150193003619,2482.9771180796515
income_k,208.35,1.0897868918375553,2.0440289505428226,0,0,10.158021712907116,0,0,0,1.0988150193003619,2482.9771180796515
income_k,210.8,1.0897868918375553,2.0440289505428226,0,0,10.158021712907116,0,0,0,1.0988150193003619,2482.9771180796515
income_k,213.25,1.0897868918375553,2.0440289505428226,0,0,10.158021712907116,0,0,0,1.0988150193003619,2482.9771180796515
income_k,215.70000000000002,1.0897868918375553,2.0440289505428226,0,0,10.158021712907116,0,0,0,1.0988150193003619,2482.9771180796515
income_k,218.15,1.0897868918375553,2.0440289505428226,0,0,10.158021712907116,0,0,0,1.0988150193003619,2482.9771180796515
income_k,220.6,1.0897868918375553,2.0440289505428226,0,0,10.158021712907116,0,0,0,1.0988150193003619,2482.9771180796515
income_k,223.05,1.0897868918375553,2.0440289505428226,0,0,10.158021712907116,0,0,0,1.0988150193003619,2482.9771180796515
income_k,225.5,1.0897868918375553,2.0440289505428226,0,0,10.158021712907116,0,0,0,1.0988150193003619,2482.9771180796515
income_k,227.95000000000002,1.0897868918375553,2.0440289505428226,0,0,10.158021712907116,0,0,0,1.0988150193003619,2482.9771180796515
income_k,230.4,1.0897868918375553,2.0440289505428226,0,0,10.158021712907116,0,0,0,1.0988150193003619,2482.9771180796515
income_k,232.85,1.0897868918375553,2.0440289505428226,0,0,10.158021712907116,0,0,0,1.0988150193003619,2482.9771180796515
income_k,235.3,1.0897868918375553,2.0440289505428226,0,0,10.158021712907116,0,0,0,1.0988150193003619,2482.9771180796515
income_k,237.75,1.0897868918375553,2.0440289505428226,0,0,10.158021712907116,0,0,0,1.0988150193003619,2482.9771180796515
income_k,240.20000000000002,1.0897868918375553,2.0440289505428226,0,0,10.158021712907116,0,0,0,1.0988150193003619,2482.9771180796515
income_k,242.65,1.0897868918375553,2.0440289505428226,0,0,10.158021712907116,0,0,0,1.0988150193003619,2482.9771180796515
income_k,245.1,1.0897868918375553,2.0440289505428226,0,0,10.158021712907116,0,0,0,1.0988150193003619,2482.9771180796515
income_k,247.55,1.0897868918375553,2.0440289505428226,0,0,10.158021712907116,0,0,0,1.0988150193003619,2482.9771180796515
income_k,250,1.0897868918375553,2.0440289505428226,0,0,10.158021712907116,0,0,0,1.0988150193003619,2482.9771180796515
veh_per_driver,97.60253317249699,0.12,2.0440289505428226,0,0,10.158021712907116,0,0,0,1.0988150193003619,2482.9771180796515
veh_per_driver,97.60253317249699,0.24,2.0440289505428226,0,0,10.158021712907116,0,0,0,1.0988150193003619,2482.9771180796515
veh_per_driver,97.60253317249699,0.36,2.0440289505428226,0,0,10.158021712907116,0,0,0,1.0988150193003619,2482.9771180796515
veh_per_driver,97.60253317249699,0.48,2.0440289505428226,0,0,10.158021712907116,0,0,0,1.0988150193003619,2482.9771180796515
veh_per_driver,97.60253317249699,0.6,2.0440289505428226,0,0,10.158021712907116,0,0,0,1.0988150193003619,2482.9771180796515
veh_per_driver,97.60253317249699,0.72,2.0440289505428226,0,0,10.158021712907116,0,0,0,1.0988150193003619,2482.9771180796515
veh_per_driver,97.60253317249699,0.84,2.0440289505428226,0,0,10.158021712907116,0,0,0,1.0988150193003619,2482.9771180796515
veh_per_driver,97.60253317249699,0.96,2.0440289505428226,0,0,10.158021712907116,0,0,0,1.0988150193003619,2482.9771180796515
veh_per_driver,97.60253317249699,1.08,2.0440289505428226,0,0,10.158021712907116,0,0,0,1.0988150193003619,2482.9771180796515
veh_per_driver,97.60253317249699,1.2000000000000002,2.0440289505428226,0,0,10.158021712907116,0,0,0,1.0988150193003619,2482.9771180796515
veh_per_driver,97.60253317249699,1.3199999999999998,2.0440289505428226,0,0,10.158021712907116,0,0,0,1.0988150193003619,2482.9771180796515
veh_per_driver,97.60253317249699,1.44,2.0440289505428226,0,0,10.158021712907116,0,0,0,1.0988150193003619,2482.9771180796515
veh_per_driver,97.60253317249699,1.56,2.0440289505428226,0,0,10.158021712907116,0,0,0,1.0988150193003619,2482.9771180796515
veh_per_driver,97.60253317249699,1.6800000000000002,2.0440289505428226,0,0,10.158021712907116,0,0,0,1.0988150193003619,2482.9771180796515
veh_per_driver,97.60253317249699,1.7999999999999998,2.0440289505428226,0,0,10.158021712907116,0,0,0,1.0988150193003619,2482.9771180796515
veh_per_driver,97.60253317249699,1.92,2.0440289505428226,0,0,10.158021712907116,0,0,0,1.0988150193003619,2482.9771180796515
veh_per_driver,97.60253317249699,2.04,2.0440289505428226,0,0,10.158021712907116,0,0,0,1.0988150193003619,2482.9771180796515
veh_per_driver,97.60253317249699,2.16,2.0440289505428226,0,0,10.158021712907116,0,0,0,1.0988150193003619,2482.9771180796515
veh_per_driver,97.60253317249699,2.2800000000000002,2.0440289505428226,0,0,10.158021712907116,0,0,0,1.0988150193003619,2482.9771180796515
veh_per_driver,97.60253317249699,2.4,2.0440289505428226,0,0,10.158021712907116,0,0,0,1.0988150193003619,2482.9771180796515
veh_per_driver,97.60253317249699,2.52,2.0440289505428226,0,0,10.158021712907116,0,0,0,1.0988150193003619,2482.9771180796515
veh_per_driver,97.60253317249699,2.64,2.0440289505428226,0,0,10.158021712907116,0,0,0,1.0988150193003619,2482.9771180796515
veh_per_driver,97.60253317249699,2.76,2.0440289505428226,0,0,10.158021712907116,0,0,0,1.0988150193003619,2482.9771180796515
veh_per_driver,97.60253317249699,2.88,2.0440289505428226,0,0,10.158021712907116,0,0,0,1.0988150193003619,2482.9771180796515
veh_per_driver,97.60253317249699,3,2.0440289505428226,0,0,10.158021712907116,0,0,0,1.0988150193003619,2482.9771180796515
veh_per_driver,97.60253317249699,3.12,2.0440289505428226,0,0,10.158021712907116,0,0,0,1.0988150193003619,2482.9771180796515
veh_per_driver,97.60253317249699,3.24,2.0440289505428226,0,0,10.158021712907116,0,0,0,1.0988150193003619,2482.9771180796515
veh_per_driver,97.60253317249699,3.36,2.0440289505428226,0,0,10.158021712907116,0,0,0,1.0988150193003619,2482.9771180796515
veh_per_driver,97.60253317249699,3.48,2.0440289505428226,0,0,10.158021712907116,0,0,0,1.0988150193003619,2482.9771180796515
veh_per_driver,97.60253317249699,3.6,2.0440289505428226,0,0,10.158021712907116,0,0,0,1.0988150193003619,2482.9771180796515
veh_per_driver,97.60253317249699,3.7199999999999998,2.0440289505428226,0,0,10.158021712907116,0,0,0,1.0988150193003619,2482.9771180796515
veh_per_driver,97.60253317249699,3.84,2.0440289505428226,0,0,10.158021712907116,0,0,0,1.0988150193003619,2482.9771180796515
veh_per_driver,97.60253317249699,3.96,2.0440289505428226,0,0,10.158021712907116,0,0,0,1.0988150193003619,2482.9771180796515
veh_per_driver,97.60253317249699,4.08,2.0440289505428226,0,0,10.158021712907116,0,0,0,1.0988150193003619,2482.9771180796515
veh_per_driver,97.60253317249699,4.2,2.0440289505428226,0,0,10.158021712907116,0,0,0,1.0988150193003619,2482.9771180796515
veh_per_driver,97.60253317249699,4.32,2.0440289505428226,0,0,10.158021712907116,0,0,0,1.0988150193003619,2482.9771180796515
veh_per_driver,97.60253317249699,4.44,2.0440289505428226,0,0,10.158021712907116,0,0,0,1.0988150193003619,2482.9771180796515
veh_per_driver,97.60253317249699,4.56,2.0440289505428226,0,0,10.158021712907116,0,0,0,1.0988150193003619,2482.9771180796515
veh_per_driver,97.60253317249699,4.68,2.0440289505428226,0,0,10.158021712907116,0,0,0,1.0988150193003619,2482.9771180796515
veh_per_driver,97.60253317249699,4.8,2.0440289505428226,0,0,10.158021712907116,0,0,0,1.0988150193003619,2482.9771180796515
veh_per_driver,97.60253317249699,4.92,2.0440289505428226,0,0,10.158021712907116,0,0,0,1.0988150193003619,2482.9771180796515
veh_per_driver,97.60253317249699,5.04,2.0440289505428226,0,0,10.158021712907116,0,0,0,1.0988150193003619,2482.9771180796515
veh_per_driver,97.60253317249699,5.16,2.0440289505428226,0,0,10.158021712907116,0,0,0,1.0988150193003619,2482.9771180796515
veh_per_driver,97.60253317249699,5.28,2.0440289505428226,0,0,10.158021712907116,0,0,0,1.0988150193003619,2482.9771180796515
veh_per_driver,97.60253317249699,5.3999999999999995,2.0440289505428226,0,0,10.158021712907116,0,0,0,1.0988150193003619,2482.9771180796515
veh_per_driver,97.60253317249699,5.52,2.0440289505428226,0,0,10.158021712907116,0,0,0,1.0988150193003619,2482.9771180796515
veh_per_driver,97.60253317249699,5.64,2.0440289505428226,0,0,10.158021712907116,0,0,0,1.0988150193003619,2482.9771180796515
veh_per_driver,97.60253317249699,5.76,2.0440289505428226,0,0,10.158021712907116,0,0,0,1.0988150193003619,2482.9771180796515
veh_per_driver,97.60253317249699,5.88,2.0440289505428226,0,0,10.158021712907116,0,0,0,1.0988150193003619,2482.9771180796515
veh_per_driver,97.60253317249699,6,2.0440289505428226,0,0,10.158021712907116,0,0,0,1.0988150193003619,2482.9771180796515
veh_per_driver,97.60253317249699,6.12,2.0440289505428226,0,0,10.158021712907116,0,0,0,1.0988150193003619,2482.9771180796515
veh_per_driver,97.60253317249699,6.24,2.0440289505428226,0,0,10.158021712907116,0,0,0,1.0988150193003619,2482.9771180796515
veh_per_driver,97.60253317249699,6.36,2.0440289505428226,0,0,10.158021712907116,0,0,0,1.0988150193003619,2482.9771180796515
veh_per_driver,97.60253317249699,6.4799999999999995,2.0440289505428226,0,0,10.158021712907116,0,0,0,1.0988150193003619,2482.9771180796515
veh_per_driver,97.60253317249699,6.6,2.0440289505428226,0,0,10.158021712907116,0,0,0,1.0988150193003619,2482.9771180796515
veh_per_driver,97.60253317249699,6.72,2.0440289505428226,0,0,10.158021712907116,0,0,0,1.0988150193003619,2482.9771180796515
veh_per_driver,97.60253317249699,6.84,2.0440289505428226,0,0,10.158021712907116,0,0,0,1.0988150193003619,2482.9771180796515
veh_per_driver,97.60253317249699,6.96,2.0440289505428226,0,0,10.158021712907116,0,0,0,1.0988150193003619,2482.9771180796515
veh_per_driver,97.60253317249699,7.08,2.0440289505428226,0,0,10.158021712907116,0,0,0,1.0988150193003619,2482.9771180796515
veh_per_driver,97.60253317249699,7.2,2.0440289505428226,0,0,10.158021712907116,0,0,0,1.0988150193003619,2482.9771180796515
veh_per_driver,97.60253317249699,7.319999999999999,2.0440289505428226,0,0,10.158021712907116,0,0,0,1.0988150193003619,2482.9771180796515
veh_per_driver,97.60253317249699,7.4399999999999995,2.0440289505428226,0,0,10.158021712907116,0,0,0,1.0988150193003619,2482.9771180796515
veh_per_driver,97.60253317249699,7.56,2.0440289505428226,0,0,10.158021712907116,0,0,0,1.0988150193003619,2482.9771180796515
veh_per_driver,97.60253317249699,7.68,2.0440289505428226,0,0,10.158021712907116,0,0,0,1.0988150193003619,2482.9771180796515
veh_per_driver,97.60253317249699,7.8,2.0440289505428226,0,0,10.158021712907116,0,0,0,1.0988150193003619,2482.9771180796515
veh_per_driver,97.60253317249699,7.92,2.0440289505428226,0,0,10.158021712907116,0,0,0,1.0988150193003619,2482.9771180796515
veh_per_driver,97.60253317249699,8.04,2.0440289505428226,0,0,10.158021712907116,0,0,0,1.0988150193003619,2482.9771180796515
veh_per_driver,97.60253317249699,8.159999999999998,2.0440289505428226,0,0,10.158021712907116,0,0,0,1.0988150193003619,2482.9771180796515
veh_per_driver,97.60253317249699,8.28,2.0440289505428226,0,0,10.158021712907116,0,0,0,1.0988150193003619,2482.9771180796515
veh_per_driver,97.60253317249699,8.399999999999999,2.0440289505428226,0,0,10.158021712907116,0,0,0,1.0988150193003619,2482.9771180796515
veh_per_driver,97.60253317249699,8.52,2.0440289505428226,0,0,10.158021712907116,0,0,0,1.0988150193003619,2482.9771180796515
veh_per_driver,97.60253317249699,8.639999999999999,2.0440289505428226,0,0,10.158021712907116,0,0,0,1.0988150193003619,2482.9771180796515
veh_per_driver,97.60253317249699,8.76,2.0440289505428226,0,0,10.158021712907116,0,0,0,1.0988150193003619,2482.9771180796515
veh_per_driver,97.60253317249699,8.879999999999999,2.0440289505428226,0,0,10.158021712907116,0,0,0,1.0988150193003619,2482.9771180796515
veh_per_driver,97.60253317249699,8.999999999999998,2.0440289505428226,0,0,10.158021712907116,0,0,0,1.0988150193003619,2482.9771180796515
veh_per_driver,97.60253317249699,9.12,2.0440289505428226,0,0,10.158021712907116,0,0,0,1.0988150193003619,2482.9771180796515
veh_per_driver,97.60253317249699,9.239999999999998,2.0440289505428226,0,0,10.158021712907116,0,0,0,1.0988150193003619,2482.9771180796515
veh_per_driver,97.60253317249699,9.36,2.0440289505428226,0,0,10.158021712907116,0,0,0,1.0988150193003619,2482.9771180796515
veh_per_driver,97.60253317249699,9.479999999999999,2.0440289505428226,0,0,10.158021712907116,0,0,0,1.0988150193003619,2482.9771180796515
veh_per_driver,97.60253317249699,9.6,2.0440289505428226,0,0,10.158021712907116,0,0,0,1.0988150193003619,2482.9771180796515
veh_per_driver,97.60253317249699,9.719999999999999,2.0440289505428226,0,0,10.158021712907116,0,0,0,1.0988150193003619,2482.9771180796515
veh_per_driver,97.60253317249699,9.839999999999998,2.0440289505428226,0,0,10.158021712907116,0,0,0,1.0988150193003619,2482.9771180796515
veh_per_driver,97.60253317249699,9.959999999999999,2.0440289505428226,0,0,10.158021712907116,0,0,0,1.0988150193003619,2482.9771180796515
veh_per_driver,97.60253317249699,10.079999999999998,2.0440289505428226,0,0,10.158021712907116,0,0,0,1.0988150193003619,2482.9771180796515
veh_per_driver,97.60253317249699,10.2,2.0440289505428226,0,0,10.158021712907116,0,0,0,1.0988150193003619,2482.9771180796515
veh_per_driver,97.60253317249699,10.319999999999999,2.0440289505428226,0,0,10.158021712907116,0,0,0,1.0988150193003619,2482.9771180796515
veh_per_driver,97.60253317249699,10.44,2.0440289505428226,0,0,10.158021712907116,0,0,0,1.0988150193003619,2482.9771180796515
veh_per_driver,97.60253317249699,10.559999999999999,2.0440289505428226,0,0,10.158021712907116,0,0,0,1.0988150193003619,2482.9771180796515
veh_per_driver,97.60253317249699,10.679999999999998,2.0440289505428226,0,0,10.158021712907116,0,0,0,1.0988150193003619,2482.9771180796515
veh_per_driver,97.60253317249699,10.799999999999999,2.0440289505428226,0,0,10.158021712907116,0,0,0,1.0988150193003619,2482.9771180796515
veh_per_driver,97.60253317249699,10.919999999999998,2.0440289505428226,0,0,10.158021712907116,0,0,0,1.0988150193003619,2482.9771180796515
veh_per_driver,97.60253317249699,11.04,2.0440289505428226,0,0,10.158021712907116,0,0,0,1.0988150193003619,2482.9771180796515
veh_per_driver,97.60253317249699,11.159999999999998,2.0440289505428226,0,0,10.158021712907116,0,0,0,1.0988150193003619,2482.9771180796515
veh_per_driver,97.60253317249699,11.28,2.0440289505428226,0,0,10.158021712907116,0,0,0,1.0988150193003619,2482.9771180796515
veh_per_driver,97.60253317249699,11.399999999999999,2.0440289505428226,0,0,10.158021712907116,0,0,0,1.0988150193003619,2482.9771180796515
veh_per_driver,97.60253317249699,11.52,2.0440289505428226,0,0,10.158021712907116,0,0,0,1.0988150193003619,2482.9771180796515
veh_per_driver,97.60253317249699,11.639999999999999,2.0440289505428226,0,0,10.158021712907116,0,0,0,1.0988150193003619,2482.9771180796515
veh_per_driver,97.60253317249699,11.759999999999998,2.0440289505428226,0,0,10.158021712907116,0,0,0,1.0988150193003619,2482.9771180796515
veh_per_driver,97.60253317249699,11.879999999999999,2.0440289505428226,0,0,10.158021712907116,0,0,0,1.0988150193003619,2482.9771180796515
veh_per_driver,97.60253317249699,11.999999999999998,2.0440289505428226,0,0,10.158021712907116,0,0,0,1.0988150193003619,2482.9771180796515
n_adults,97.60253317249699,1.0897868918375553,1.06,0,0,10.158021712907116,0,0,0,1.0988150193003619,2482.9771180796515
n_adults,97.60253317249699,1.0897868918375553,1.12,0,0,10.158021712907116,0,0,0,1.0988150193003619,2482.9771180796515
n_adults,97.60253317249699,1.0897868918375553,1.1800000000000002,0,0,10.158021712907116,0,0,0,1.0988150193003619,2482.9771180796515
n_adults,97.60253317249699,1.0897868918375553,1.24,0,0,10.158021712907116,0,0,0,1.0988150193003619,2482.9771180796515
n_adults,97.60253317249699,1.0897868918375553,1.3,0,0,10.158021712907116,0,0,0,1.0988150193003619,2482.9771180796515
n_adults,97.60253317249699,1.0897868918375553,1.36,0,0,10.158021712907116,0,0,0,1.0988150193003619,2482.9771180796515
n_adults,97.60253317249699,1.0897868918375553,1.42,0,0,10.158021712907116,0,0,0,1.0988150193003619,2482.9771180796515
n_adults,97.60253317249699,1.0897868918375553,1.48,0,0,10.158021712907116,0,0,0,1.0988150193003619,2482.9771180796515
n_adults,97.60253317249699,1.0897868918375553,1.54,0,0,10.158021712907116,0,0,0,1.0988150193003619,2482.9771180796515
n_adults,97.60253317249699,1.0897868918375553,1.6,0,0,10.158021712907116,0,0,0,1.0988150193003619,2482.9771180796515
n_adults,97.60253317249699,1.0897868918375553,1.6600000000000001,0,0,10.158021712907116,0,0,0,1.0988150193003619,2482.9771180796515
n_adults,97.60253317249699,1.0897868918375553,1.72,0,0,10.158021712907116,0,0,0,1.0988150193003619,2482.9771180796515
n_adults,97.60253317249699,1.0897868918375553,1.78,0,0,10.158021712907116,0,0,0,1.0988150193003619,2482.9771180796515
n_adults,97.60253317249699,1.0897868918375553,1.84,0,0,10.158021712907116,0,0,0,1.0988150193003619,2482.9771180796515
n_adults,97.60253317249699,1.0897868918375553,1.9,0,0,10.158021712907116,0,0,0,1.0988150193003619,2482.9771180796515
n_adults,97.60253317249699,1.0897868918375553,1.96,0,0,10.158021712907116,0,0,0,1.0988150193003619,2482.9771180796515
n_adults,97.60253317249699,1.0897868918375553,2.02,0,0,10.158021712907116,0,0,0,1.0988150193003619,2482.9771180796515
n_adults,97.60253317249699,1.0897868918375553,2.08,0,0,10.158021712907116,0,0,0,1.0988150193003619,2482.9771180796515
n_adults,97.60253317249699,1.0897868918375553,2.14,0,0,10.158021712907116,0,0,0,1.0988150193003619,2482.9771180796515
n_adults,97.60253317249699,1.0897868918375553,2.2,0,0,10.158021712907116,0,0,0,1.0988150193003619,2482.9771180796515
n_adults,97.60253317249699,1.0897868918375553,2.26,0,0,10.158021712907116,0,0,0,1.0988150193003619,2482.9771180796515
n_adults,97.60253317249699,1.0897868918375553,2.3200000000000003,0,0,10.158021712907116,0,0,0,1.0988150193003619,2482.9771180796515
n_adults,97.60253317249699,1.0897868918375553,2.38,0,0,10.158021712907116,0,0,0,1.0988150193003619,2482.9771180796515
n_adults,97.60253317249699,1.0897868918375553,2.44,0,0,10.158021712907116,0,0,0,1.0988150193003619,2482.9771180796515
n_adults,97.60253317249699,1.0897868918375553,2.5,0,0,10.158021712907116,0,0,0,1.0988150193003619,2482.9771180796515
n_adults,97.60253317249699,1.0897868918375553,2.56,0,0,10.158021712907116,0,0,0,1.0988150193003619,2482.9771180796515
n_adults,97.60253317249699,1.0897868918375553,2.62,0,0,10.158021712907116,0,0,0,1.0988150193003619,2482.9771180796515
n_adults,97.60253317249699,1.0897868918375553,2.6799999999999997,0,0,10.158021712907116,0,0,0,1.0988150193003619,2482.9771180796515
n_adults,97.60253317249699,1.0897868918375553,2.74,0,0,10.158021712907116,0,0,0,1.0988150193003619,2482.9771180796515
n_adults,97.60253317249699,1.0897868918375553,2.8,0,0,10.158021712907116,0,0,0,1.0988150193003619,2482.9771180796515
n_adults,97.60253317249699,1.0897868918375553,2.86,0,0,10.158021712907116,0,0,0,1.0988150193003619,2482.9771180796515
n_adults,97.60253317249699,1.0897868918375553,2.92,0,0,10.158021712907116,0,0,0,1.0988150193003619,2482.9771180796515
n_adults,97.60253317249699,1.0897868918375553,2.98,0,0,10.158021712907116,0,0,0,1.0988150193003619,2482.9771180796515
n_adults,97.60253317249699,1.0897868918375553,3.04,0,0,10.158021712907116,0,0,0,1.0988150193003619,2482.9771180796515
n_adults,97.60253317249699,1.0897868918375553,3.1,0,0,10.158021712907116,0,0,0,1.0988150193003619,2482.9771180796515
n_adults,97.60253317249699,1.0897868918375553,3.16,0,0,10.158021712907116,0,0,0,1.0988150193003619,2482.9771180796515
n_adults,97.60253317249699,1.0897868918375553,3.22,0,0,10.158021712907116,0,0,0,1.0988150193003619,2482.9771180796515
n_adults,97.60253317249699,1.0897868918375553,3.28,0,0,10.158021712907116,0,0,0,1.0988150193003619,2482.9771180796515
n_adults,97.60253317249699,1.0897868918375553,3.34,0,0,10.158021712907116,0,0,0,1.0988150193003619,2482.9771180796515
n_adults,97.60253317249699,1.0897868918375553,3.4,0,0,10.158021712907116,0,0,0,1.0988150193003619,2482.9771180796515
n_adults,97.60253317249699,1.0897868918375553,3.46,0,0,10.158021712907116,0,0,0,1.0988150193003619,2482.9771180796515
n_adults,97.60253317249699,1.0897868918375553,3.52,0,0,10.158021712907116,0,0,0,1.0988150193003619,2482.9771180796515
n_adults,97.60253317249699,1.0897868918375553,3.58,0,0,10.158021712907116,0,0,0,1.0988150193003619,2482.9771180796515
n_adults,97.60253317249699,1.0897868918375553,3.64,0,0,10.158021712907116,0,0,0,1.0988150193003619,2482.9771180796515
n_adults,97.60253317249699,1.0897868918375553,3.6999999999999997,0,0,10.158021712907116,0,0,0,1.0988150193003619,2482.9771180796515
n_adults,97.60253317249699,1.0897868918375553,3.76,0,0,10.158021712907116,0,0,0,1.0988150193003619,2482.9771180796515
n_adults,97.60253317249699,1.0897868918375553,3.82,0,0,10.158021712907116,0,0,0,1.0988150193003619,2482.9771180796515
n_adults,97.60253317249699,1.0897868918375553,3.88,0,0,10.158021712907116,0,0,0,1.0988150193003619,2482.9771180796515
n_adults,97.60253317249699,1.0897868918375553,3.94,0,0,10.158021712907116,0,0,0,1.0988150193003619,2482.9771180796515
n_adults,97.60253317249699,1.0897868918375553,4,0,0,10.158021712907116,0,0,0,1.0988150193003619,2482.9771180796515
n_adults,97.60253317249699,1.0897868918375553,4.0600000000000005,0,0,10.158021712907116,0,0,0,1.0988150193003619,2482.9771180796515
n_adults,97.60253317249699,1.0897868918375553,4.12,0,0,10.158021712907116,0,0,0,1.0988150193003619,2482.9771180796515
n_adults,97.60253317249699,1.0897868918375553,4.18,0,0,10.158021712907116,0,0,0,1.0988150193003619,2482.9771180796515
n_adults,97.60253317249699,1.0897868918375553,4.24,0,0,10.158021712907116,0,0,0,1.0988150193003619,2482.9771180796515
n_adults,97.60253317249699,1.0897868918375553,4.3,0,0,10.158021712907116,0,0,0,1.0988150193003619,2482.9771180796515
n_adults,97.60253317249699,1.0897868918375553,4.359999999999999,0,0,10.158021712907116,0,0,0,1.0988150193003619,2482.9771180796515
n_adults,97.60253317249699,1.0897868918375553,4.42,0,0,10.158021712907116,0,0,0,1.0988150193003619,2482.9771180796515
n_adults,97.60253317249699,1.0897868918375553,4.48,0,0,10.158021712907116,0,0,0,1.0988150193003619,2482.9771180796515
n_adults,97.60253317249699,1.0897868918375553,4.54,0,0,10.158021712907116,0,0,0,1.0988150193003619,2482.9771180796515
n_adults,97.60253317249699,1.0897868918375553,4.6,0,0,10.158021712907116,0,0,0,1.0988150193003619,2482.9771180796515
n_adults,97.60253317249699,1.0897868918375553,4.66,0,0,10.158021712907116,0,0,0,1.0988150193003619,2482.9771180796515
n_adults,97.60253317249699,1.0897868918375553,4.72,0,0,10.158021712907116,0,0,0,1.0988150193003619,2482.9771180796515
n_adults,97.60253317249699,1.0897868918375553,4.779999999999999,0,0,10.158021712907116,0,0,0,1.0988150193003619,2482.9771180796515
n_adults,97.60253317249699,1.0897868918375553,4.84,0,0,10.158021712907116,0,0,0,1.0988150193003619,2482.9771180796515
n_adults,97.60253317249699,1.0897868918375553,4.9,0,0,10.158021712907116,0,0,0,1.0988150193003619,2482.9771180796515
n_adults,97.60253317249699,1.0897868918375553,4.96,0,0,10.158021712907116,0,0,0,1.0988150193003619,2482.9771180796515
n_adults,97.60253317249699,1.0897868918375553,5.02,0,0,10.158021712907116,0,0,0,1.0988150193003619,2482.9771180796515
n_adults,97.60253317249699,1.0897868918375553,5.08,0,0,10.158021712907116,0,0,0,1.0988150193003619,2482.9771180796515
n_adults,97.60253317249699,1.0897868918375553,5.140000000000001,0,0,10.158021712907116,0,0,0,1.0988150193003619,2482.9771180796515
n_adults,97.60253317249699,1.0897868918375553,5.199999999999999,0,0,10.158021712907116,0,0,0,1.0988150193003619,2482.9771180796515
n_adults,97.60253317249699,1.0897868918375553,5.26,0,0,10.158021712907116,0,0,0,1.0988150193003619,2482.9771180796515
n_adults,97.60253317249699,1.0897868918375553,5.32,0,0,10.158021712907116,0,0,0,1.0988150193003619,2482.9771180796515
n_adults,97.60253317249699,1.0897868918375553,5.380000000000001,0,0,10.158021712907116,0,0,0,1.0988150193003619,2482.9771180796515
n_adults,97.60253317249699,1.0897868918375553,5.4399999999999995,0,0,10.158021712907116,0,0,0,1.0988150193003619,2482.9771180796515
n_adults,97.60253317249699,1.0897868918375553,5.5,0,0,10.158021712907116,0,0,0,1.0988150193003619,2482.9771180796515
n_adults,97.60253317249699,1.0897868918375553,5.5600000000000005,0,0,10.158021712907116,0,0,0,1.0988150193003619,2482.9771180796515
n_adults,97.60253317249699,1.0897868918375553,5.619999999999999,0,0,10.158021712907116,0,0,0,1.0988150193003619,2482.9771180796515
n_adults,97.60253317249699,1.0897868918375553,5.68,0,0,10.158021712907116,0,0,0,1.0988150193003619,2482.9771180796515
n_adults,97.60253317249699,1.0897868918375553,5.74,0,0,10.158021712907116,0,0,0,1.0988150193003619,2482.9771180796515
n_adults,97.60253317249699,1.0897868918375553,5.800000000000001,0,0,10.158021712907116,0,0,0,1.0988150193003619,2482.9771180796515
n_adults,97.60253317249699,1.0897868918375553,5.859999999999999,0,0,10.158021712907116,0,0,0,1.0988150193003619,2482.9771180796515
n_adults,97.60253317249699,1.0897868918375553,5.92,0,0,10.158021712907116,0,0,0,1.0988150193003619,2482.9771180796515
n_adults,97.60253317249699,1.0897868918375553,5.98,0,0,10.158021712907116,0,0,0,1.0988150193003619,2482.9771180796515
n_adults,97.60253317249699,1.0897868918375553,6.039999999999999,0,0,10.158021712907116,0,0,0,1.0988150193003619,2482.9771180796515
n_adults,97.60253317249699,1.0897868918375553,6.1,0,0,10.158021712907116,0,0,0,1.0988150193003619,2482.9771180796515
n_adults,97.60253317249699,1.0897868918375553,6.16,0,0,10.158021712907116,0,0,0,1.0988150193003619,2482.9771180796515
n_adults,97.60253317249699,1.0897868918375553,6.220000000000001,0,0,10.158021712907116,0,0,0,1.0988150193003619,2482.9771180796515
n_adults,97.60253317249699,1.0897868918375553,6.279999999999999,0,0,10.158021712907116,0,0,0,1.0988150193003619,2482.9771180796515
n_adults,97.60253317249699,1.0897868918375553,6.34,0,0,10.158021712907116,0,0,0,1.0988150193003619,2482.9771180796515
n_adults,97.60253317249699,1.0897868918375553,6.4,0,0,10.158021712907116,0,0,0,1.0988150193003619,2482.9771180796515
n_adults,97.60253317249699,1.0897868918375553,6.459999999999999,0,0,10.158021712907116,0,0,0,1.0988150193003619,2482.9771180796515
n_adults,97.60253317249699,1.0897868918375553,6.52,0,0,10.158021712907116,0,0,0,1.0988150193003619,2482.9771180796515
n_adults,97.60253317249699,1.0897868918375553,6.58,0,0,10.158021712907116,0,0,0,1.0988150193003619,2482.9771180796515
n_adults,97.60253317249699,1.0897868918375553,6.640000000000001,0,0,10.158021712907116,0,0,0,1.0988150193003619,2482.9771180796515
n_adults,97.60253317249699,1.0897868918375553,6.699999999999999,0,0,10.158021712907116,0,0,0,1.0988150193003619,2482.9771180796515
n_adults,97.60253317249699,1.0897868918375553,6.76,0,0,10.158021712907116,0,0,0,1.0988150193003619,2482.9771180796515
n_adults,97.60253317249699,1.0897868918375553,6.82,0,0,10.158021712907116,0,0,0,1.0988150193003619,2482.9771180796515
n_adults,97.60253317249699,1.0897868918375553,6.879999999999999,0,0,10.158021712907116,0,0,0,1.0988150193003619,2482.9771180796515
n_adults,97.60253317249699,1.0897868918375553,6.9399999999999995,0,0,10.158021712907116,0,0,0,1.0988150193003619,2482.9771180796515
n_adults,97.60253317249699,1.0897868918375553,7,0,0,10.158021712907116,0,0,0,1.0988150193003619,2482.9771180796515
non_work_mom,97.60253317249699,1.0897868918375553,2.0440289505428226,0,0,10.158021712907116,0,0,0,1.0988150193003619,2482.9771180796515
non_work_mom,97.60253317249699,1.0897868918375553,2.0440289505428226,1,0,10.158021712907116,0,0,0,1.0988150193003619,2482.9771180796515
non_work_dad,97.60253317249699,1.0897868918375553,2.0440289505428226,0,0,10.158021712907116,0,0,0,1.0988150193003619,2482.9771180796515
non_work_dad,97.60253317249699,1.0897868918375553,2.0440289505428226,0,1,10.158021712907116,0,0,0,1.0988150193003619,2482.9771180796515
age,97.60253317249699,1.0897868918375553,2.0440289505428226,0,0,8.05,0,0,0,1.0988150193003619,2482.9771180796515
age,97.60253317249699,1.0897868918375553,2.0440289505428226,0,0,8.100000000000001,0,0,0,1.0988150193003619,2482.9771180796515
age,97.60253317249699,1.0897868918375553,2.0440289505428226,0,0,8.15,0,0,0,1.0988150193003619,2482.9771180796515
age,97.60253317249699,1.0897868918375553,2.0440289505428226,0,0,8.200000000000001,0,0,0,1.0988150193003619,2482.9771180796515
age,97.60253317249699,1.0897868918375553,2.0440289505428226,0,0,8.25,0,0,0,1.0988150193003619,2482.9771180796515
age,97.60253317249699,1.0897868918375553,2.0440289505428226,0,0,8.3,0,0,0,1.0988150193003619,2482.9771180796515
age,97.60253317249699,1.0897868918375553,2.0440289505428226,0,0,8.350000000000001,0,0,0,1.0988150193003619,2482.9771180796515
age,97.60253317249699,1.0897868918375553,2.0440289505428226,0,0,8.4,0,0,0,1.0988150193003619,2482.9771180796515
age,97.60253317249699,1.0897868918375553,2.0440289505428226,0,0,8.450000000000001,0,0,0,1.0988150193003619,2482.9771180796515
age,97.60253317249699,1.0897868918375553,2.0440289505428226,0,0,8.5,0,0,0,1.0988150193003619,2482.9771180796515
age,97.60253317249699,1.0897868918375553,2.0440289505428226,0,0,8.55,0,0,0,1.0988150193003619,2482.9771180796515
age,97.60253317249699,1.0897868918375553,2.0440289505428226,0,0,8.600000000000001,0,0,0,1.0988150193003619,2482.9771180796515
age,97.60253317249699,1.0897868918375553,2.0440289505428226,0,0,8.65,0,0,0,1.0988150193003619,2482.9771180796515
age,97.60253317249699,1.0897868918375553,2.0440289505428226,0,0,8.700000000000001,0,0,0,1.0988150193003619,2482.9771180796515
age,97.60253317249699,1.0897868918375553,2.0440289505428226,0,0,8.75,0,0,0,1.0988150193003619,2482.9771180796515
age,97.60253317249699,1.0897868918375553,2.0440289505428226,0,0,8.8,0,0,0,1.0988150193003619,2482.9771180796515
age,97.60253317249699,1.0897868918375553,2.0440289505428226,0,0,8.850000000000001,0,0,0,1.0988150193003619,2482.9771180796515
age,97.60253317249699,1.0897868918375553,2.0440289505428226,0,0,8.9,0,0,0,1.0988150193003619,2482.9771180796515
age,97.60253317249699,1.0897868918375553,2.0440289505428226,0,0,8.950000000000001,0,0,0,1.0988150193003619,2482.9771180796515
age,97.60253317249699,1.0897868918375553,2.0440289505428226,0,0,9,0,0,0,1.0988150193003619,2482.9771180796515
age,97.60253317249699,1.0897868918375553,2.0440289505428226,0,0,9.05,0,0,0,1.0988150193003619,2482.9771180796515
age,97.60253317249699,1.0897868918375553,2.0440289505428226,0,0,9.100000000000001,0,0,0,1.0988150193003619,2482.9771180796515
age,97.60253317249699,1.0897868918375553,2.0440289505428226,0,0,9.15,0,0,0,1.0988150193003619,2482.9771180796515
age,97.60253317249699,1.0897868918375553,2.0440289505428226,0,0,9.200000000000001,0,0,0,1.0988150193003619,2482.9771180796515
age,97.60253317249699,1.0897868918375553,2.0440289505428226,0,0,9.25,0,0,0,1.0988150193003619,2482.9771180796515
age,97.60253317249699,1.0897868918375553,2.0440289505428226,0,0,9.3,0,0,0,1.0988150193003619,2482.9771180796515
age,97.60253317249699,1.0897868918375553,2.0440289505428226,0,0,9.350000000000001,0,0,0,1.0988150193003619,2482.9771180796515
age,97.60253317249699,1.0897868918375553,2.0440289505428226,0,0,9.4,0,0,0,1.0988150193003619,2482.9771180796515
age,97.60253317249699,1.0897868918375553,2.0440289505428226,0,0,9.450000000000001,0,0,0,1.0988150193003619,2482.9771180796515
age,97.60253317249699,1.0897868918375553,2.0440289505428226,0,0,9.5,0,0,0,1.0988150193003619,2482.9771180796515
age,97.60253317249699,1.0897868918375553,2.0440289505428226,0,0,9.55,0,0,0,1.0988150193003619,2482.9771180796515
age,97.60253317249699,1.0897868918375553,2.0440289505428226,0,0,9.600000000000001,0,0,0,1.0988150193003619,2482.9771180796515
age,97.60253317249699,1.0897868918375553,2.0440289505428226,0,0,9.65,0,0,0,1.0988150193003619,2482.9771180796515
age,97.60253317249699,1.0897868918375553,2.0440289505428226,0,0,9.700000000000001,0,0,0,1.0988150193003619,2482.9771180796515
age,97.60253317249699,1.0897868918375553,2.0440289505428226,0,0,9.75,0,0,0,1.0988150193003619,2482.9771180796515
age,97.60253317249699,1.0897868918375553,2.0440289505428226,0,0,9.8,0,0,0,1.0988150193003619,2482.9771180796515
age,97.60253317249699,1.0897868918375553,2.0440289505428226,0,0,9.850000000000001,0,0,0,1.0988150193003619,2482.9771180796515
age,97.60253317249699,1.0897868918375553,2.0440289505428226,0,0,9.9,0,0,0,1.0988150193003619,2482.9771180796515
age,97.60253317249699,1.0897868918375553,2.0440289505428226,0,0,9.950000000000001,0,0,0,1.0988150193003619,2482.9771180796515
age,97.60253317249699,1.0897868918375553,2.0440289505428226,0,0,10,0,0,0,1.0988150193003619,2482.9771180796515
age,97.60253317249699,1.0897868918375553,2.0440289505428226,0,0,10.05,0,0,0,1.0988150193003619,2482.9771180796515
age,97.60253317249699,1.0897868918375553,2.0440289505428226,0,0,10.100000000000001,0,0,0,1.0988150193003619,2482.9771180796515
age,97.60253317249699,1.0897868918375553,2.0440289505428226,0,0,10.15,0,0,0,1.0988150193003619,2482.9771180796515
age,97.60253317249699,1.0897868918375553,2.0440289505428226,0,0,10.200000000000001,0,0,0,1.0988150193003619,2482.9771180796515
age,97.60253317249699,1.0897868918375553,2.0440289505428226,0,0,10.25,0,0,0,1.0988150193003619,2482.9771180796515
age,97.60253317249699,1.0897868918375553,2.0440289505428226,0,0,10.3,0,0,0,1.0988150193003619,2482.9771180796515
age,97.60253317249699,1.0897868918375553,2.0440289505428226,0,0,10.350000000000001,0,0,0,1.0988150193003619,2482.9771180796515
age,97.60253317249699,1.0897868918375553,2.0440289505428226,0,0,10.4,0,0,0,1.0988150193003619,2482.9771180796515
age,97.60253317249699,1.0897868918375553,2.0440289505428226,0,0,10.450000000000001,0,0,0,1.0988150193003619,2482.9771180796515
age,97.60253317249699,1.0897868918375553,2.0440289505428226,0,0,10.5,0,0,0,1.0988150193003619,2482.9771180796515
age,97.60253317249699,1.0897868918375553,2.0440289505428226,0,0,10.55,0,0,0,1.0988150193003619,2482.9771180796515
age,97.60253317249699,1.0897868918375553,2.0440289505428226,0,0,10.600000000000001,0,0,0,1.0988150193003619,2482.9771180796515
age,97.60253317249699,1.0897868918375553,2.0440289505428226,0,0,10.65,0,0,0,1.0988150193003619,2482.9771180796515
age,97.60253317249699,1.0897868918375553,2.0440289505428226,0,0,10.700000000000001,0,0,0,1.0988150193003619,2482.9771180796515
age,97.60253317249699,1.0897868918375553,2.0440289505428226,0,0,10.75,0,0,0,1.0988150193003619,2482.9771180796515
age,97.60253317249699,1.0897868918375553,2.0440289505428226,0,0,10.8,0,0,0,1.0988150193003619,2482.9771180796515
age,97.60253317249699,1.0897868918375553,2.0440289505428226,0,0,10.850000000000001,0,0,0,1.0988150193003619,2482.9771180796515
age,97.60253317249699,1.0897868918375553,2.0440289505428226,0,0,10.9,0,0,0,1.0988150193003619,2482.9771180796515
age,97.60253317249699,1.0897868918375553,2.0440289505428226,0,0,10.950000000000001,0,0,0,1.0988150193003619,2482.9771180796515
age,97.60253317249699,1.0897868918375553,2.0440289505428226,0,0,11,0,0,0,1.0988150193003619,2482.9771180796515
age,97.60253317249699,1.0897868918375553,2.0440289505428226,0,0,11.05,0,0,0,1.0988150193003619,2482.9771180796515
age,97.60253317249699,1.0897868918375553,2.0440289505428226,0,0,11.100000000000001,0,0,0,1.0988150193003619,2482.9771180796515
age,97.60253317249699,1.0897868918375553,2.0440289505428226,0,0,11.15,0,0,0,1.0988150193003619,2482.9771180796515
age,97.60253317249699,1.0897868918375553,2.0440289505428226,0,0,11.200000000000001,0,0,0,1.0988150193003619,2482.9771180796515
age,97.60253317249699,1.0897868918375553,2.0440289505428226,0,0,11.25,0,0,0,1.0988150193003619,2482.9771180796515
age,97.60253317249699,1.0897868918375553,2.0440289505428226,0,0,11.3,0,0,0,1.0988150193003619,2482.9771180796515
age,97.60253317249699,1.0897868918375553,2.0440289505428226,0,0,11.350000000000001,0,0,0,1.0988150193003619,2482.9771180796515
age,97.60253317249699,1.0897868918375553,2.0440289505428226,0,0,11.4,0,0,0,1.0988150193003619,2482.9771180796515
age,97.60253317249699,1.0897868918375553,2.0440289505428226,0,0,11.450000000000001,0,0,0,1.0988150193003619,2482.9771180796515
age,97.60253317249699,1.0897868918375553,2.0440289505428226,0,0,11.5,0,0,0,1.0988150193003619,2482.9771180796515
age,97.60253317249699,1.0897868918375553,2.0440289505428226,0,0,11.55,0,0,0,1.0988150193003619,2482.9771180796515
age,97.60253317249699,1.0897868918375553,2.0440289505428226,0,0,11.600000000000001,0,0,0,1.0988150193003619,2482.9771180796515
age,97.60253317249699,1.0897868918375553,2.0440289505428226,0,0,11.65,0,0,0,1.0988150193003619,2482.9771180796515
age,97.60253317249699,1.0897868918375553,2.0440289505428226,0,0,11.700000000000001,0,0,0,1.0988150193003619,2482.9771180796515
age,97.60253317249699,1.0897868918375553,2.0440289505428226,0,0,11.75,0,0,0,1.0988150193003619,2482.9771180796515
age,97.60253317249699,1.0897868918375553,2.0440289505428226,0,0,11.8,0,0,0,1.0988150193003619,2482.9771180796515
age,97.60253317249699,1.0897868918375553,2.0440289505428226,0,0,11.850000000000001,0,0,0,1.0988150193003619,2482.9771180796515
age,97.60253317249699,1.0897868918375553,2.0440289505428226,0,0,11.9,0,0,0,1.0988150193003619,2482.9771180796515
age,97.60253317249699,1.0897868918375553,2.0440289505428226,0,0,11.950000000000001,0,0,0,1.0988150193003619,2482.9771180796515
age,97.60253317249699,1.0897868918375553,2.0440289505428226,0,0,12,0,0,0,1.0988150193003619,2482.9771180796515
age,97.60253317249699,1.0897868918375553,2.0440289505428226,0,0,12.05,0,0,0,1.0988150193003619,2482.9771180796515
age,97.60253317249699,1.0897868918375553,2.0440289505428226,0,0,12.100000000000001,0,0,0,1.0988150193003619,2482.9771180796515
age,97.60253317249699,1.0897868918375553,2.0440289505428226,0,0,12.150000000000002,0,0,0,1.0988150193003619,2482.9771180796515
age,97.60253317249699,1.0897868918375553,2.0440289505428226,0,0,12.200000000000001,0,0,0,1.0988150193003619,2482.9771180796515
age,97.60253317249699,1.0897868918375553,2.0440289505428226,0,0,12.25,0,0,0,1.0988150193003619,2482.9771180796515
age,97.60253317249699,1.0897868918375553,2.0440289505428226,0,0,12.3,0,0,0,1.0988150193003619,2482.9771180796515
age,97.60253317249699,1.0897868918375553,2.0440289505428226,0,0,12.350000000000001,0,0,0,1.0988150193003619,2482.9771180796515
age,97.60253317249699,1.0897868918375553,2.0440289505428226,0,0,12.400000000000002,0,0,0,1.0988150193003619,2482.9771180796515
age,97.60253317249699,1.0897868918375553,2.0440289505428226,0,0,12.450000000000001,0,0,0,1.0988150193003619,2482.9771180796515
age,97.60253317249699,1.0897868918375553,2.0440289505428226,0,0,12.5,0,0,0,1.0988150193003619,2482.9771180796515
age,97.60253317249699,1.0897868918375553,2.0440289505428226,0,0,12.55,0,0,0,1.0988150193003619,2482.9771180796515
age,97.60253317249699,1.0897868918375553,2.0440289505428226,0,0,12.600000000000001,0,0,0,1.0988150193003619,2482.9771180796515
age,97.60253317249699,1.0897868918375553,2.0440289505428226,0,0,12.650000000000002,0,0,0,1.0988150193003619,2482.9771180796515
age,97.60253317249699,1.0897868918375553,2.0440289505428226,0,0,12.700000000000001,0,0,0,1.0988150193003619,2482.9771180796515
age,97.60253317249699,1.0897868918375553,2.0440289505428226,0,0,12.75,0,0,0,1.0988150193003619,2482.9771180796515
age,97.60253317249699,1.0897868918375553,2.0440289505428226,0,0,12.8,0,0,0,1.0988150193003619,2482.9771180796515
age,97.60253317249699,1.0897868918375553,2.0440289505428226,0,0,12.850000000000001,0,0,0,1.0988150193003619,2482.9771180796515
age,97.60253317249699,1.0897868918375553,2.0440289505428226,0,0,12.900000000000002,0,0,0,1.0988150193003619,2482.9771180796515
age,97.60253317249699,1.0897868918375553,2.0440289505428226,0,0,12.950000000000001,0,0,0,1.0988150193003619,2482.9771180796515
age,97.60253317249699,1.0897868918375553,2.0440289505428226,0,0,13,0,0,0,1.0988150193003619,2482.9771180796515
female,97.60253317249699,1.0897868918375553,2.0440289505428226,0,0,10.158021712907116,0,0,0,1.0988150193003619,2482.9771180796515
female,97.60253317249699,1.0897868918375553,2.0440289505428226,0,0,10.158021712907116,1,0,0,1.0988150193003619,2482.9771180796515
has_lil_sib,97.60253317249699,1.0897868918375553,2.0440289505428226,0,0,10.158021712907116,0,0,0,1.0988150193003619,2482.9771180796515
has_lil_sib,97.60253317249699,1.0897868918375553,2.0440289505428226,0,0,10.158021712907116,0,1,0,1.0988150193003619,2482.9771180796515
has_big_sib,97.60253317249699,1.0897868918375553,2.0440289505428226,0,0,10.158021712907116,0,0,0,1.0988150193003619,2482.9771180796515
has_big_sib,97.60253317249699,1.0897868918375553,2.0440289505428226,0,0,10.158021712907116,0,0,1,1.0988150193003619,2482.9771180796515
distance,97.60253317249699,1.0897868918375553,2.0440289505428226,0,0,10.158021712907116,0,0,0,1.0988150193003619,2482.9771180796515
distance,97.60253317249699,1.0897868918375553,2.0440289505428226,0,0,10.158021712907116,0,0,0,1.0988150193003619,2482.9771180796515
distance,97.60253317249699,1.0897868918375553,2.0440289505428226,0,0,10.158021712907116,0,0,0,1.0988150193003619,2482.9771180796515
distance,97.60253317249699,1.0897868918375553,2.0440289505428226,0,0,10.158021712907116,0,0,0,1.0988150193003619,2482.9771180796515
distance,97.60253317249699,1.0897868918375553,2.0440289505428226,0,0,10.158021712907116,0,0,0,1.0988150193003619,2482.9771180796515
distance,97.60253317249699,1.0897868918375553,2.0440289505428226,0,0,10.158021712907116,0,0,0,1.0988150193003619,2482.9771180796515
distance,97.60253317249699,1.0897868918375553,2.0440289505428226,0,0,10.158021712907116,0,0,0,1.0988150193003619,2482.9771180796515
distance,97.60253317249699,1.0897868918375553,2.0440289505428226,0,0,10.158021712907116,0,0,0,1.0988150193003619,2482.9771180796515
distance,97.60253317249699,1.0897868918375553,2.0440289505428226,0,0,10.158021712907116,0,0,0,1.0988150193003619,2482.9771180796515
distance,97.60253317249699,1.0897868918375553,2.0440289505428226,0,0,10.158021712907116,0,0,0,1.0988150193003619,2482.9771180796515
distance,97.60253317249699,1.0897868918375553,2.0440289505428226,0,0,10.158021712907116,0,0,0,1.0988150193003619,2482.9771180796515
distance,97.60253317249699,1.0897868918375553,2.0440289505428226,0,0,10.158021712907116,0,0,0,1.0988150193003619,2482.9771180796515
distance,97.60253317249699,1.0897868918375553,2.0440289505428226,0,0,10.158021712907116,0,0,0,1.0988150193003619,2482.9771180796515
distance,97.60253317249699,1.0897868918375553,2.0440289505428226,0,0,10.158021712907116,0,0,0,1.0988150193003619,2482.9771180796515
distance,97.60253317249699,1.0897868918375553,2.0440289505428226,0,0,10.158021712907116,0,0,0,1.0988150193003619,2482.9771180796515
distance,97.60253317249699,1.0897868918375553,2.0440289505428226,0,0,10.158021712907116,0,0,0,1.0988150193003619,2482.9771180796515
distance,97.60253317249699,1.0897868918375553,2.0440289505428226,0,0,10.158021712907116,0,0,0,1.0988150193003619,2482.9771180796515
distance,97.60253317249699,1.0897868918375553,2.0440289505428226,0,0,10.158021712907116,0,0,0,1.0988150193003619,2482.9771180796515
distance,97.60253317249699,1.0897868918375553,2.0440289505428226,0,0,10.158021712907116,0,0,0,1.0988150193003619,2482.9771180796515
distance,97.60253317249699,1.0897868918375553,2.0440289505428226,0,0,10.158021712907116,0,0,0,1.0988150193003619,2482.9771180796515
distance,97.60253317249699,1.0897868918375553,2.0440289505428226,0,0,10.158021712907116,0,0,0,1.0988150193003619,2482.9771180796515
distance,97.60253317249699,1.0897868918375553,2.0440289505428226,0,0,10.158021712907116,0,0,0,1.0988150193003619,2482.9771180796515
distance,97.60253317249699,1.0897868918375553,2.0440289505428226,0,0,10.158021712907116,0,0,0,1.0988150193003619,2482.9771180796515
distance,97.60253317249699,1.0897868918375553,2.0440289505428226,0,0,10.158021712907116,0,0,0,1.0988150193003619,2482.9771180796515
distance,97.60253317249699,1.0897868918375553,2.0440289505428226,0,0,10.158021712907116,0,0,0,1.0988150193003619,2482.9771180796515
distance,97.60253317249699,1.0897868918375553,2.0440289505428226,0,0,10.158021712907116,0,0,0,1.0988150193003619,2482.9771180796515
distance,97.60253317249699,1.0897868918375553,2.0440289505428226,0,0,10.158021712907116,0,0,0,1.0988150193003619,2482.9771180796515
distance,97.60253317249699,1.0897868918375553,2.0440289505428226,0,0,10.158021712907116,0,0,0,1.0988150193003619,2482.9771180796515
distance,97.60253317249699,1.0897868918375553,2.0440289505428226,0,0,10.158021712907116,0,0,0,1.0988150193003619,2482.9771180796515
distance,97.60253317249699,1.0897868918375553,2.0440289505428226,0,0,10.158021712907116,0,0,0,1.0988150193003619,2482.9771180796515
distance,97.60253317249699,1.0897868918375553,2.0440289505428226,0,0,10.158021712907116,0,0,0,1.0988150193003619,2482.9771180796515
distance,97.60253317249699,1.0897868918375553,2.0440289505428226,0,0,10.158021712907116,0,0,0,1.0988150193003619,2482.9771180796515
distance,97.60253317249699,1.0897868918375553,2.0440289505428226,0,0,10.158021712907116,0,0,0,1.0988150193003619,2482.9771180796515
distance,97.60253317249699,1.0897868918375553,2.0440289505428226,0,0,10.158021712907116,0,0,0,1.0988150193003619,2482.9771180796515
distance,97.60253317249699,1.0897868918375553,2.0440289505428226,0,0,10.158021712907116,0,0,0,1.0988150193003619,2482.9771180796515
distance,97.60253317249699,1.0897868918375553,2.0440289505428226,0,0,10.158021712907116,0,0,0,1.0988150193003619,2482.9771180796515
distance,97.60253317249699,1.0897868918375553,2.0440289505428226,0,0,10.158021712907116,0,0,0,1.0988150193003619,2482.9771180796515
distance,97.60253317249699,1.0897868918375553,2.0440289505428226,0,0,10.158021712907116,0,0,0,1.0988150193003619,2482.9771180796515
distance,97.60253317249699,1.0897868918375553,2.0440289505428226,0,0,10.158021712907116,0,0,0,1.0988150193003619,2482.9771180796515
distance,97.60253317249699,1.0897868918375553,2.0440289505428226,0,0,10.158021712907116,0,0,0,1.0988150193003619,2482.9771180796515
distance,97.60253317249699,1.0897868918375553,2.0440289505428226,0,0,10.158021712907116,0,0,0,1.0988150193003619,2482.9771180796515
distance,97.60253317249699,1.0897868918375553,2.0440289505428226,0,0,10.158021712907116,0,0,0,1.0988150193003619,2482.9771180796515
distance,97.60253317249699,1.0897868918375553,2.0440289505428226,0,0,10.158021712907116,0,0,0,1.0988150193003619,2482.9771180796515
distance,97.60253317249699,1.0897868918375553,2.0440289505428226,0,0,10.158021712907116,0,0,0,1.0988150193003619,2482.9771180796515
distance,97.60253317249699,1.0897868918375553,2.0440289505428226,0,0,10.158021712907116,0,0,0,1.0988150193003619,2482.9771180796515
distance,97.60253317249699,1.0897868918375553,2.0440289505428226,0,0,10.158021712907116,0,0,0,1.0988150193003619,2482.9771180796515
distance,97.60253317249699,1.0897868918375553,2.0440289505428226,0,0,10.158021712907116,0,0,0,1.0988150193003619,2482.9771180796515
distance,97.60253317249699,1.0897868918375553,2.0440289505428226,0,0,10.158021712907116,0,0,0,1.0988150193003619,2482.9771180796515
distance,97.60253317249699,1.0897868918375553,2.0440289505428226,0,0,10.158021712907116,0,0,0,1.0988150193003619,2482.9771180796515
distance,97.60253317249699,1.0897868918375553,2.0440289505428226,0,0,10.158021712907116,0,0,0,1.0988150193003619,2482.9771180796515
distance,97.60253317249699,1.0897868918375553,2.0440289505428226,0,0,10.158021712907116,0,0,0,1.0988150193003619,2482.9771180796515
distance,97.60253317249699,1.0897868918375553,2.0440289505428226,0,0,10.158021712907116,0,0,0,1.0988150193003619,2482.9771180796515
distance,97.60253317249699,1.0897868918375553,2.0440289505428226,0,0,10.158021712907116,0,0,0,1.0988150193003619,2482.9771180796515
distance,97.60253317249699,1.0897868918375553,2.0440289505428226,0,0,10.158021712907116,0,0,0,1.0988150193003619,2482.9771180796515
distance,97.60253317249699,1.0897868918375553,2.0440289505428226,0,0,10.158021712907116,0,0,0,1.0988150193003619,2482.9771180796515
distance,97.60253317249699,1.0897868918375553,2.0440289505428226,0,0,10.158021712907116,0,0,0,1.0988150193003619,2482.9771180796515
distance,97.60253317249699,1.0897868918375553,2.0440289505428226,0,0,10.158021712907116,0,0,0,1.0988150193003619,2482.9771180796515
distance,97.60253317249699,1.0897868918375553,2.0440289505428226,0,0,10.158021712907116,0,0,0,1.0988150193003619,2482.9771180796515
distance,97.60253317249699,1.0897868918375553,2.0440289505428226,0,0,10.158021712907116,0,0,0,1.0988150193003619,2482.9771180796515
distance,97.60253317249699,1.0897868918375553,2.0440289505428226,0,0,10.158021712907116,0,0,0,1.0988150193003619,2482.9771180796515
distance,97.60253317249699,1.0897868918375553,2.0440289505428226,0,0,10.158021712907116,0,0,0,1.0988150193003619,2482.9771180796515
distance,97.60253317249699,1.0897868918375553,2.0440289505428226,0,0,10.158021712907116,0,0,0,1.0988150193003619,2482.9771180796515
distance,97.60253317249699,1.0897868918375553,2.0440289505428226,0,0,10.158021712907116,0,0,0,1.0988150193003619,2482.9771180796515
distance,97.60253317249699,1.0897868918375553,2.0440289505428226,0,0,10.158021712907116,0,0,0,1.0988150193003619,2482.9771180796515
distance,97.60253317249699,1.0897868918375553,2.0440289505428226,0,0,10.158021712907116,0,0,0,1.0988150193003619,2482.9771180796515
distance,97.60253317249699,1.0897868918375553,2.0440289505428226,0,0,10.158021712907116,0,0,0,1.0988150193003619,2482.9771180796515
distance,97.60253317249699,1.0897868918375553,2.0440289505428226,0,0,10.158021712907116,0,0,0,1.0988150193003619,2482.9771180796515
distance,97.60253317249699,1.0897868918375553,2.0440289505428226,0,0,10.158021712907116,0,0,0,1.0988150193003619,2482.9771180796515
distance,97.60253317249699,1.0897868918375553,2.0440289505428226,0,0,10.158021712907116,0,0,0,1.0988150193003619,2482.9771180796515
distance,97.60253317249699,1.0897868918375553,2.0440289505428226,0,0,10.158021712907116,0,0,0,1.0988150193003619,2482.9771180796515
distance,97.60253317249699,1.0897868918375553,2.0440289505428226,0,0,10.158021712907116,0,0,0,1.0988150193003619,2482.9771180796515
distance,97.60253317249699,1.0897868918375553,2.0440289505428226,0,0,10.158021712907116,0,0,0,1.0988150193003619,2482.9771180796515
distance,97.60253317249699,1.0897868918375553,2.0440289505428226,0,0,10.158021712907116,0,0,0,1.0988150193003619,2482.9771180796515
distance,97.60253317249699,1.0897868918375553,2.0440289505428226,0,0,10.158021712907116,0,0,0,1.0988150193003619,2482.9771180796515
distance,97.60253317249699,1.0897868918375553,2.0440289505428226,0,0,10.158021712907116,0,0,0,1.0988150193003619,2482.9771180796515
distance,97.60253317249699,1.0897868918375553,2.0440289505428226,0,0,10.158021712907116,0,0,0,1.0988150193003619,2482.9771180796515
distance,97.60253317249699,1.0897868918375553,2.0440289505428226,0,0,10.158021712907116,0,0,0,1.0988150193003619,2482.9771180796515
distance,97.60253317249699,1.0897868918375553,2.0440289505428226,0,0,10.158021712907116,0,0,0,1.0988150193003619,2482.9771180796515
distance,97.60253317249699,1.0897868918375553,2.0440289505428226,0,0,10.158021712907116,0,0,0,1.0988150193003619,2482.9771180796515
distance,97.60253317249699,1.0897868918375553,2.0440289505428226,0,0,10.158021712907116,0,0,0,1.0988150193003619,2482.9771180796515
distance,97.60253317249699,1.0897868918375553,2.0440289505428226,0,0,10.158021712907116,0,0,0,1.0988150193003619,2482.9771180796515
distance,97.60253317249699,1.0897868918375553,2.0440289505428226,0,0,10.158021712907116,0,0,0,1.0988150193003619,2482.9771180796515
distance,97.60253317249699,1.0897868918375553,2.0440289505428226,0,0,10.158021712907116,0,0,0,1.0988150193003619,2482.9771180796515
distance,97.60253317249699,1.0897868918375553,2.0440289505428226,0,0,10.158021712907116,0,0,0,1.0988150193003619,2482.9771180796515
distance,97.60253317249699,1.0897868918375553,2.0440289505428226,0,0,10.158021712907116,0,0,0,1.0988150193003619,2482.9771180796515
distance,97.60253317249699,1.0897868918375553,2.0440289505428226,0,0,10.158021712907116,0,0,0,1.0988150193003619,2482.9771180796515
distance,97.60253317249699,1.0897868918375553,2.0440289505428226,0,0,10.158021712907116,0,0,0,1.0988150193003619,2482.9771180796515
distance,97.60253317249699,1.0897868918375553,2.0440289505428226,0,0,10.158021712907116,0,0,0,1.0988150193003619,2482.9771180796515
distance,97.60253317249699,1.0897868918375553,2.0440289505428226,0,0,10.158021712907116,0,0,0,1.0988150193003619,2482.9771180796515
distance,97.60253317249699,1.0897868918375553,2.0440289505428226,0,0,10.158021712907116,0,0,0,1.0988150193003619,2482.9771180796515
distance,97.60253317249699,1.0897868918375553,2.0440289505428226,0,0,10.158021712907116,0,0,0,1.0988150193003619,2482.9771180796515
distance,97.60253317249699,1.0897868918375553,2.0440289505428226,0,0,10.158021712907116,0,0,0,1.0988150193003619,2482.9771180796515
distance,97.60253317249699,1.0897868918375553,2.0440289505428226,0,0,10.158021712907116,0,0,0,1.0988150193003619,2482.9771180796515
distance,97.60253317249699,1.0897868918375553,2.0440289505428226,0,0,10.158021712907116,0,0,0,1.0988150193003619,2482.9771180796515
distance,97.60253317249699,1.0897868918375553,2.0440289505428226,0,0,10.158021712907116,0,0,0,1.0988150193003619,2482.9771180796515
distance,97.60253317249699,1.0897868918375553,2.0440289505428226,0,0,10.158021712907116,0,0,0,1.0988150193003619,2482.9771180796515
distance,97.60253317249699,1.0897868918375553,2.0440289505428226,0,0,10.158021712907116,0,0,0,1.0988150193003619,2482.9771180796515
distance,97.60253317249699,1.0897868918375553,2.0440289505428226,0,0,10.158021712907116,0,0,0,1.0988150193003619,2482.9771180796515
distance,97.60253317249699,1.0897868918375553,2.0440289505428226,0,0,10.158021712907116,0,0,0,1.0988150193003619,2482.9771180796515
distance,97.60253317249699,1.0897868918375553,2.0440289505428226,0,0,10.158021712907116,0,0,0,1.0988150193003619,2482.9771180796515
distance,97.60253317249699,1.0897868918375553,2.0440289505428226,0,0,10.158021712907116,0,0,0,1.0988150193003619,2482.9771180796515
distance,97.60253317249699,1.0897868918375553,2.0440289505428226,0,0,10.158021712907116,0,0,0,1.0988150193003619,2482.9771180796515
distance,97.60253317249699,1.0897868918375553,2.0440289505428226,0,0,10.158021712907116,0,0,0,1.0988150193003619,2482.9771180796515
distance,97.60253317249699,1.0897868918375553,2.0440289505428226,0,0,10.158021712907116,0,0,0,1.0988150193003619,2482.9771180796515
distance,97.60253317249699,1.0897868918375553,2.0440289505428226,0,0,10.158021712907116,0,0,0,1.0988150193003619,2482.9771180796515
distance,97.60253317249699,1.0897868918375553,2.0440289505428226,0,0,10.158021712907116,0,0,0,1.0988150193003619,2482.9771180796515
distance,97.60253317249699,1.0897868918375553,2.0440289505428226,0,0,10.158021712907116,0,0,0,1.0988150193003619,2482.9771180796515
distance,97.60253317249699,1.0897868918375553,2.0440289505428226,0,0,10.158021712907116,0,0,0,1.0988150193003619,2482.9771180796515
distance,97.60253317249699,1.0897868918375553,2.0440289505428226,0,0,10.158021712907116,0,0,0,1.0988150193003619,2482.9771180796515
distance,97.60253317249699,1.0897868918375553,2.0440289505428226,0,0,10.158021712907116,0,0,0,1.0988150193003619,2482.9771180796515
distance,97.60253317249699,1.0897868918375553,2.0440289505428226,0,0,10.158021712907116,0,0,0,1.0988150193003619,2482.9771180796515
distance,97.60253317249699,1.0897868918375553,2.0440289505428226,0,0,10.158021712907116,0,0,0,1.0988150193003619,2482.9771180796515
distance,97.60253317249699,1.0897868918375553,2.0440289505428226,0,0,10.158021712907116,0,0,0,1.0988150193003619,2482.9771180796515
distance,97.60253317249699,1.0897868918375553,2.0440289505428226,0,0,10.158021712907116,0,0,0,1.0988150193003619,2482.9771180796515
distance,97.60253317249699,1.0897868918375553,2.0440289505428226,0,0,10.158021712907116,0,0,0,1.0988150193003619,2482.9771180796515
distance,97.60253317249699,1.0897868918375553,2.0440289505428226,0,0,10.158021712907116,0,0,0,1.0988150193003619,2482.9771180796515
distance,97.60253317249699,1.0897868918375553,2.0440289505428226,0,0,10.158021712907116,0,0,0,1.0988150193003619,2482.9771180796515
distance,97.60253317249699,1.0897868918375553,2.0440289505428226,0,0,10.158021712907116,0,0,0,1.0988150193003619,2482.9771180796515
distance,97.60253317249699,1.0897868918375553,2.0440289505428226,0,0,10.158021712907116,0,0,0,1.0988150193003619,2482.9771180796515
distance,97.60253317249699,1.0897868918375553,2.0440289505428226,0,0,10.158021712907116,0,0,0,1.0988150193003619,2482.9771180796515
distance,97.60253317249699,1.0897868918375553,2.0440289505428226,0,0,10.158021712907116,0,0,0,1.0988150193003619,2482.9771180796515
distance,97.60253317249699,1.0897868918375553,2.0440289505428226,0,0,10.158021712907116,0,0,0,1.0988150193003619,2482.9771180796515
distance,97.60253317249699,1.0897868918375553,2.0440289505428226,0,0,10.158021712907116,0,0,0,1.0988150193003619,2482.9771180796515
distance,97.60253317249699,1.0897868918375553,2.0440289505428226,0,0,10.158021712907116,0,0,0,1.0988150193003619,2482.9771180796515
distance,97.60253317249699,1.0897868918375553,2.0440289505428226,0,0,10.158021712907116,0,0,0,1.0988150193003619,2482.9771180796515
distance,97.60253317249699,1.0897868918375553,2.0440289505428226,0,0,10.158021712907116,0,0,0,1.0988150193003619,2482.9771180796515
distance,97.60253317249699,1.0897868918375553,2.0440289505428226,0,0,10.158021712907116,0,0,0,1.0988150193003619,2482.9771180796515
distance,97.60253317249699,1.0897868918375553,2.0440289505428226,0,0,10.158021712907116,0,0,0,1.0988150193003619,2482.9771180796515
distance,97.60253317249699,1.0897868918375553,2.0440289505428226,0,0,10.158021712907116,0,0,0,1.0988150193003619,2482.9771180796515
distance,97.60253317249699,1.0897868918375553,2.0440289505428226,0,0,10.158021712907116,0,0,0,1.0988150193003619,2482.9771180796515
distance,97.60253317249699,1.0897868918375553,2.0440289505428226,0,0,10.158021712907116,0,0,0,1.0988150193003619,2482.9771180796515
distance,97.60253317249699,1.0897868918375553,2.0440289505428226,0,0,10.158021712907116,0,0,0,1.0988150193003619,2482.9771180796515
distance,97.60253317249699,1.0897868918375553,2.0440289505428226,0,0,10.158021712907116,0,0,0,1.0988150193003619,2482.9771180796515
distance,97.60253317249699,1.0897868918375553,2.0440289505428226,0,0,10.158021712907116,0,0,0,1.0988150193003619,2482.9771180796515
distance,97.60253317249699,1.0897868918375553,2.0440289505428226,0,0,10.158021712907116,0,0,0,1.0988150193003619,2482.9771180796515
distance,97.60253317249699,1.0897868918375553,2.0440289505428226,0,0,10.158021712907116,0,0,0,1.0988150193003619,2482.9771180796515
distance,97.60253317249699,1.0897868918375553,2.0440289505428226,0,0,10.158021712907116,0,0,0,1.0988150193003619,2482.9771180796515
distance,97.60253317249699,1.0897868918375553,2.0440289505428226,0,0,10.158021712907116,0,0,0,1.0988150193003619,2482.9771180796515
distance,97.60253317249699,1.0897868918375553,2.0440289505428226,0,0,10.158021712907116,0,0,0,1.0988150193003619,2482.9771180796515
distance,97.60253317249699,1.0897868918375553,2.0440289505428226,0,0,10.158021712907116,0,0,0,1.0988150193003619,2482.9771180796515
distance,97.60253317249699,1.0897868918375553,2.0440289505428226,0,0,10.158021712907116,0,0,0,1.0988150193003619,2482.9771180796515
distance,97.60253317249699,1.0897868918375553,2.0440289505428226,0,0,10.158021712907116,0,0,0,1.0988150193003619,2482.9771180796515
distance,97.60253317249699,1.0897868918375553,2.0440289505428226,0,0,10.158021712907116,0,0,0,1.0988150193003619,2482.9771180796515
distance,97.60253317249699,1.0897868918375553,2.0440289505428226,0,0,10.158021712907116,0,0,0,1.0988150193003619,2482.9771180796515
distance,97.60253317249699,1.0897868918375553,2.0440289505428226,0,0,10.158021712907116,0,0,0,1.0988150193003619,2482.9771180796515
distance,97.60253317249699,1.0897868918375553,2.0440289505428226,0,0,10.158021712907116,0,0,0,1.0988150193003619,2482.9771180796515
distance,97.60253317249699,1.0897868918375553,2.0440289505428226,0,0,10.158021712907116,0,0,0,1.0988150193003619,2482.9771180796515
distance,97.60253317249699,1.0897868918375553,2.0440289505428226,0,0,10.158021712907116,0,0,0,1.0988150193003619,2482.9771180796515
distance,97.60253317249699,1.0897868918375553,2.0440289505428226,0,0,10.158021712907116,0,0,0,1.0988150193003619,2482.9771180796515
distance,97.60253317249699,1.0897868918375553,2.0440289505428226,0,0,10.158021712907116,0,0,0,1.0988150193003619,2482.9771180796515
distance,97.60253317249699,1.0897868918375553,2.0440289505428226,0,0,10.158021712907116,0,0,0,1.0988150193003619,2482.9771180796515
distance,97.60253317249699,1.0897868918375553,2.0440289505428226,0,0,10.158021712907116,0,0,0,1.0988150193003619,2482.9771180796515
distance,97.60253317249699,1.0897868918375553,2.0440289505428226,0,0,10.158021712907116,0,0,0,1.0988150193003619,2482.9771180796515
distance,97.60253317249699,1.0897868918375553,2.0440289505428226,0,0,10.158021712907116,0,0,0,1.0988150193003619,2482.9771180796515
distance,97.60253317249699,1.0897868918375553,2.0440289505428226,0,0,10.158021712907116,0,0,0,1.0988150193003619,2482.9771180796515
distance,97.60253317249699,1.0897868918375553,2.0440289505428226,0,0,10.158021712907116,0,0,0,1.0988150193003619,2482.9771180796515
distance,97.60253317249699,1.0897868918375553,2.0440289505428226,0,0,10.158021712907116,0,0,0,1.0988150193003619,2482.9771180796515
distance,97.60253317249699,1.0897868918375553,2.0440289505428226,0,0,10.158021712907116,0,0,0,1.0988150193003619,2482.9771180796515
distance,97.60253317249699,1.0897868918375553,2.0440289505428226,0,0,10.158021712907116,0,0,0,1.0988150193003619,2482.9771180796515
distance,97.60253317249699,1.0897868918375553,2.0440289505428226,0,0,10.158021712907116,0,0,0,1.0988150193003619,2482.9771180796515
distance,97.60253317249699,1.0897868918375553,2.0440289505428226,0,0,10.158021712907116,0,0,0,1.0988150193003619,2482.9771180796515
distance,97.60253317249699,1.0897868918375553,2.0440289505428226,0,0,10.158021712907116,0,0,0,1.0988150193003619,2482.9771180796515
distance,97.60253317249699,1.0897868918375553,2.0440289505428226,0,0,10.158021712907116,0,0,0,1.0988150193003619,2482.9771180796515
distance,97.60253317249699,1.0897868918375553,2.0440289505428226,0,0,10.158021712907116,0,0,0,1.0988150193003619,2482.9771180796515
distance,97.60253317249699,1.0897868918375553,2.0440289505428226,0,0,10.158021712907116,0,0,0,1.0988150193003619,2482.9771180796515
distance,97.60253317249699,1.0897868918375553,2.0440289505428226,0,0,10.158021712907116,0,0,0,1.0988150193003619,2482.9771180796515
distance,97.60253317249699,1.0897868918375553,2.0440289505428226,0,0,10.158021712907116,0,0,0,1.0988150193003619,2482.9771180796515
distance,97.60253317249699,1.0897868918375553,2.0440289505428226,0,0,10.158021712907116,0,0,0,1.0988150193003619,2482.9771180796515
distance,97.60253317249699,1.0897868918375553,2.0440289505428226,0,0,10.158021712907116,0,0,0,1.0988150193003619,2482.9771180796515
distance,97.60253317249699,1.0897868918375553,2.0440289505428226,0,0,10.158021712907116,0,0,0,1.0988150193003619,2482.9771180796515
distance,97.60253317249699,1.0897868918375553,2.0440289505428226,0,0,10.158021712907116,0,0,0,1.0988150193003619,2482.9771180796515
distance,97.60253317249699,1.0897868918375553,2.0440289505428226,0,0,10.158021712907116,0,0,0,1.0988150193003619,2482.9771180796515
distance,97.60253317249699,1.0897868918375553,2.0440289505428226,0,0,10.158021712907116,0,0,0,1.0988150193003619,2482.9771180796515
distance,97.60253317249699,1.0897868918375553,2.0440289505428226,0,0,10.158021712907116,0,0,0,1.0988150193003619,2482.9771180796515
distance,97.60253317249699,1.0897868918375553,2.0440289505428226,0,0,10.158021712907116,0,0,0,1.0988150193003619,2482.9771180796515
distance,97.60253317249699,1.0897868918375553,2.0440289505428226,0,0,10.158021712907116,0,0,0,1.0988150193003619,2482.9771180796515
distance,97.60253317249699,1.0897868918375553,2.0440289505428226,0,0,10.158021712907116,0,0,0,1.0988150193003619,2482.9771180796515
distance,97.60253317249699,1.0897868918375553,2.0440289505428226,0,0,10.158021712907116,0,0,0,1.0988150193003619,2482.9771180796515
distance,97.60253317249699,1.0897868918375553,2.0440289505428226,0,0,10.158021712907116,0,0,0,1.0988150193003619,2482.9771180796515
distance,97.60253317249699,1.0897868918375553,2.0440289505428226,0,0,10.158021712907116,0,0,0,1.0988150193003619,2482.9771180796515
distance,97.60253317249699,1.0897868918375553,2.0440289505428226,0,0,10.158021712907116,0,0,0,1.0988150193003619,2482.9771180796515
distance,97.60253317249699,1.0897868918375553,2.0440289505428226,0,0,10.158021712907116,0,0,0,1.0988150193003619,2482.9771180796515
distance,97.60253317249699,1.0897868918375553,2.0440289505428226,0,0,10.158021712907116,0,0,0,1.0988150193003619,2482.9771180796515
distance,97.60253317249699,1.0897868918375553,2.0440289505428226,0,0,10.158021712907116,0,0,0,1.0988150193003619,2482.9771180796515
distance,97.60253317249699,1.0897868918375553,2.0440289505428226,0,0,10.158021712907116,0,0,0,1.0988150193003619,2482.9771180796515
distance,97.60253317249699,1.0897868918375553,2.0440289505428226,0,0,10.158021712907116,0,0,0,1.0988150193003619,2482.9771180796515
distance,97.60253317249699,1.0897868918375553,2.0440289505428226,0,0,10.158021712907116,0,0,0,1.0988150193003619,2482.9771180796515
distance,97.60253317249699,1.0897868918375553,2.0440289505428226,0,0,10.158021712907116,0,0,0,1.0988150193003619,2482.9771180796515
distance,97.60253317249699,1.0897868918375553,2.0440289505428226,0,0,10.158021712907116,0,0,0,1.0988150193003619,2482.9771180796515
distance,97.60253317249699,1.0897868918375553,2.0440289505428226,0,0,10.158021712907116,0,0,0,1.0988150193003619,2482.9771180796515
distance,97.60253317249699,1.0897868918375553,2.0440289505428226,0,0,10.158021712907116,0,0,0,1.0988150193003619,2482.9771180796515
distance,97.60253317249699,1.0897868918375553,2.0440289505428226,0,0,10.158021712907116,0,0,0,1.0988150193003619,2482.9771180796515
distance,97.60253317249699,1.0897868918375553,2.0440289505428226,0,0,10.158021712907116,0,0,0,1.0988150193003619,2482.9771180796515
distance,97.60253317249699,1.0897868918375553,2.0440289505428226,0,0,10.158021712907116,0,0,0,1.0988150193003619,2482.9771180796515
distance,97.60253317249699,1.0897868918375553,2.0440289505428226,0,0,10.158021712907116,0,0,0,1.0988150193003619,2482.9771180796515
distance,97.60253317249699,1.0897868918375553,2.0440289505428226,0,0,10.158021712907116,0,0,0,1.0988150193003619,2482.9771180796515
distance,97.60253317249699,1.0897868918375553,2.0440289505428226,0,0,10.158021712907116,0,0,0,1.0988150193003619,2482.9771180796515
distance,97.60253317249699,1.0897868918375553,2.0440289505428226,0,0,10.158021712907116,0,0,0,1.0988150193003619,2482.9771180796515
distance,97.60253317249699,1.0897868918375553,2.0440289505428226,0,0,10.158021712907116,0,0,0,1.0988150193003619,2482.9771180796515
distance,97.60253317249699,1.0897868918375553,2.0440289505428226,0,0,10.158021712907116,0,0,0,1.0988150193003619,2482.9771180796515
density,97.60253317249699,1.0897868918375553,2.0440289505428226,0,0,10.158021712907116,0,0,0,1.0988150193003619,134.94208494208496
density,97.60253317249699,1.0897868918375553,2.0440289505428226,0,0,10.158021712907116,0,0,0,1.0988150193003619,250.57915057915062
density,97.60253317249699,1.0897868918375553,2.0440289505428226,0,0,10.158021712907116,0,0,0,1.0988150193003619,366.21621621621625
density,97.60253317249699,1.0897868918375553,2.0440289505428226,0,0,10.158021712907116,0,0,0,1.0988150193003619,481.85328185328194
density,97.60253317249699,1.0897868918375553,2.0440289505428226,0,0,10.158021712907116,0,0,0,1.0988150193003619,597.4903474903476
density,97.60253317249699,1.0897868918375553,2.0440289505428226,0,0,10.158021712907116,0,0,0,1.0988150193003619,713.1274131274133
density,97.60253317249699,1.0897868918375553,2.0440289505428226,0,0,10.158021712907116,0,0,0,1.0988150193003619,828.7644787644789
density,97.60253317249699,1.0897868918375553,2.0440289505428226,0,0,10.158021712907116,0,0,0,1.0988150193003619,944.4015444015446
density,97.60253317249699,1.0897868918375553,2.0440289505428226,0,0,10.158021712907116,0,0,0,1.0988150193003619,1060.0386100386102
density,97.60253317249699,1.0897868918375553,2.0440289505428226,0,0,10.158021712907116,0,0,0,1.0988150193003619,1175.6756756756758
density,97.60253317249699,1.0897868918375553,2.0440289505428226,0,0,10.158021712907116,0,0,0,1.0988150193003619,1291.3127413127415
density,97.60253317249699,1.0897868918375553,2.0440289505428226,0,0,10.158021712907116,0,0,0,1.0988150193003619,1406.9498069498072
density,97.60253317249699,1.0897868918375553,2.0440289505428226,0,0,10.158021712907116,0,0,0,1.0988150193003619,1522.5868725868727
density,97.60253317249699,1.0897868918375553,2.0440289505428226,0,0,10.158021712907116,0,0,0,1.0988150193003619,1638.2239382239384
density,97.60253317249699,1.0897868918375553,2.0440289505428226,0,0,10.158021712907116,0,0,0,1.0988150193003619,1753.861003861004
density,97.60253317249699,1.0897868918375553,2.0440289505428226,0,0,10.158021712907116,0,0,0,1.0988150193003619,1869.4980694980698
density,97.60253317249699,1.0897868918375553,2.0440289505428226,0,0,10.158021712907116,0,0,0,1.0988150193003619,1985.1351351351354
density,97.60253317249699,1.0897868918375553,2.0440289505428226,0,0,10.158021712907116,0,0,0,1.0988150193003619,2100.7722007722014
density,97.60253317249699,1.0897868918375553,2.0440289505428226,0,0,10.158021712907116,0,0,0,1.0988150193003619,2216.409266409267
density,97.60253317249699,1.0897868918375553,2.0440289505428226,0,0,10.158021712907116,0,0,0,1.0988150193003619,2332.0463320463323
density,97.60253317249699,1.0897868918375553,2.0440289505428226,0,0,10.158021712907116,0,0,0,1.0988150193003619,2447.683397683398
density,97.60253317249699,1.0897868918375553,2.0440289505428226,0,0,10.158021712907116,0,0,0,1.0988150193003619,2563.3204633204637
density,97.60253317249699,1.0897868918375553,2.0440289505428226,0,0,10.158021712907116,0,0,0,1.0988150193003619,2678.9575289575296
density,97.60253317249699,1.0897868918375553,2.0440289505428226,0,0,10.158021712907116,0,0,0,1.0988150193003619,2794.594594594595
density,97.60253317249699,1.0897868918375553,2.0440289505428226,0,0,10.158021712907116,0,0,0,1.0988150193003619,2910.2316602316605
density,97.60253317249699,1.0897868918375553,2.0440289505428226,0,0,10.158021712907116,0,0,0,1.0988150193003619,3025.8687258687264
density,97.60253317249699,1.0897868918375553,2.0440289505428226,0,0,10.158021712907116,0,0,0,1.0988150193003619,3141.505791505792
density,97.60253317249699,1.0897868918375553,2.0440289505428226,0,0,10.158021712907116,0,0,0,1.0988150193003619,3257.142857142858
density,97.60253317249699,1.0897868918375553,2.0440289505428226,0,0,10.158021712907116,0,0,0,1.0988150193003619,3372.7799227799233
density,97.60253317249699,1.0897868918375553,2.0440289505428226,0,0,10.158021712907116,0,0,0,1.0988150193003619,3488.416988416989
density,97.60253317249699,1.0897868918375553,2.0440289505428226,0,0,10.158021712907116,0,0,0,1.0988150193003619,3604.0540540540546
density,97.60253317249699,1.0897868918375553,2.0440289505428226,0,0,10.158021712907116,0,0,0,1.0988150193003619,3719.6911196911205
density,97.60253317249699,1.0897868918375553,2.0440289505428226,0,0,10.158021712907116,0,0,0,1.0988150193003619,3835.328185328186
density,97.60253317249699,1.0897868918375553,2.0440289505428226,0,0,10.158021712907116,0,0,0,1.0988150193003619,3950.9652509652515
density,97.60253317249699,1.0897868918375553,2.0440289505428226,0,0,10.158021712907116,0,0,0,1.0988150193003619,4066.6023166023174
density,97.60253317249699,1.0897868918375553,2.0440289505428226,0,0,10.158021712907116,0,0,0,1.0988150193003619,4182.239382239383
density,97.60253317249699,1.0897868918375553,2.0440289505428226,0,0,10.158021712907116,0,0,0,1.0988150193003619,4297.876447876449
density,97.60253317249699,1.0897868918375553,2.0440289505428226,0,0,10.158021712907116,0,0,0,1.0988150193003619,4413.513513513514
density,97.60253317249699,1.0897868918375553,2.0440289505428226,0,0,10.158021712907116,0,0,0,1.0988150193003619,4529.15057915058
density,97.60253317249699,1.0897868918375553,2.0440289505428226,0,0,10.158021712907116,0,0,0,1.0988150193003619,4644.787644787646
density,97.60253317249699,1.0897868918375553,2.0440289505428226,0,0,10.158021712907116,0,0,0,1.0988150193003619,4760.4247104247115
density,97.60253317249699,1.0897868918375553,2.0440289505428226,0,0,10.158021712907116,0,0,0,1.0988150193003619,4876.061776061777
density,97.60253317249699,1.0897868918375553,2.0440289505428226,0,0,10.158021712907116,0,0,0,1.0988150193003619,4991.698841698842
density,97.60253317249699,1.0897868918375553,2.0440289505428226,0,0,10.158021712907116,0,0,0,1.0988150193003619,5107.335907335908
density,97.60253317249699,1.0897868918375553,2.0440289505428226,0,0,10.158021712907116,0,0,0,1.0988150193003619,5222.972972972974
density,97.60253317249699,1.0897868918375553,2.0440289505428226,0,0,10.158021712907116,0,0,0,1.0988150193003619,5338.61003861004
density,97.60253317249699,1.0897868918375553,2.0440289505428226,0,0,10.158021712907116,0,0,0,1.0988150193003619,5454.247104247105
density,97.60253317249699,1.0897868918375553,2.0440289505428226,0,0,10.158021712907116,0,0,0,1.0988150193003619,5569.884169884171
density,97.60253317249699,1.0897868918375553,2.0440289505428226,0,0,10.158021712907116,0,0,0,1.0988150193003619,5685.521235521236
density,97.60253317249699,1.0897868918375553,2.0440289505428226,0,0,10.158021712907116,0,0,0,1.0988150193003619,5801.1583011583025
density,97.60253317249699,1.0897868918375553,2.0440289505428226,0,0,10.158021712907116,0,0,0,1.0988150193003619,5916.795366795368
density,97.60253317249699,1.0897868918375553,2.0440289505428226,0,0,10.158021712907116,0,0,0,1.0988150193003619,6032.432432432433
density,97.60253317249699,1.0897868918375553,2.0440289505428226,0,0,10.158021712907116,0,0,0,1.0988150193003619,6148.069498069499
density,97.60253317249699,1.0897868918375553,2.0440289505428226,0,0,10.158021712907116,0,0,0,1.0988150193003619,6263.706563706565
density,97.60253317249699,1.0897868918375553,2.0440289505428226,0,0,10.158021712907116,0,0,0,1.0988150193003619,6379.343629343631
density,97.60253317249699,1.0897868918375553,2.0440289505428226,0,0,10.158021712907116,0,0,0,1.0988150193003619,6494.980694980696
density,97.60253317249699,1.0897868918375553,2.0440289505428226,0,0,10.158021712907116,0,0,0,1.0988150193003619,6610.617760617762
density,97.60253317249699,1.0897868918375553,2.0440289505428226,0,0,10.158021712907116,0,0,0,1.0988150193003619,6726.254826254827
density,97.60253317249699,1.0897868918375553,2.0440289505428226,0,0,10.158021712907116,0,0,0,1.0988150193003619,6841.8918918918935
density,97.60253317249699,1.0897868918375553,2.0440289505428226,0,0,10.158021712907116,0,0,0,1.0988150193003619,6957.528957528959
density,97.60253317249699,1.0897868918375553,2.0440289505428226,0,0,10.158021712907116,0,0,0,1.0988150193003619,7073.166023166024
density,97.60253317249699,1.0897868918375553,2.0440289505428226,0,0,10.158021712907116,0,0,0,1.0988150193003619,7188.80308880309
density,97.60253317249699,1.0897868918375553,2.0440289505428226,0,0,10.158021712907116,0,0,0,1.0988150193003619,7304.440154440156
density,97.60253317249699,1.0897868918375553,2.0440289505428226,0,0,10.158021712907116,0,0,0,1.0988150193003619,7420.077220077222
density,97.60253317249699,1.0897868918375553,2.0440289505428226,0,0,10.158021712907116,0,0,0,1.0988150193003619,7535.714285714287
density,97.60253317249699,1.0897868918375553,2.0440289505428226,0,0,10.158021712907116,0,0,0,1.0988150193003619,7651.351351351353
density,97.60253317249699,1.0897868918375553,2.0440289505428226,0,0,10.158021712907116,0,0,0,1.0988150193003619,7766.988416988418
density,97.60253317249699,1.0897868918375553,2.0440289505428226,0,0,10.158021712907116,0,0,0,1.0988150193003619,7882.625482625484
density,97.60253317249699,1.0897868918375553,2.0440289505428226,0,0,10.158021712907116,0,0,0,1.0988150193003619,7998.26254826255
density,97.60253317249699,1.0897868918375553,2.0440289505428226,0,0,10.158021712907116,0,0,0,1.0988150193003619,8113.899613899615
density,97.60253317249699,1.0897868918375553,2.0440289505428226,0,0,10.158021712907116,0,0,0,1.0988150193003619,8229.53667953668
density,97.60253317249699,1.0897868918375553,2.0440289505428226,0,0,10.158021712907116,0,0,0,1.0988150193003619,8345.173745173748
density,97.60253317249699,1.0897868918375553,2.0440289505428226,0,0,10.158021712907116,0,0,0,1.0988150193003619,8460.810810810814
density,97.60253317249699,1.0897868918375553,2.0440289505428226,0,0,10.158021712907116,0,0,0,1.0988150193003619,8576.447876447879
density,97.60253317249699,1.0897868918375553,2.0440289505428226,0,0,10.158021712907116,0,0,0,1.0988150193003619,8692.084942084944
density,97.60253317249699,1.0897868918375553,2.0440289505428226,0,0,10.158021712907116,0,0,0,1.0988150193003619,8807.72200772201
density,97.60253317249699,1.0897868918375553,2.0440289505428226,0,0,10.158021712907116,0,0,0,1.0988150193003619,8923.359073359075
density,97.60253317249699,1.0897868918375553,2.0440289505428226,0,0,10.158021712907116,0,0,0,1.0988150193003619,9038.99613899614
density,97.60253317249699,1.0897868918375553,2.0440289505428226,0,0,10.158021712907116,0,0,0,1.0988150193003619,9154.633204633208
density,97.60253317249699,1.0897868918375553,2.0440289505428226,0,0,10.158021712907116,0,0,0,1.0988150193003619,9270.270270270274
density,97.60253317249699,1.0897868918375553,2.0440289505428226,0,0,10.158021712907116,0,0,0,1.0988150193003619,9385.907335907339
density,97.60253317249699,1.0897868918375553,2.0440289505428226,0,0,10.158021712907116,0,0,0,1.0988150193003619,9501.544401544405
density,97.60253317249699,1.0897868918375553,2.0440289505428226,0,0,10.158021712907116,0,0,0,1.0988150193003619,9617.18146718147
density,97.60253317249699,1.0897868918375553,2.0440289505428226,0,0,10.158021712907116,0,0,0,1.0988150193003619,9732.818532818535
density,97.60253317249699,1.0897868918375553,2.0440289505428226,0,0,10.158021712907116,0,0,0,1.0988150193003619,9848.455598455601
density,97.60253317249699,1.0897868918375553,2.0440289505428226,0,0,10.158021712907116,0,0,0,1.0988150193003619,9964.092664092666
density,97.60253317249699,1.0897868918375553,2.0440289505428226,0,0,10.158021712907116,0,0,0,1.0988150193003619,10079.729729729732
density,97.60253317249699,1.0897868918375553,2.0440289505428226,0,0,10.158021712907116,0,0,0,1.0988150193003619,10195.3667953668
density,97.60253317249699,1.0897868918375553,2.0440289505428226,0,0,10.158021712907116,0,0,0,1.0988150193003619,10311.003861003865
density,97.60253317249699,1.0897868918375553,2.0440289505428226,0,0,10.158021712907116,0,0,0,1.0988150193003619,10426.64092664093
density,97.60253317249699,1.0897868918375553,2.0440289505428226,0,0,10.158021712907116,0,0,0,1.0988150193003619,10542.277992277996
density,97.60253317249699,1.0897868918375553,2.0440289505428226,0,0,10.158021712907116,0,0,0,1.0988150193003619,10657.915057915061
density,97.60253317249699,1.0897868918375553,2.0440289505428226,0,0,10.158021712907116,0,0,0,1.0988150193003619,10773.552123552126
density,97.60253317249699,1.0897868918375553,2.0440289505428226,0,0,10.158021712907116,0,0,0,1.0988150193003619,10889.189189189192
density,97.60253317249699,1.0897868918375553,2.0440289505428226,0,0,10.158021712907116,0,0,0,1.0988150193003619,11004.826254826257
density,97.60253317249699,1.0897868918375553,2.0440289505428226,0,0,10.158021712907116,0,0,0,1.0988150193003619,11120.463320463323
density,97.60253317249699,1.0897868918375553,2.0440289505428226,0,0,10.158021712907116,0,0,0,1.0988150193003619,11236.100386100388
density,97.60253317249699,1.0897868918375553,2.0440289505428226,0,0,10.158021712907116,0,0,0,1.0988150193003619,11351.737451737456
density,97.60253317249699,1.0897868918375553,2.0440289505428226,0,0,10.158021712907116,0,0,0,1.0988150193003619,11467.374517374521
density,97.60253317249699,1.0897868918375553,2.0440289505428226,0,0,10.158021712907116,0,0,0,1.0988150193003619,11583.011583011585
