"asc_dp","asc_do","asc_wa","asc_wp","asc_wo","asc_ba","asc_bp","asc_bo","beta_age_dp","beta_age_do","beta_age_wa","beta_age_wp","beta_age_wo","beta_age_ba","beta_age_bp","beta_age_bo","beta_female_dp","beta_female_do","beta_female_wa","beta_female_wp","beta_female_wo","beta_female_ba","beta_female_bp","beta_female_bo","beta_distance_dp","beta_distance_do","beta_distance_wa","beta_distance_wp","beta_distance_wo","beta_distance_ba","beta_distance_bp","beta_distance_bo","beta_density_dp","beta_density_do","beta_density_wa","beta_density_wp","beta_density_wo","beta_density_ba","beta_density_bp","beta_density_bo","beta_school_dp","beta_school_do","beta_school_wa","beta_school_wp","beta_school_wo","beta_school_ba","beta_school_bp","beta_school_bo","beta_income_dp","beta_income_do","beta_income_wa","beta_income_wp","beta_income_wo","beta_income_ba","beta_income_bp","beta_income_bo","logLike"
0,0,0,0,0,0,0,0,0,0,0,0,0,0,0,0,0,0,0,0,0,0,0,0,0,0,0,0,0,0,0,0,0,0,0,0,0,0,0,0,0,0,0,0,0,0,0,0,0,0,0,0,0,0,0,0,-22129.4168865546
0,0,0,0,0,0,0,0,0,0,0,0,0,0,0,0,0,0,0,0,0,0,0,0,0,0,0,0,0,0,0,0,0,0,0,0,0,0,0,0,0,0,0,0,0,0,0,0,0,0,0,0,0,0,0,0,-22129.4168865546
1.56524495720863e-07,-4.26065703630448e-08,0,2.03407326936722e-08,-2.37977471351624e-08,-3.06134873628617e-08,-3.56269879341126e-08,-3.98540600538254e-08,1.60086831760407e-06,-4.39463874697686e-07,0,1.92270368456841e-07,-2.4338016974926e-07,-3.10063048243523e-07,-3.71109829306603e-07,-4.12757954955101e-07,8.40294127464295e-08,-2.07953803539276e-08,0,1.11206377744675e-08,-1.31932079792023e-08,-1.87309974431992e-08,-1.81084048748017e-08,-1.9943412899971e-08,1.95342299342156e-07,-4.06694408655167e-08,0,-6.98118448257447e-10,-3.08308795690537e-08,-2.95592900514603e-08,-3.4194863319397e-08,-3.89402601718903e-08,0.000321703623648763,-9.64951296696664e-05,0,9.07569104739428e-05,-5.39315219516755e-05,-7.58095389367343e-05,-8.10631729131938e-05,-9.17886833376885e-05,5.1855339050293e-08,-1.38772428035736e-08,0,3.55532419681549e-09,-6.96319735050202e-09,-9.84678089618684e-09,-1.23371472358704e-08,-1.3385723233223e-08,1.54791628700495e-05,-4.2243993947506e-06,0,2.04583933854103e-06,-2.42805763196945e-06,-2.88640003454685e-06,-3.43567363488674e-06,-4.01533955347538e-06,-19100.6403632378
2.53489133152293e-07,-7.29579642407769e-08,0,3.68177518156083e-08,-3.75660595612563e-08,-4.97742535219198e-08,-5.97389156100704e-08,-6.76237271367029e-08,2.58359362413203e-06,-7.52001952474166e-07,0,3.43326416138392e-07,-3.8271146021909e-07,-5.01072149000163e-07,-6.23238265121263e-07,-7.00490960815204e-07,1.39682255546663e-07,-3.56251376431872e-08,0,2.04485452592861e-08,-2.16318001292404e-08,-3.21838209780122e-08,-3.06693587191662e-08,-3.40430856126957e-08,3.35839193618564e-07,-6.91678189849701e-08,0,-7.13530818828301e-09,-5.24261250165539e-08,-4.78246584853994e-08,-5.70025955153326e-08,-6.59611775743371e-08,0.000301780955885685,-0.000130303275391051,0,0.000184905491672792,-5.31713583104142e-05,-9.25514279854368e-05,-0.000102091822903508,-0.000121671464315232,8.20623453011954e-08,-2.31913592481811e-08,0,5.24953584323082e-09,-1.01976484856972e-08,-1.54624380023935e-08,-2.04686580891172e-08,-2.23132706493913e-08,2.51874172762429e-05,-7.2453326960077e-06,0,3.67420917009197e-06,-3.88610539811849e-06,-4.64108973895691e-06,-5.7365006567295e-06,-6.84994124001787e-06,-18842.5876518256
7.31733344502401e-07,-1.94245983859395e-07,0,7.27413851129107e-09,-9.62460968028945e-08,-1.24715811512661e-07,-1.56637123740941e-07,-1.78092322817493e-07,7.4319093987511e-06,-1.99977928018885e-06,0,-5.72178350837549e-08,-9.74560782549735e-07,-1.24117319643451e-06,-1.63885082437662e-06,-1.84561623357372e-06,4.13643879491313e-07,-9.48973253086447e-08,0,1.24932772190003e-08,-5.86854892412295e-08,-8.88010664736694e-08,-8.18415349879466e-08,-9.06269008460214e-08,1.02605079644169e-06,-1.81491848322668e-07,0,-1.47273130522488e-07,-1.49475342255719e-07,-1.18506837833689e-07,-1.47637958285814e-07,-1.72865245340646e-07,0.000279194541237943,-0.000199081595589878,0,0.000156471031642115,-7.13649215275278e-06,-0.000101263664972367,-0.0001253330204837,-0.000176139710940578,2.30928118096539e-07,-5.87420239513057e-08,0,-2.6506587031793e-08,-2.28912659511334e-08,-3.60392191741747e-08,-5.25059933557104e-08,-5.66414874846971e-08,7.2922797565267e-05,-1.92953594256853e-05,0,7.94831762759324e-07,-1.01657832845689e-05,-1.1351201284113e-05,-1.48877492473894e-05,-1.81718904265565e-05,-18782.2484233685
4.4489309022122e-06,-1.02376153758841e-06,0,-2.07596903079239e-07,-7.29017413777177e-07,-7.16753402826163e-07,-8.84947287648904e-07,-9.48585063764417e-07,4.51155175853472e-05,-1.05280796025139e-05,0,-3.01790615977507e-06,-7.40115221639651e-06,-7.09217137340243e-06,-9.27596111606294e-06,-9.83518210581221e-06,2.54283711354096e-06,-5.00152859545296e-07,0,-4.22141803695529e-08,-4.32897859038772e-07,-5.33587904414554e-07,-4.6745124962509e-07,-4.87293506834529e-07,6.3917290948968e-06,-9.41106772250222e-07,0,-1.22216070373812e-06,-1.08090066133069e-06,-6.7760701704366e-07,-8.27340311660693e-07,-9.1551994616295e-07,0.000133962259240761,-0.000405109666107966,0,1.50785585657255e-05,-0.000234788764964081,-0.000185626921444913,-0.000219755553356505,-0.000336365316019288,1.38840552427438e-06,-2.93071594015618e-07,0,-2.68067315742653e-07,-1.87161733789652e-07,-1.99602654873823e-07,-2.92382021356774e-07,-2.90788422707342e-07,0.000443216496892622,-0.000101392077333699,0,-2.00138357249496e-05,-7.66409060089307e-05,-6.44036472745308e-05,-8.34251998261651e-05,-9.71599196159322e-05,-18677.298113898
9.72516115316927e-06,-2.09147813928212e-06,0,-4.85084896391351e-07,-1.53665643589013e-06,-1.59164712020993e-06,-1.92761119527817e-06,-1.97039709517097e-06,9.8602119349818e-05,-2.14990113700636e-05,0,-6.93786324355791e-06,-1.55867863316132e-05,-1.57532474592187e-05,-2.02081490812702e-05,-2.04330320802221e-05,5.56550425618125e-06,-1.02160300166615e-06,0,-1.06453863154594e-07,-9.2004678160588e-07,-1.18227345163028e-06,-1.01923280906863e-06,-1.01521536819002e-06,1.40121699963395e-05,-1.90952400959488e-06,0,-2.72310794754514e-06,-2.31349227789565e-06,-1.50602711050932e-06,-1.80125765070198e-06,-1.89794156279857e-06,6.38838640549851e-05,-0.000377436099929281,0,-4.61669414937144e-05,-0.000248536670927737,-0.000392997419353214,-0.000357761516953774,-0.000337634748505385,3.03163830975416e-06,-5.85119302294613e-07,0,-6.01592375614904e-07,-3.86825926907436e-07,-4.44741707370606e-07,-6.36447196550512e-07,-5.96673307468412e-07,0.000965900244269482,-0.000206508010660197,0,-4.63700816535007e-05,-0.000161547871359574,-0.000142833950841941,-0.00018123209996721,-0.000201696228065212,-18599.382520806
6.72838125258953e-05,-1.38550264597053e-05,0,-3.38537261892316e-06,-1.03340749642404e-05,-1.03566608569033e-05,-1.28472701791681e-05,-1.32040121898397e-05,0.000682054377431729,-0.000142373706734478,0,-4.84253877947625e-05,-0.000104740669546266,-0.000102167711283362,-0.000134771121006732,-0.00013694025163238,3.85543409740243e-05,-6.76702946605063e-06,0,-7.43199120833052e-07,-6.2313304757988e-06,-7.88554343067568e-06,-6.81756308241179e-06,-6.81784436005013e-06,9.72213532676713e-05,-1.2589400278241e-05,0,-1.90170466912275e-05,-1.57645847024115e-05,-9.76256643442718e-06,-1.1969805049183e-05,-1.27035357960795e-05,7.02563441610176e-07,-0.000165850552668893,0,-9.53587083485625e-06,-0.00018978094846978,-0.000222032764854536,-0.000371738606827472,-0.000403306521882912,2.09540601058162e-05,-3.81336477400333e-06,0,-4.2045842506032e-06,-2.55938871699678e-06,-2.82881108993279e-06,-4.22211071689666e-06,-3.96631807201054e-06,0.00664299616597346,-0.00136206052223325,0,-0.000317662474456609,-0.0010833454781894,-0.000917444717365209,-0.00119948443308869,-0.00134790645752298,-17338.3160419926
7.70928956003574e-05,-1.59110350189036e-05,0,-3.8536156167216e-06,-1.18337302537093e-05,-1.18810337570893e-05,-1.46867707038283e-05,-1.50833163974642e-05,0.000781445689521075,-0.000163500161041855,0,-5.52626944761376e-05,-0.00011993218279783,-0.000117197330640591,-0.000154078142291653,-0.00015643289553248,4.41900091102384e-05,-7.77092301587071e-06,0,-8.36378096897538e-07,-7.13958193621891e-06,-9.05028316292361e-06,-7.79648232107741e-06,-7.79032243669375e-06,0.000111486351740099,-1.44584839673315e-05,0,-2.18088689007787e-05,-1.80729789263909e-05,-1.11997477772865e-05,-1.36803404817464e-05,-1.45100668685894e-05,-1.67877572003095e-06,-0.00025789159783713,0,4.58050167457926e-06,-0.000172463639997473,-0.000261590630658122,-0.00027472594698234,-0.00027864012539873,2.40099751782643e-05,-4.38124397257843e-06,0,-4.81811386555387e-06,-2.92833701505788e-06,-3.2456094399228e-06,-4.82578548707806e-06,-4.52715500540132e-06,0.00758999392257393,-0.00156084654528229,0,-0.000357324226002169,-0.00123775679467743,-0.00104962713391808,-0.00136856145376028,-0.00153776871143317,-17117.7567580625
8.33303988061918e-05,-1.76110948562854e-05,0,-3.34104197814949e-06,-1.28084263622099e-05,-1.30464048893361e-05,-1.61849462724973e-05,-1.6629527660483e-05,0.000843455149589499,-0.00018090573534738,0,-5.23062582422088e-05,-0.000129626346637826,-0.000128370246152007,-0.000169890210825329,-0.00017247555299471,4.81857090262587e-05,-8.59486554631494e-06,0,-4.21886836053295e-07,-7.81416289411327e-06,-1.01073872118708e-05,-8.61618776483035e-06,-8.60310959598694e-06,0.000123085127202178,-1.59824368927528e-05,0,-2.39921769635435e-05,-2.00262437356316e-05,-1.22958152257012e-05,-1.50647875752875e-05,-1.60116612469547e-05,-1.36490181966177e-06,-0.000246361267802731,0,9.93976462844547e-07,-0.000171283180245172,-0.000277444957817478,-0.000245955089845452,-0.000294526072172663,2.60065188612117e-05,-4.84639890170299e-06,0,-5.1819550821997e-06,-3.12754884473816e-06,-3.55658632775324e-06,-5.3491189587315e-06,-5.00375463219332e-06,0.00758787354119611,-0.00165423535030702,0,-0.000178594679397797,-0.00125641297265337,-0.00107641109897989,-0.00142958415729446,-0.00162188534336278,-17106.8787738442
0.000287944900192372,-7.34736376131135e-05,0,1.3411228912031e-05,-4.47808172451632e-05,-5.10900591137177e-05,-6.56367504568639e-05,-6.71181095409458e-05,0.00287751897918485,-0.000752840557583424,0,4.3958971167505e-05,-0.000447604271148142,-0.000492942948580889,-0.000691757724117232,-0.000696327574417603,0.000179289315950218,-3.5668608751827e-05,0,1.31501457997263e-05,-2.99484554209553e-05,-4.47098875106927e-05,-3.56573377477183e-05,-3.51535088001147e-05,0.000503752154277296,-6.60654175821749e-05,0,-9.57597993174256e-05,-8.4132439596882e-05,-4.80664604584686e-05,-6.07834821852034e-05,-6.50397304010713e-05,7.58739456966823e-06,-0.000184256716752825,0,-0.000118509383398602,-0.000156639479439072,-0.000203517704472724,-0.00026305315623308,-0.000121644309330471,9.15061500747314e-05,-2.01405115254173e-05,0,-1.71524446405168e-05,-9.65937914209852e-06,-1.36876765400133e-05,-2.26339577396547e-05,-2.05530277437746e-05,0.0074766822992226,-0.00471751024515556,0,0.00567694579776584,-0.00186163207763547,-0.00193335896741174,-0.00344934733748961,-0.0043545336504811,-17032.4744170321
0.00115087721899427,-0.000273238708803696,0,-6.17625300145143e-05,-0.000163734795691518,-0.000196773727596586,-0.000250432169930706,-0.000239484320837428,0.0114434467502992,-0.00279317212464087,0,-0.00106563945033712,-0.00162233695176578,-0.00187415415954868,-0.00264715750230159,-0.0024857841606002,0.000735405533120173,-0.000132189336493789,0,-9.82423550596136e-07,-0.000116080922931585,-0.000184932453247557,-0.000138283430610204,-0.000127365127981045,0.00212889608100339,-0.000243386597100707,0,-0.000547304129156719,-0.000342612694962885,-0.000185137281072887,-0.0002315876249245,-0.000233069552709879,5.53784319089191e-05,-6.9029574669259e-06,0,-4.39878950648434e-05,-0.000200530226061544,-0.000227519972812559,-0.0001736857421795,2.28637381128215e-05,0.000369020065314737,-7.44883176248264e-05,0,-0.000112227695610997,-3.2239983185596e-05,-5.2274694089452e-05,-8.94638794319262e-05,-7.41493304751021e-05,0.0047771810803089,-0.0107016180367576,0,0.00260901132437564,-0.000866305214972431,-0.00210185997646124,-0.0070177873867443,-0.00837239737377284,-16906.5405844428
0.00335495330488824,-0.00071310987669531,0,-0.000232881417921494,-0.0005230883253574,-0.000601936046233557,-0.000705469789452569,-0.000616717210224006,0.0332896290791447,-0.00727496612583951,0,-0.00368143345438475,-0.0051924114302347,-0.0057383199708901,-0.00746426961560591,-0.00640251162700761,0.0021583964948911,-0.000344237995801241,0,-2.63556946567998e-05,-0.00036386745800205,-0.000560588907354451,-0.000392355277952194,-0.000332267554907193,0.00629360329526611,-0.000626834806455831,0,-0.00168822701569358,-0.00105762017665438,-0.000566745939781771,-0.000652720936035939,-0.000599036217517568,0.000128949753391429,0.000102041532583609,0,5.22161459052211e-05,2.81767084599739e-06,-6.35611847082099e-05,-1.78265362940553e-05,3.0157500741899e-05,0.00107774066680733,-0.000190966847814977,0,-0.000350876652972278,-0.000105399769329624,-0.000160550168876418,-0.00025643565792255,-0.00019005575805858,-0.000333308930199315,-0.0147498542070599,0,-0.00119840870404684,-0.00816952158564226,-0.00803211747344856,-0.012956023738099,-0.0089721261664409,-16662.86219723
0.00607473079443945,-0.00119965413170767,0,-0.000411449902522352,-0.000911596456269398,-0.00107137378368653,-0.0012244590734638,-0.00110554042340326,0.0601296486794731,-0.0122132360003899,0,-0.00657178396420765,-0.00901477770676517,-0.0101716331165335,-0.0129641222274038,-0.0114646053922449,0.00392529025232625,-0.000578474116624192,0,-4.0167269887937e-05,-0.000644720298539728,-0.00101416306089955,-0.000685994914247677,-0.000597037899147068,0.0114921044998534,-0.00104351976533068,0,-0.00309107002254122,-0.00189851708175149,-0.00100947691199837,-0.00113239074359966,-0.00107411365039967,0.000106477453460466,4.37859671954322e-06,0,6.20691098794757e-05,-7.97793320627088e-06,1.91294998758751e-06,7.96823876468957e-06,0.00011959035108211,0.00195398535559694,-0.000316209004040279,0,-0.000640087296731481,-0.00017905762990287,-0.000285695297320895,-0.000451501849273576,-0.000341034224500288,-0.00192839760028755,-0.0108363378380084,0,-0.00138683683687559,-0.00746564470395453,-0.0095530818817443,-0.0129879717691048,-0.0121831467451878,-16305.2563394354
0.0156165251286395,-0.00302863088865497,0,-0.00097924455843785,-0.00227850802360426,-0.00265282765599279,-0.00302310601839444,-0.00269293719985818,0.153892332019707,-0.0307589599036602,0,-0.0161216579271426,-0.0224120978096258,-0.0249812166583621,-0.0320158193679826,-0.0278741206119847,0.0101646416990786,-0.00145941432195421,0,-5.40488404791147e-05,-0.00163995886589933,-0.00259273103745571,-0.00170884003932079,-0.00146633746941596,0.0299541671426118,-0.00262306574112915,0,-0.0080621726674479,-0.00489381109726556,-0.0025004108394274,-0.00279272956624803,-0.00261444217726792,-6.35263151682733e-05,9.49586408824649e-05,0,1.30644731739374e-06,-2.18630325507408e-05,-0.000155173826162142,-0.000106674731061279,-2.25784864556333e-05,0.00503205666221817,-0.000794465812727904,0,-0.00165677307684677,-0.000435912562190929,-0.000704771717866387,-0.00113295120111686,-0.000828565694024415,-0.00343205480715098,-0.0111240714533867,0,0.00227834358827883,-0.00452023172726486,-0.00185993664665147,-0.00617789972159324,-0.00415993092448412,-15422.3215216255
0.0156778951257441,-0.0030500403009587,0,-0.000960944132518649,-0.00228639689232073,-0.00267133776782266,-0.00304739319863674,-0.00270509192528105,0.15428895358178,-0.0309585460583832,0,-0.0159687283303563,-0.0224617411249046,-0.0251251647944092,-0.0322626280627989,-0.0279818383835487,0.0102267060403571,-0.00146973626375626,0,-4.0398147798763e-05,-0.00165032393263478,-0.00261767778080443,-0.00172361357991643,-0.00147425804962705,0.0301957846576867,-0.00263994422268058,0,-0.00813108579362323,-0.00493449902268698,-0.00251790548382605,-0.0028151116996214,-0.0026263827694811,-6.48808025188822e-05,9.53946954979984e-05,0,-6.81985660471072e-08,-3.75973169417488e-05,-0.000138595180501871,-9.89825162463677e-05,-3.3456551214001e-05,0.00505450591336537,-0.00079920222304928,0,-0.00166748999360771,-0.000435415378012927,-0.000709466675858708,-0.00114330308079328,-0.000832273903821183,-0.00339320432094775,-0.0111508124859462,0,0.00233476620999586,-0.00397581318433914,-0.00230640622240442,-0.00636133374545605,-0.0037736363010403,-15416.7789284035
0.0162535792807721,-0.00342827244793277,0,-0.000359437689761658,-0.00243048343343331,-0.00293065234820422,-0.00350109511676683,-0.00291682166046303,0.153892614021296,-0.0342778109688836,0,-0.0103444800324988,-0.0231012141508963,-0.0266236747111083,-0.0367711896346167,-0.0296388369877478,0.0112469457392116,-0.00165228180760522,0,0.00035781520175511,-0.00187013290930586,-0.00310705860670897,-0.00201201065867071,-0.00162409561758761,0.0349174876927057,-0.00291660435496257,0,-0.00952288551001492,-0.00583018316969855,-0.00276405148137324,-0.00323148362511022,-0.0028363458304882,-6.7825557378181e-05,7.29768538834796e-05,0,-1.00524636643566e-05,-4.35750060556626e-05,-0.000162229239957684,-3.4789914738781e-05,-4.83051197187035e-05,0.00531866833297178,-0.000871187089491171,0,-0.00185352861800522,-0.000415557627661374,-0.00077017350214125,-0.00135073757317048,-0.000897243557373708,-0.00329172741355796,-0.0101135845296379,0,0.00218363480267779,-0.00370812764782286,-0.00109236778641783,-0.00817985472869267,-0.00311627743940646,-15399.9461604672
0.0224600193388119,-0.00765611757438392,0,0.00626386111321927,-0.00401642899678604,-0.00583606503164132,-0.00832877930728935,-0.00526291815993437,0.14772511435692,-0.0714296264430465,0,0.0515468055043433,-0.0300731586259641,-0.0435433051687336,-0.0846590080158819,-0.0479793120822949,0.0224474255345335,-0.00369263778859262,0,0.00474775571036195,-0.00429666085842984,-0.00853636964759276,-0.00510803870593516,-0.00328350493833883,0.0869523075950506,-0.00602675763226262,0,-0.0249272749934305,-0.0157242133681437,-0.00551852973728987,-0.00765233684830327,-0.00516251787306455,-6.44270750915158e-05,0.000134514481000214,0,-7.59098831623317e-05,-2.76747868193258e-05,-0.000125898443074417,-8.17651087180807e-06,-1.40629032545448e-05,0.00818913448086538,-0.00168676206736516,0,-0.00391640548089204,-0.000194196641874894,-0.00145085269252691,-0.00358526338212262,-0.00161736599238482,-0.00318755555875012,-0.00807698389319173,0,-0.00106768313271148,-0.00343687778900626,-0.000772994770426849,-0.00360269966777379,-0.00237648273723552,-15190.2397695843
0.0387718804481244,-0.0151391409175227,0,0.00646924566041647,-0.00660643024285559,-0.0112257216952103,-0.0173934738193612,-0.00844454713674071,0.103528392627214,-0.124673978833373,0,0.0128750546625414,-0.0262309118199469,-0.056091543358505,-0.167960382884316,-0.0595696075163469,0.0546983590947131,-0.0072635086470954,0,0.00883514572268769,-0.0105463467658727,-0.0233919498977657,-0.0117988471331676,-0.00637423454902196,0.239617153326919,-0.00998641535638366,0,-0.0889514746911451,-0.0434933084481027,-0.010412394932678,-0.0156536526131214,-0.00818837846788866,-3.23241985784693e-05,0.000196654034381772,0,-2.44387597084839e-05,-3.32960698974698e-05,-0.000125663885824651,0.000116338848344241,-3.89802665265974e-06,0.0153198679931177,-0.0022846188205656,0,-0.015880936162843,0.00119995985578321,-0.00251996666053292,-0.00869453726673463,-0.00255034892741872,-0.00173481760748978,-0.00453440332953717,0,0.00137698142982459,-0.00361096598000873,-8.00206087332336e-05,0.00143339017873009,-0.0021283589964515,-14863.085835177
0.070871449371545,-0.0213155224600078,0,0.0117150171804079,-0.0188640845726143,-0.0246710086972939,-0.0199375344181277,-0.0190171302972004,0.0364908043324185,-0.135987489700923,0,-0.0174981143770175,-0.100677557489549,-0.113330562854769,-0.163753705412933,-0.131270801208998,0.114447913657462,-0.00988956139043479,0,0.0199971503481821,-0.0257111596064736,-0.0534697792765029,-0.0173849801577937,-0.0140949461990254,0.518998170715852,-0.00801951214189278,0,-0.201738359159213,-0.102405414944231,-0.020832694388581,-0.0153733944888979,-0.0165812827817653,1.12680901191624e-05,0.000208672521388802,0,2.48488429900349e-05,7.69672963537917e-05,-3.7969669660981e-05,8.921948877987e-05,9.18379653233154e-05,0.0249058033364399,-0.000170384467427234,0,-0.0362480622347843,0.00213169265606171,-0.00524403194381238,-0.0132994959226835,-0.00566313648886458,5.6379712076819e-05,-0.00433727610548791,0,0.00352345344983994,0.000779209956014674,0.00308473885912682,0.000935346506689701,0.00251850191929092,-14436.1432281158
0.168745710685396,-0.0334799998853156,0,0.0531011651548979,-0.0260993021881187,-0.0469228553416583,-0.012631519470615,-0.00844689315320877,0.0563077572255255,-0.106455204051943,0,0.0837427202677194,-0.0164214587958521,-0.0951281239357035,0.00503823398458533,0.107069326849128,0.256513725726255,-0.0114243254618694,0,0.0742274335888023,-0.0521771092272594,-0.130430098361462,-0.0245735632709789,-0.0126142470656727,1.14564588995468,0.0175926939694915,0,-0.426466191652057,-0.229124011556599,-0.0171284202957657,0.0107391360941115,0.0180500611262128,-9.86030987771202e-05,0.000189132087541221,0,-7.44023976333271e-05,-2.60420132186968e-05,-8.67102608837588e-07,-0.000118941881415946,-0.000225934573602742,0.0121546251977196,0.0100253854490424,0,-0.0707056137611158,0.0184021302210722,-0.0057351116984314,-0.0214958455134209,0.00184210759455302,-0.00504647392781951,-0.00491341662257103,0,-0.00116130631568926,-0.0020933812386643,0.00280512806280658,-0.00954585392385424,-0.0129096471531185,-14316.4853215791
0.201910912747551,-0.0336871098521932,0,0.0700806618285052,-0.0250136756737423,-0.0480797190788487,-0.0124062108268987,-0.0123484554544116,0.0727878645987496,-0.050625768524422,0,0.122976682210458,0.0516413859290595,-0.0132450997069141,0.0376141247988821,0.102970942693691,0.300135304821205,-0.0093399009219303,0,0.0961622597030456,-0.0590763418949487,-0.154177197536598,-0.0278142545958335,-0.0146325183992884,1.33185371551558,0.0337915025748993,0,-0.48979951090347,-0.267628317551417,-0.005788687937597,0.0204107409936871,0.0282805617026824,-0.000144615537644608,0.000120567870090297,0,-0.000116317156787185,-0.000100004371223662,-0.000115023375559653,-0.000153643414268061,-0.000212822748694349,-0.000437031386314835,0.015606501751374,0,-0.0793023687990471,0.0261233176352788,-0.00337472879595385,-0.0250758479372988,0.00292421550025335,-0.00711909209737094,-0.00864453438919525,0,-0.00308608514575065,-0.00584445674537255,-0.00160314931122874,-0.0111779850747497,-0.0120707044703972,-14158.1068766893
0.207396501210662,-0.0337862691116935,0,0.0757129377327511,-0.0263241357512512,-0.0502183250383959,-0.0137086127137488,-0.0126183647049512,0.0730975764503221,-0.0374088571883462,0,0.123578260652754,0.0473413454768306,-0.0132815991450815,0.0288546189816016,0.107798242938066,0.303379938480742,-0.0081077461582891,0,0.103723946996024,-0.0604976652474838,-0.160439052144868,-0.028734632366495,-0.0138583471407054,1.33884028669099,0.0409070993084162,0,-0.488266135904043,-0.274480775306612,-0.000492678762189544,0.0246139439194836,0.0355714949910648,-0.000146074864622625,0.000103397708653072,0,-0.000118147088088388,-9.3738673403732e-05,-0.000114724294423293,-0.000142256213018681,-0.000220414599615852,-0.0116944485330345,0.0172903774804043,0,-0.0777726688157078,0.0285975834819035,-0.00301234490006723,-0.0262633240356165,0.00365261497142482,-0.00718857219955689,-0.00960667817996325,0,-0.00318325359090639,-0.00551702933750303,-0.00161791850616842,-0.010538611414677,-0.0123971489048018,-14149.1883769503
0.476645420540096,-0.103583053055071,0,0.369882237195435,-0.067083438448247,-0.165739333119834,-0.0414707239814778,-0.0515866931999556,0.0401954839235079,-0.065356314598702,0,0.0585934158410896,0.111315847176624,-0.0640618346979717,0.0123758261575936,0.0611482579826154,0.432020251833557,0.0294482227021487,0,0.497088286773496,-0.115497870695002,-0.48203168370665,-0.0552972567164709,0.0217280967251251,1.50994398235033,0.360918990166143,0,-0.327900006724798,-0.584291741110189,0.2893602008903,0.289380889404793,0.416084328343411,-0.000136671220179018,0.000102744002749605,0,-0.000117017361442685,-0.000139817965216473,-3.79475144161962e-05,-0.000161790761836685,-0.00020979443106828,-0.616669210868264,0.0792537125544254,0,0.0124546341956215,0.168554863777514,0.0144248962423358,-0.0773932590131575,0.0343538876556864,-0.00707409796755697,-0.00973745103873865,0,-0.00321832739801093,-0.00737426556299589,0.00115709941884742,-0.0105497563688268,-0.0116192044974667,-14018.9167649754
0.542950286688131,-0.122931446585798,0,0.441938447555259,-0.0807710799025066,-0.189541161414999,-0.0479684866068104,-0.0602398381526406,0.0319938013491324,-0.0953070951938808,0,0.043806176702518,0.0809833090848688,-0.0257355906220213,0.0119390072999406,0.0609190835042859,0.46134205675416,0.038108435112346,0,0.587641145454649,-0.128641372363771,-0.556045393971512,-0.0610226054553681,0.0316088959466659,1.54907292302135,0.436831212930366,0,-0.288809412002627,-0.65830890522238,0.364347285702194,0.35445363689505,0.508609117415811,-0.000135834027939289,0.000127749630741881,0,-0.000118585244648455,-8.78010666114685e-05,-0.000105689674060748,-0.000158458574827819,-0.000221528708371628,-0.751155763884465,0.092128284633686,0,0.0295431438789492,0.200613110464656,0.0185671847672077,-0.0908615421959497,0.0398510804681304,-0.00702485274482061,-0.00789053191517767,0,-0.00324873784472163,-0.00516516227352022,-0.00102586533196512,-0.0110913860530924,-0.0123248523809142,-13980.5097417557
1.42009239779847,-0.357579101262144,0,1.31501958260547,-0.164758936158075,-0.533187837078386,-0.131053426894342,-0.185938890986302,-0.0753064428373577,-0.158999344426267,0,-0.0640518481254879,0.0830192616405902,-0.0306149009746848,-0.0409721989193292,0.00194908518856717,0.521371772603717,0.229062459352662,0,0.802819014942781,0.0257444624069213,-1.09680045982974,-0.0311996684977769,0.260338537632938,1.76057444473323,1.32893869025869,0,0.155683802349793,-0.842219215878552,1.19101085314559,1.15251898007431,1.4112237657819,-0.000155052183334602,0.000116064913474841,0,-0.000123465786441343,-8.00769226711549e-05,-0.000117269495551903,-0.00016786079348128,-0.000245308201400437,-0.315778233211605,0.0358088301974758,0,-0.531736253189407,0.455719616862996,-0.197118546227917,-0.410091558275275,-0.248207476187522,-0.00766197074389081,-0.00813086129308931,0,-0.00397008487090094,-0.0044964290539437,-0.00131174535088891,-0.0112493490137716,-0.0134235541027976,-13821.7613253941
2.36831343972138,-0.663567185949636,0,2.3647378152322,-0.180762116564379,-0.912416596164132,-0.221463349028558,-0.334145499942367,-0.180572579735013,-0.2014165267011,0,-0.169686242192288,0.00438829040995706,-0.0409942026046577,-0.090805704994256,-0.028261906417531,0.289052263754608,0.435622163136338,0,0.277794400791155,0.381019247615801,-1.0683345817673,0.0763450776224473,0.461579468976865,2.26851051288685,2.07985156974534,0,0.571057775808107,-0.0175702673453253,1.78986416141422,1.91560220622017,1.90646904502293,-0.000168738206736161,0.000108439341505319,0,-0.000135078933287449,-0.000116043283362899,-0.000121687042104991,-0.000181356126088839,-0.000246485088765506,-0.636675582922904,-0.123707522617717,0,-0.504248896388351,0.619308677592689,-0.416948238102759,-0.75214954084037,-0.550823229228741,-0.00829035668660946,-0.00835176079439153,0,-0.004581439932594,-0.00546908822205025,-0.00136757394271714,-0.0114977936291301,-0.0136229699652072,-13652.5401761381
2.87427430604173,-0.909992304197897,0,3.16848221821003,-0.17364553847844,-1.12650634733558,-0.265334401149471,-0.397101711927942,-0.248683406057022,-0.190568217149468,0,-0.276087146498095,-0.00869625409881149,-0.0493884653607248,-0.112054316588007,-0.0254368430544479,0.463967717109209,0.373484352929759,0,0.457915053359039,0.0347805488581961,-0.723935952793459,0.0666104550989287,0.243195416759338,2.4891824969202,2.33310531272417,0,0.904610431617433,0.530872847689879,1.99419835447171,2.28254150066477,2.05086637897449,-0.000177432310653683,0.000107016889330722,0,-0.000145924506537414,-0.000120540804165166,-0.000122501756885456,-0.000184735481038747,-0.000242235016118786,-0.662988792717634,-0.359222495691377,0,-0.497119277216612,0.101160870566846,-0.532339191002198,-0.955156584009961,-0.662861202545032,-0.00867472887967643,-0.00835070826010634,0,-0.00519105431424007,-0.00584882876595201,-0.00151916488948602,-0.0115529883865897,-0.0134275730482159,-13570.1570641119
3.03897089778768,-1.0993935874035,0,3.73713049730058,-0.0958242590748706,-1.23979922550811,-0.26377760662598,-0.36450157998966,-0.247861060942797,-0.175308765969799,0,-0.305060815922041,-0.0116352468835968,-0.0619473313720989,-0.124196196543533,-0.0409648039096367,0.122967179390377,0.310612019010804,0,0.543012139644085,-0.108517975306714,-0.442687796251216,0.0809994476026292,0.170580181514247,2.51558840750992,2.39587517976039,0,0.702576048638932,0.640162459662939,2.06329847966758,2.39504798591866,2.19108798048167,-0.000169972428225917,0.000111868717913685,0,-0.00013344440233702,-0.000114090465298683,-0.000119505916445993,-0.00018301001699446,-0.000244164000235934,-0.885277794067868,-0.532426370202176,0,-0.926093008744093,-0.262437794751907,-0.554114836907812,-1.042787882604,-0.647788034478657,-0.00845775202858626,-0.00793811817839037,0,-0.00515454155294609,-0.00562645252581035,-0.0012612708444583,-0.0113314590366859,-0.0134678140158097,-13552.5507469178
3.15128259293084,-1.34538393558559,0,4.40052377030477,0.0775074112092423,-1.36373689161637,-0.233852333328507,-0.263378302354328,-0.251565120301414,-0.141646071205866,0,-0.328383444046529,-0.00817846721458332,-0.0543192190617167,-0.125275987333782,-0.0553082017301853,0.318753044200264,0.18254176474077,0,0.143541605396361,-0.172610200219725,-0.336039252701009,0.0427811027975271,0.0868611858494215,2.41140209749837,2.35103046689352,0,0.591313978453566,0.476526794151531,2.03596684674377,2.35598549664851,2.25849265320659,-0.000159678900600834,0.000118731883547192,0,-0.000116803986675626,-9.74079297327669e-05,-0.000114228112275895,-0.000175767129650284,-0.000243541051089424,-1.21454014066186,-0.772137346484068,0,-1.4259186161167,-0.614958071788771,-0.650059449536094,-1.15545269157066,-0.703429471248351,-0.00822725828014028,-0.00734861091385647,0,-0.00502114698887361,-0.00508400305563273,-0.00102254635239692,-0.0109053559311699,-0.0134700790018779,-13519.1605387904
3.22076819628672,-1.6574033883235,0,5.1960181850903,0.39452647363194,-1.50368882430539,-0.166555920165699,-0.0844064437238212,-0.251514162913536,-0.0862436447837884,0,-0.405753304430904,-0.0140858749525027,-0.0105629052034289,-0.110113921096379,-0.0545617945765273,0.139463157757493,0.0606885447902002,0,0.00153353138603152,-0.0875290817925527,-0.464696708087123,-0.0219191981239749,0.0636290376388393,2.44567378292624,2.16577864516038,0,0.757504240169332,0.132855829011571,1.81281862508036,2.10328059178013,2.06291714965205,-0.000148701649921789,0.00012649235050501,0,-0.00010974776299527,-7.47837628674819e-05,-9.83580809174168e-05,-0.00015808240048079,-0.000229090686786038,-1.38988614619961,-1.10907851245684,0,-1.60859925911834,-0.868254298316157,-0.948977941980079,-1.37072757203681,-1.01508487941515,-0.00785397683747919,-0.00675510671217163,0,-0.00516392569564371,-0.00448356014660498,-0.000803155328518911,-0.010199554736979,-0.0130086849541987,-13431.6347429715
3.33977917384071,-2.021486443725,0,5.96838101656763,0.930290712908475,-1.61637977616476,-0.0304383555789264,0.207902525998564,-0.24815068814483,-0.0324301177192813,0,-0.446194988793242,-0.0765868910254342,0.0268937685559459,-0.0937357086519481,-0.060341171425952,0.213427675138605,-0.0362424306559414,0,0.127671982283919,-0.0810545394505548,-0.841228888254327,-0.166074744183784,-0.0177920501178934,2.21055142817819,1.9961276529574,0,0.272033127320622,0.206477209045529,1.67547875504872,1.80226211831875,1.80862316469471,-0.000132386387553638,0.000136507424618473,0,-8.73800468276506e-05,-8.02607113960244e-05,-7.42309501294291e-05,-0.000138180877034206,-0.00020165127180057,-1.50201727364784,-1.42547846329593,0,-1.63074135842259,-0.753470963599113,-1.29499314174914,-1.68580589937569,-1.46204757426393,-0.00727231277491039,-0.00599252121642815,0,-0.00487003981465633,-0.00445924664450906,1.69838588252639e-05,-0.00918498904950476,-0.0122091356484085,-13327.2699730968
4.31276321064014,-2.71378291239445,0,6.11883221085627,2.82939210475689,-1.18677961114245,0.74034243668215,1.44738769801984,-0.331108251161378,-0.0276870838411201,0,-0.445975532565626,-0.196232674507254,-0.0881737316175394,-0.155631736274052,-0.182795620792852,0.0162279965409052,0.502655900621224,0,-0.263557210333795,-0.832838726023306,-0.487196046869779,-0.289310814478921,-0.00340211030393136,1.96645537213555,1.92903877657663,0,-0.258291804605445,-0.538038288514989,2.01404972171997,1.47022378643679,1.45156088719904,-0.00010515163275018,0.000132181711654847,0,-1.7460663978468e-05,-3.87230534511571e-05,-8.02752900362128e-05,-9.35156082356053e-05,-0.00017262009774226,-1.16022483403006,-1.03619012556312,0,-0.806469983436956,-0.478687054870847,-0.749802367483932,-2.20348677537386,-1.53084140290112,-0.00585907443985083,-0.00373853239724479,0,-0.00345099767875679,-0.00220487551144405,0.000418703706326026,-0.00619489786830727,-0.0111355591628224,-13020.9578613688
4.91484336311838,-3.05967251630092,0,5.87387104290745,4.18814721293516,-0.781415684275259,1.38897433404179,2.34449625483969,-0.40964309276787,-0.0277802511208528,0,-0.463765057281037,-0.361214085865344,-0.114853748000163,-0.241256652723106,-0.290209638707134,0.101859198468145,0.622103980204306,0,-0.107212562430173,-0.750193490150987,-0.481713906920434,-0.335594756350769,-0.156675827742308,2.05962162468245,1.81570521472797,0,6.58132514474441e-05,-0.398822208566848,1.59738920784888,1.44489249183262,1.32004473383522,-8.85396598156496e-05,0.000126197054749006,0,3.68889450551211e-05,-4.29968499465032e-05,-6.14704892014894e-05,-8.1230594110388e-05,-0.000159514893729299,-1.05500493448274,-0.512527932912531,0,-1.02157679849807,-0.104243117016547,-0.353793677265216,-2.07857617222321,-1.09584714369835,-0.00504052461297191,-0.00211056142224372,0,-0.0027429920925688,-0.00160652164909128,0.0011886895447479,-0.00423972275765707,-0.0103731537383305,-12701.7161247498
4.88294204534602,-3.04813879780929,0,5.70918773052622,4.62871823561713,-0.441661164261759,1.83493237613136,2.79902573083874,-0.42301838873143,-0.0415066295558686,0,-0.458453897856464,-0.422870020532278,-0.141758914346312,-0.340182622762527,-0.371010521235139,0.157221540754048,0.461484796621721,0,-0.0629977829372565,-0.239623986096969,-0.719610836436243,-0.202082795912984,-0.140661115694749,2.09527329204567,1.8462941521271,0,-0.130783777670809,-0.339354875474277,1.59761766272869,1.7262402866684,1.50368249351457,-7.85773490615183e-05,0.000122802803570315,0,6.32439738012272e-05,-3.05547812253494e-05,-4.64184161155762e-05,-9.2470484539525e-05,-0.000165047670997495,-0.870746714593348,-0.350586988968575,0,-0.678374938858033,-0.584131244354755,-0.422425887158479,-1.56533210939505,-0.768576534207165,-0.00447322496100454,-0.00112727708100246,0,-0.00224593041452111,-0.0012463751538783,0.0015552010335177,-0.00354744104391148,-0.0102984334233804,-12558.6031642536
3.36078397468108,-2.09433390957131,0,5.44580537571353,3.85278872137609,0.757252385467973,2.7885892835362,3.25835977990545,-0.350813469940586,-0.131595973392952,0,-0.48405468475712,-0.394550294868321,-0.334601386648467,-0.532743516997066,-0.457066939631436,0.300602640311845,-0.00584628408621085,0,-0.040361954780107,-0.749666498696003,-0.646505064202203,0.301767253713584,0.502045499730661,2.66308078873843,2.09515017765014,0,0.337561038867251,0.14105230035416,2.77931997970856,1.86904953177616,1.45342916993236,-5.4876505776379e-05,0.000116949813066769,0,0.0001041032514991,-2.85148788910993e-05,-7.48666324588849e-05,-0.000119079272399765,-0.000146148954860009,-0.881243433607784,-0.900753234306341,0,-0.812285080441635,-0.116108898992402,-1.07470943388827,0.0986385794587137,-0.973840541159988,-0.0030648277016542,-2.81455516367378e-05,0,-0.00171678974962075,-0.000284920192635585,0.000630990670658942,-0.00236620130821473,-0.00948704789367405,-12525.5854818664
2.65938699633147,-0.823417886282983,0,4.91371104369753,1.90466281772019,1.5355852779954,3.18325726482004,3.06445311476481,-0.30980475492654,-0.305923115243099,0,-0.453271044737485,-0.257305561873215,-0.389927541821211,-0.535763497042047,-0.478736596368439,0.361998115154304,0.0657605486624452,0,-0.00968914516210191,-0.582845000557944,-0.529744534349908,-0.0595912983140855,0.409339748786512,2.84884358279579,2.81628513528667,0,0.434179993240414,0.360209548815614,2.39894840265875,1.63271758120104,1.93309712388039,-3.58690125068081e-05,0.000101439974903679,0,0.000134949666518208,-1.37457417152389e-06,-6.33041893860272e-05,-9.34885200961802e-05,-0.000136471726148506,-0.967182345790752,-1.40008525525278,0,-0.826216605645812,-0.124236357768606,-0.934150934487855,-0.419093204955481,-1.37652949805566,-0.00218752820485456,-0.000666897415958606,0,-0.00116969790621732,0.00118377171148608,0.000801682868314653,-0.000734244209232424,-0.00909133540362071,-12399.9810984428
3.17322697036846,0.539599010630633,0,3.89496397383046,-0.447315651240035,1.82748385009853,3.32911049512275,2.32953453459195,-0.338954662289042,-0.374799113409288,0,-0.363731123849033,-0.0513204223467677,-0.423093903118725,-0.595259611792849,-0.351778490682307,0.250680276594161,0.215316399091888,0,0.027099275209376,-0.380469581389884,-0.981019553918735,0.0058777395200917,-0.0177939844483089,2.78361305873172,2.03193480429916,0,0.453117202653191,0.391372854908301,2.76517928156011,2.20464696087098,1.22378406838678,-2.31764569800496e-05,0.000105649220793153,0,0.000173629151437737,2.81458891639049e-05,-7.88917690836957e-05,-7.7906053584229e-05,-8.57587628389462e-05,-1.3086203204482,-1.69343253090081,0,-1.21220049505053,-0.356783440406181,-1.09429249665536,-1.10187394918386,-1.62068285761915,-0.00156404957099623,0.000111519480254548,0,-0.000155313903176793,0.00199799245139474,0.000719167688342266,-0.000190941942417421,-0.00676207625651616,-12347.9002419125
3.46489627805677,1.14609606653609,0,3.8081944959974,-1.1443782833135,1.35318243222383,3.09735266156247,1.70373228103987,-0.356485549828244,-0.390131499650401,0,-0.349581733553334,0.0173951872619227,-0.329561867000464,-0.599766426260443,-0.342082709076906,0.195231175601646,0.065022778536476,0,-0.0553587064902811,-0.676753439131492,-0.863259491897405,0.139376241767778,0.150690453337179,2.68017040547376,1.52045005269638,0,0.336258949386136,0.269779820079884,2.30788835824471,2.3975420789729,1.51009304550819,-2.0801876814211e-05,0.000104099976688896,0,0.000181030158055843,4.41622976199097e-05,-4.44286630576625e-05,-7.22460441119087e-05,-9.50141865625642e-05,-1.22420235168574,-1.48164403952858,0,-1.03171175984824,-0.0376565830759948,-1.74982618140427,-1.19888467678905,-1.17094034048893,-0.00133369758419875,0.000417684651214552,0,0.000130372856356144,0.00286333380685444,0.0012096013939998,0.000226597686392042,-0.00674552891871208,-12344.0365997265
3.44245146006467,1.7512148533295,0,4.09682032860477,-1.27585991375044,0.489640493042564,2.5539343272672,0.777753592353536,-0.361215818538058,-0.417916923503726,0,-0.383320532319135,0.0154604391826359,-0.280350546908914,-0.515593995819917,-0.289080820431919,0.27296201061116,-0.145977808345462,0,0.0374723268246141,-0.46170496183782,-0.770403948745708,0.0564650515863229,0.382063807691734,2.66647598169516,1.14207926150313,0,0.341493864217803,0.284930861233083,2.48636904442484,1.96675461324886,1.56826946302997,-2.19627373076942e-05,9.34001508142416e-05,0,0.00017754898983571,4.75706301279156e-05,-4.85391150592504e-05,-5.34243313399426e-05,-9.27607144717411e-05,-1.03284821018694,-1.00738816792034,0,-0.890544314455651,0.0788060766703439,-1.45352453187744,-1.1887536203055,-0.747904417595087,-0.00106274361164341,0.000231813708855986,0,0.000131084254891934,0.00273791159861247,0.00166543179559597,0.00124322492191024,-0.0062139248379807,-12282.7132420352
2.99732732050423,2.6033885683194,0,4.41510594790734,-0.750298578878535,-1.15088517476653,1.59288785712313,-0.927912722717942,-0.32122647101127,-0.555688919708377,0,-0.404714201281131,-0.00267356628609897,-0.0971212254219704,-0.492709020287928,-0.102886387540233,0.313355186304867,0.0122111778014785,0,0.0355750969348738,-0.54371236082534,-0.880744678803917,0.177331238638567,0.424026678934795,2.58004548152536,1.38887176102944,0,0.219310256543047,0.0625532886513294,1.92413209662434,2.43152733834907,1.0943237132406,-1.8892535200614e-05,7.93992518163021e-05,0,0.000174609776089852,5.0174386130801e-05,-5.36433562326921e-05,-6.89150458763761e-05,-6.06125328947987e-05,-0.834130124584077,-0.421669160812892,0,-0.763537089663809,0.134402404035307,-0.612037406901126,-0.679873743195144,-0.899672395531309,-0.00028781935723886,0.000227300514963428,0,0.00042331272075694,0.00184746886691643,0.00250110751676235,0.00208482877181539,-0.00401911407840095,-12220.1897861727
2.84258782191797,2.67413243631436,0,3.81954718689567,0.232986403079082,-1.85544696939498,1.00882275638665,-1.7056455245988,-0.308988288662801,-0.58333496834456,0,-0.357939567178491,-0.0846400856211901,-0.0365675923459479,-0.433572149794975,-0.0320325622151321,0.278186923367337,0.219525295457837,0,0.0590536542478658,-0.457218038055574,-0.81008538471104,0.161897060772009,-0.0785760064181334,2.66600758436393,1.65868627777359,0,0.313207982301838,-0.0106037844233824,2.02499008379536,2.31704931394526,1.3231214985493,-1.738660053314e-05,7.69017990291964e-05,0,0.00017558153803484,4.84229942655009e-05,-5.26803946165757e-05,-5.93385346722202e-05,-5.22117888409604e-05,-0.924493768209889,-0.853832812875952,0,-0.802797839634122,0.057022895669966,-0.832704324371992,-0.659017922895147,-0.955850709099853,-1.69003002557337e-05,-0.000174776802832664,0,0.000753008798106793,0.00118598235243551,0.00277798931280298,0.00283517387665711,-0.0033343699832043,-12158.5131801485
2.56806487301363,2.22712337684036,0,3.40202838266985,0.934852120982466,-1.86961201859885,0.734886314250538,-1.81446152139016,-0.291788887239588,-0.524992931350678,0,-0.329761301498202,-0.146304535373991,-0.0257072730054628,-0.409075959979043,-0.0621522642263865,0.297813466697205,0.100802786377077,0,0.0885471649262698,-0.608991842570061,-1.03340720932953,0.0582460983340561,0.454670184653975,2.79568418823574,1.60895344870124,0,0.461426845188064,0.149148760058329,2.01376464142053,2.55892732857001,1.52043766347871,-1.67045707708042e-05,7.98810749146561e-05,0,0.000172143173041311,4.76218617587909e-05,-5.80955587342333e-05,-4.73094782641213e-05,-5.97324161532165e-05,-1.0229674358891,-1.10469062598565,0,-0.877770886325701,-0.208440146850366,-0.76735574615207,-1.23217742272596,-0.929501694772745,0.00014604606239506,-0.000168514712926071,0,0.000890816519653213,0.000726693023920812,0.00296392442026055,0.00306170562254546,-0.00356703921126504,-12128.1866874363
2.53009555949886,1.47181705685256,0,3.4033658948262,1.13817330566052,-1.46946589895386,0.670022222249978,-1.56988765949927,-0.292515407356876,-0.464569705941559,0,-0.334833112563762,-0.165828664312673,-0.0690464374757039,-0.408544766507833,-0.0782666306379234,0.397113538280865,-0.108463312537636,0,0.216698188265325,-0.355755104658385,-0.752660814285289,-0.0391355192842864,0.471469503875111,2.81841915415176,1.70622432474444,0,0.483827246672855,0.0430663609751753,2.03171428955295,2.76002486984723,1.46372209432185,-1.87460661444292e-05,8.23243708685478e-05,0,0.000165273714152866,4.49507819302814e-05,-6.95540718300739e-05,-4.81951045880181e-05,-5.96198626190557e-05,-1.0424377205878,-0.917328186517699,0,-0.880721237370599,-0.134751874214714,-0.864491661540537,-1.44614183200549,-1.03681518951522,0.000207998347914076,0.000165809610860096,0,0.000888992899560388,0.000408506775039655,0.00261626633043933,0.00312761978366428,-0.00345224283312021,-12101.4970255053
2.87382652745124,-0.47131733690785,0,3.58838740487575,1.19527739414796,-0.47188448076019,0.65921243996763,-0.718081239881974,-0.322556492420963,-0.338673119645347,0,-0.354414475563443,-0.173330448212604,-0.134620338784951,-0.389486026149047,-0.15372931506861,0.384865066637954,-0.0553112969695709,0,0.233869660977091,-0.314353908670743,-0.975486667112422,0.28739112334588,0.278506968975601,2.85804030932576,2.03613816021024,0,0.571347488801156,0.124979530897554,1.90180946184209,2.37856851096525,1.57047505544327,-2.64786037451449e-05,8.1322399498346e-05,0,0.000148749787492529,4.54512880804877e-05,-8.51062870921259e-05,-4.59298735086081e-05,-7.01615904207758e-05,-1.03780318432432,-0.408175898846699,0,-0.880521475850137,-0.24011581761105,-0.856902396929429,-1.38988118976804,-1.14910748910269,0.000235016613907686,0.000566507085259008,0,0.000872503096350482,9.15234858096024e-05,0.00234783457431614,0.00363434906292069,-0.00358099452888195,-12042.3317995858
3.03808615044786,-1.63670357068401,0,3.90231662275894,1.11388705839144,-0.0727984666155418,0.878311008081002,-0.0050383288246002,-0.338707839057395,-0.229962135726914,0,-0.385339188675853,-0.173175068069308,-0.162582354318447,-0.396776047846515,-0.226946906687226,0.312772555789648,0.385867404975803,0,0.184396996237218,-0.263094466798646,-1.15517559441761,-0.359239086197616,0.0570178575035873,2.90102790335771,1.89324356305776,0,0.637415180676048,0.156244900017919,1.84676386115545,2.44442855131258,1.69350035729407,-3.38429422490762e-05,8.53849717679364e-05,0,0.000133811061418985,4.1072616228493e-05,-0.000101717631085931,-4.87180048658437e-05,-8.52979029940241e-05,-0.909069284467954,-0.67885709362296,0,-0.761261123662741,-0.082524276170916,-0.60355022237256,-1.02668356530235,-0.853928144252141,0.000245278625728539,0.000797506106151889,0,0.000778337202209913,1.97847889923949e-06,0.00235397035918713,0.00374315946473661,-0.0039348094423744,-12020.2273179118
2.99898456821945,-2.22702275081623,0,4.0970498421874,1.09845760524172,-0.946924898352357,2.19400489960169,1.30016326589762,-0.342406091876031,-0.218040496341364,0,-0.40897228064209,-0.176385076744601,-0.0944511796405183,-0.50970371485039,-0.322664234149048,0.384141652633334,0.432693223453187,0,0.267128144257598,-0.0798252559178247,-1.14825386301972,-0.00413723181057163,-0.173481065515163,2.95187430088024,2.45872800849986,0,0.717078077567223,0.0966476543508953,1.97684436158086,2.38165396935823,1.25837245725512,-3.91238522565695e-05,8.25828643331506e-05,0,0.000121680628368194,3.17471371895006e-05,-0.000111073358708394,-5.25135587615458e-05,-0.000105467641727945,-0.829328185666819,-1.05340632830516,0,-0.726446502101909,0.0869971123284476,-0.509846606580297,-1.46293364027662,-0.0979493746235399,0.000233639675924941,0.000471702595156239,0,0.000646751616798741,-3.60285848524806e-05,0.00275153075019802,0.00310038753558472,-0.00400155932350787,-12019.8432447564
3.18091836381777,-2.33824147282015,0,4.0132098032775,1.13398342402613,-1.3186342140604,2.65889021392658,1.74269382424879,-0.358008878315428,-0.218438640552471,0,-0.403267477626297,-0.179035229682119,-0.0651881007897924,-0.538910522509027,-0.36274653265396,0.41467802701784,0.397700882048753,0,0.318576494243392,-0.0406581557297167,-1.06018481139342,-0.119964768986554,-0.0690147941799904,2.96099450074178,2.56434312401235,0,0.744274604383431,0.10852099010668,2.0020892780213,2.2804877889165,1.25897782784451,-4.14724768661109e-05,7.95077527324055e-05,0,0.000120367005961903,3.00528723705798e-05,-0.000112069749386524,-5.52522289968982e-05,-0.000109484115895947,-0.888140301937429,-1.00423051339007,0,-0.77393333370834,0.00124986256579364,-0.544198687198156,-1.41168753412925,-0.277653354636427,0.000154645222104955,0.000408248316954863,0,0.000678659366514014,-3.39869075369833e-05,0.00291559167206167,0.00300689034520413,-0.00414537747947191,-12010.2743794294
3.13963596185045,-2.33578747285022,0,4.05880889358304,1.2550084573705,-1.42025426672511,2.88456941093032,1.9760979916381,-0.356765573280579,-0.209021252524688,0,-0.408751851179428,-0.191903175856945,-0.0614192432170265,-0.56027859214,-0.388328788282189,0.392779320406412,0.373537556967915,0,0.291571555974122,-0.0434948497733799,-1.05108216134636,-0.0865410597887514,-0.24252968244191,3.01839551283224,2.40458798901314,0,0.795920756494061,0.139992760868062,2.05594319691496,2.31422198078452,1.48269681437036,-4.26504035264344e-05,7.65114748262753e-05,0,0.000117605385170037,2.59871680092174e-05,-0.000117543080867252,-5.58834113638271e-05,-0.000112634750779378,-0.913400926352776,-0.850252861776866,0,-0.781543439373867,-0.00717038188737563,-0.502882042344368,-1.48604090037098,-0.520693358512922,0.00014096440307723,0.000442213667361845,0,0.000639553162651905,-2.52601821160836e-05,0.00296541017995853,0.00281362891620841,-0.0043414130383498,-12003.3758996059
3.29780936228967,-2.00427599292365,0,4.39738508725953,1.93423713433327,-0.6884914838802,2.52874956951636,2.12266515825477,-0.369365050097295,-0.286837668706932,0,-0.433799855673365,-0.244079009264111,-0.118361506320871,-0.50000920007978,-0.39292028418242,0.300523092127793,0.513244974211067,0,0.177372862223428,-0.166047668109815,-1.23896434419268,-0.48258742455773,-0.432295330700371,3.11243066103067,2.6096768991441,0,0.894056725877519,0.214559799185642,2.21037621794044,2.28287919718518,1.45365244374901,-4.49572776129494e-05,5.78724515907243e-05,0,0.000115355001565217,1.41324414097163e-05,-0.00012666501458007,-5.01374525827004e-05,-0.000118561244864283,-1.04527028356373,-0.287036771048477,0,-0.948023186012619,-0.274998967570304,-0.974189533540232,-1.65538763255919,-0.629524594693918,6.05216341160809e-05,-1.160594244718e-05,0,0.000538210534475911,-0.000112441118101657,0.0027236999923401,0.00309415195499156,-0.00406552717841368,-11993.1835382124
3.67116176334016,-1.86157777067278,0,4.5528896416008,2.31148311824407,-0.142392954793659,2.16414888797008,2.09002865948957,-0.400011204682727,-0.293667086828857,0,-0.446710698401827,-0.274930856227533,-0.166668208517716,-0.468130390411737,-0.395491478239042,0.318158766350727,0.342164509463888,0,0.20144909908208,-0.124682637407478,-1.22538589567001,-0.388351965736913,-0.397558937166746,3.11031854913768,2.65703693121943,0,0.905169850247703,0.174860196075889,2.17490134139011,2.24711857801338,1.52127963878623,-4.93861846584096e-05,5.38068699841482e-05,0,0.000113522731116373,5.73084396303966e-06,-0.000139678082891642,-4.57977006647273e-05,-0.000120985434737648,-1.08948954147069,-0.441586868148368,0,-0.966641403625911,-0.284510766197047,-0.915888027325186,-1.60008286293168,-0.777949076987096,-0.000112625904910341,-0.000216375018874882,0,0.000499799442454428,-0.000122213661646041,0.00259180524417329,0.00315984554640996,-0.00400936549549581,-11977.8885715804
3.58445346383643,-2.28484265749095,0,4.46633059016078,2.20748987069611,-0.142484180070865,2.13959097054161,1.792545333737,-0.395103847394341,-0.261639007142473,0,-0.441621576923132,-0.268621848727807,-0.168524625197964,-0.470431090030533,-0.379187279979775,0.426071976975071,0.58020008084124,0,0.298288186536795,-0.0383246640563827,-1.124861399648,-0.252679090968252,-0.269676873664715,3.11042715133324,2.60062955113263,0,0.905826949298608,0.178491496286451,2.15468618351935,2.22698903372917,1.59156766272776,-4.89906430034799e-05,5.29557507006814e-05,0,0.000114432848633322,7.38352093560763e-06,-0.000141517959619965,-4.40260494013192e-05,-0.000120463910421476,-1.11034681435452,-0.454540607273853,0,-0.981503820985173,-0.30624221455539,-0.924602425679348,-1.5616851997267,-0.861825600551908,-0.000118669566423859,-0.000129115045796123,0,0.000516393461565573,-9.86960808103077e-05,0.00256106689114808,0.00304677380195642,-0.00391920536376398,-11972.6055076401
3.34602535132425,-4.30308557990201,0,3.81005332833271,1.60569179863118,-0.386713753517132,2.01600273521771,0.578726998407733,-0.366706929246118,-0.075842174847546,0,-0.380113876533374,-0.213438745934022,-0.147059894844681,-0.45854574604794,-0.283232644537708,0.280093572897404,-0.104037115190921,0,0.179486217750532,-0.190075729738579,-1.26351176761822,-0.357689930487994,-0.384800982558795,3.14925078533197,2.79757653853574,0,0.951568276272406,0.226300540117915,2.18746561716229,2.22587825607012,1.79830950351247,-4.75129968162427e-05,5.50293197670148e-05,0,0.000121789322311872,1.53111803839892e-05,-0.000153059938565661,-3.7802979852647e-05,-0.000114162750741543,-1.08322943245971,-0.430906988698954,0,-0.913949902053623,-0.196665025935829,-0.704786718731039,-1.3246822983381,-1.11618504758674,-3.34066133756374e-05,0.00066756933253,0,0.000865467447768438,0.000125349718308666,0.00258939432324408,0.00279896302038091,-0.00316500920012093,-11964.2346953526
3.51110538963243,-4.11699184743018,0,4.06622986076253,1.58371416454696,-0.630592620132661,0.870847639451549,2.30312197889281,-0.386050020208237,-0.103774994804412,0,-0.408287849799332,-0.217261586778669,-0.128549335481407,-0.384521939064883,-0.440041599711988,0.424597928111843,0.194885741646226,0,0.316866449093658,-0.0613870819153182,-1.10567837402962,-0.050621681991842,-0.350024048772525,3.17363366949589,2.71556482480229,0,0.986406077753233,0.25495389173516,2.19696794326537,2.44805511594687,1.82627219764969,-5.08556370391125e-05,3.90071586063303e-05,0,0.000114035402475011,1.84316810048678e-05,-0.000160497333080585,-3.31767906450773e-05,-0.000136719467009975,-1.14308342271474,-0.543718707775756,0,-0.96276859497422,-0.23066404972777,-0.713920163651008,-1.31143551240468,-1.32182297168733,-0.000157240771204409,0.000345351593886664,0,0.000724483644891209,2.01895099824485e-05,0.00253364059702456,0.00305595988387525,-0.00380301886191324,-11957.9729483104
4.07957360363995,-3.83217049397175,0,4.81001862778967,2.39869288971474,0.288030027986692,2.83721978552622,1.67651116777521,-0.432574829826745,-0.141946936978023,0,-0.470163427457955,-0.282218004260373,-0.199305879882767,-0.542750190989242,-0.391274280379696,0.46869607535548,0.425384905273153,0,0.350981603938981,-0.0405974793982091,-1.11213061408436,-0.0589619595888095,-0.258882391180964,3.10907165601137,2.66980964203261,0,0.934350328173275,0.180463177142398,2.11201395692974,2.3134052138576,1.79129657571366,-5.64638354829312e-05,2.22271513072952e-05,0,0.000103915892768564,1.13584489811928e-05,-0.000170020015184045,-4.77582059940887e-05,-0.000143209519470326,-1.16819093201971,-0.617481543234203,0,-0.997255302234932,-0.278579904842869,-0.787130010769803,-1.46575873559497,-1.22716069733839,-0.000390118423910877,-8.01874644142723e-05,0,0.000394196646550804,-0.000336932955041183,0.00212932290407729,0.00231495371543752,-0.00325571827081755,-11953.8371295702
3.61100336199027,-4.73322095413778,0,4.33337773585018,1.91908826219105,-0.215938327365025,2.11018754339475,1.48094348956648,-0.392942527595639,-0.0719547534548699,0,-0.428747785932188,-0.241572448651101,-0.16089030963776,-0.476774136300832,-0.371659127814077,0.418333343088663,0.32546520855368,0,0.302497795475353,-0.0824158209952792,-1.14247053672501,-0.142405446003334,-0.322994035072776,3.13620589553793,2.76966446037834,0,0.951592152855787,0.227212581084798,2.18628649042528,2.3356976352962,1.77078850872248,-5.18503883289076e-05,2.16172129141907e-05,0,0.000112742254920082,1.14954730411793e-05,-0.000164047169062803,-4.22739663003855e-05,-0.000144850152597305,-1.12911569282843,-0.504696325073275,0,-0.97357174055523,-0.253395467635021,-0.790152312870682,-1.41103932851414,-1.18789046701511,-0.000232327832659747,0.000266627307827019,0,0.000549875025023775,-0.000109034035538561,0.00234660131409971,0.00256227535717941,-0.00316030482241887,-11947.8108423928
3.49568605864606,-5.47352502362855,0,4.19427774477056,1.75205883666873,-0.372091670333239,1.85048540338242,1.59206111211361,-0.381915876921617,-0.0190808922149542,0,-0.41587601021192,-0.226714202490218,-0.147922728682808,-0.454054129655684,-0.378702897416125,0.385803099760847,0.266163198531445,0,0.272943881000369,-0.112657453281724,-1.15817063454152,-0.164794485934268,-0.366608112314659,3.12766166660814,2.84069318875591,0,0.944121569602453,0.249157637604043,2.19948362781691,2.3582684022748,1.73293175456743,-5.05073729610616e-05,9.60882817364917e-06,0,0.000113803108487418,1.43206924806663e-05,-0.000160960889178726,-3.83840002498543e-05,-0.000153963824051534,-1.11227039798374,-0.447129656601522,0,-0.958274501043405,-0.240550577270208,-0.787812845194188,-1.37634148285407,-1.18946948633282,-0.000210011900436259,0.000450726497159026,0,0.000591432386588241,-0.000139172686318853,0.00236735140215059,0.00250569662410853,-0.00306833951926847,-11944.8707601922
3.44202578779355,-6.64758901633892,0,4.14632635905185,1.69249082056496,-0.429293259626135,1.77662416742784,1.70634301076684,-0.375454814369323,0.0605870057784385,0,-0.410339319724263,-0.220505032395703,-0.142308446782912,-0.445383828622895,-0.385089232612021,0.365828228562421,0.26252887223479,0,0.255294177305833,-0.12846640532939,-1.15664830813034,-0.170872690537347,-0.390479997219813,3.09332224036898,2.93472254794439,0,0.91239251925245,0.256546750891637,2.18319518438308,2.34428336909,1.65848333240959,-5.03143408639585e-05,-1.84860071360298e-05,0,0.000114224280175474,1.45288419344593e-05,-0.000157684791280043,-3.37603108947984e-05,-0.000172345229253461,-1.09107135375497,-0.370261857760728,0,-0.940629815944697,-0.23086936647576,-0.781823699917608,-1.35182380710359,-1.16705452524535,-0.00023750130958353,0.000658208248974146,0,0.000560158030710333,-0.000214512764811467,0.00234480452306091,0.00235736128668066,-0.00288107504017916,-11941.8341173837
3.48108531466423,-7.45314215072785,0,4.18864990134977,1.75070332533343,-0.369183393504603,1.85373877614034,1.74847159499178,-0.377934444817105,0.114684075375488,0,-0.413314246407444,-0.225114549141045,-0.146685933882447,-0.451605340865659,-0.386634459868003,0.367625322395252,0.293188609658613,0,0.256325194844035,-0.125423855782917,-1.1429029481954,-0.160991824371217,-0.380638010838428,3.06776436800208,2.98937104749635,0,0.887784464062624,0.245649832528774,2.15329149482685,2.31660708789334,1.61893846067029,-5.06617136925825e-05,-4.43194509760375e-05,0,0.000113189328367519,1.48947844998265e-05,-0.000155246337562686,-2.99839040535095e-05,-0.000185051928555275,-1.0852215496366,-0.322649314564707,0,-0.934560532637647,-0.230013551208484,-0.774264307897005,-1.3452207857872,-1.15289454698137,-0.000267044656262246,0.000829332933181393,0,0.000531760361970737,-0.000277204782481387,0.00231479808044119,0.00226863647235033,-0.00277742886659278,-11940.3635467643
3.52057575504428,-8.21812048212709,0,4.23342260910377,1.81478882451303,-0.304174386388241,1.93532295792754,1.72745550603669,-0.381165513409189,0.167906861715924,0,-0.417033347778812,-0.230730766296555,-0.151864941039024,-0.459253656613982,-0.382769674264253,0.376266581403271,0.336646889191873,0,0.263546283490847,-0.11521741625596,-1.12882743367282,-0.152891976105597,-0.357648585692567,3.05260462299899,3.03286066928259,0,0.871480100089093,0.227879057562238,2.12587714054249,2.28867150589589,1.60411231578932,-5.09832069641976e-05,-7.44031734055733e-05,0,0.000112927791931157,1.45835517783387e-05,-0.000152846513096547,-2.77940496206631e-05,-0.000195085995968231,-1.08405791501857,-0.273300551148757,0,-0.932381809158509,-0.230863253702095,-0.766043546318722,-1.34962355623708,-1.13421110407182,-0.000287116924098584,0.00104594610918446,0,0.000507755499036472,-0.000290132229243295,0.00231004957107719,0.00229331189750685,-0.00276124606049293,-11939.2764679841
3.54419701341276,-8.88823954677886,0,4.25769840356783,1.84924219424182,-0.269711407324301,1.97769269862297,1.67610210179856,-0.383425196610391,0.217807447091843,0,-0.419173209168992,-0.233977446271051,-0.155078023096393,-0.46451119924326,-0.375952417579246,0.383075798960592,0.369891323666362,0,0.268945908886456,-0.107863200579011,-1.12219132977461,-0.151849530055446,-0.334719385258507,3.05084700319425,3.06404860201184,0,0.867654319823635,0.210880502861257,2.11366593455808,2.2776284628611,1.6181111280268,-5.11307940608853e-05,-0.000108797599967092,0,0.000112666710870754,1.49284886186911e-05,-0.000150430059337754,-2.76903414448332e-05,-0.000200761189129781,-1.08688956184049,-0.224467432007543,0,-0.934238415924237,-0.23167741472229,-0.761898399721499,-1.35992738853027,-1.11856320096511,-0.000293905070582843,0.00129823109876533,0,0.000499385651652201,-0.000275484138770708,0.00232297970512112,0.00237307036020158,-0.00286348977763366,-11938.3945318087
3.54780461353173,-9.3720540809796,0,4.26004606069033,1.84820995814475,-0.272260251283875,1.97740569568857,1.61011115321083,-0.384186489138427,0.257765255272111,0,-0.419623508968563,-0.234263544785335,-0.155581903918169,-0.466181725236498,-0.368117227370711,0.386511314951583,0.38320211348253,0,0.271995846383009,-0.10457261198568,-1.12510899640163,-0.15598320753379,-0.314786415086486,3.06118015508814,3.08226684237757,0,0.876452797582522,0.200597302325318,2.12023593819266,2.28550704544296,1.65746221537745,-5.13256979896434e-05,-0.000146834955565525,0,0.000112649426307191,1.50690651614312e-05,-0.000149167533080461,-3.01300906914148e-05,-0.000200647996581341,-1.09202203374722,-0.182338716288525,0,-0.93881281267543,-0.231996132952402,-0.762868686773618,-1.37302154832768,-1.10546552059941,-0.000291195651474229,0.00152606573897846,0,0.000500808435862971,-0.000229702464314244,0.00235200924936357,0.00247316865846969,-0.00307959136065601,-11937.6676505613
3.54104725240754,-9.49573562035073,0,4.25041153833267,1.82680783799705,-0.294983497175793,1.95174722792502,1.56416332502394,-0.384074439374598,0.272990533052268,0,-0.419113339326612,-0.232755401524678,-0.154501876499273,-0.46497731879084,-0.363299344260494,0.386290146313162,0.36883547478539,0,0.272175957947433,-0.105853404231455,-1.13386408310483,-0.161037402568019,-0.302208709010241,3.07757069963428,3.08752167282381,0,0.892726087419396,0.201702743346821,2.14084410619091,2.30733584961998,1.7031939301926,-5.15189978098672e-05,-0.000180162762115691,0,0.000112480385957623,1.52006927604435e-05,-0.00014971012573949,-3.34960589017705e-05,-0.000193776628549546,-1.09788366863925,-0.161598471357836,0,-0.944810154039571,-0.232619988691569,-0.768791654390357,-1.3819244503223,-1.1002023212854,-0.000279976393203945,0.00163103422167319,0,0.000512357036421927,-0.000180709388728863,0.0023813971286417,0.00252710676208325,-0.00332450809998037,-11937.1364168852
3.53198158944306,-9.30063893872841,0,4.23918522422233,1.80124299388279,-0.31991517449884,1.92130273589309,1.53903306497212,-0.383745607835358,0.265136488293332,0,-0.418535352607537,-0.230875313908337,-0.153114226825164,-0.462574439068193,-0.361664617430875,0.384481836417934,0.332374600636553,0,0.271268208659666,-0.109014883695452,-1.14379412846539,-0.163925889034484,-0.29362785961212,3.09511622435312,3.08964710040466,0,0.911038243098006,0.212430428370291,2.16684197844988,2.33422212483067,1.74287406531795,-5.16707648185685e-05,-0.00021263984726829,0,0.000112385984500767,1.50882932007598e-05,-0.000151793458464988,-3.66658407590674e-05,-0.000180395450468558,-1.10330408029792,-0.157775470303092,0,-0.950749365334047,-0.234077537482558,-0.776989354305003,-1.38503774039322,-1.09943371389776,-0.000263623665919893,0.00160550163797698,0,0.000528794208436927,-0.000134962913025546,0.00240857504120477,0.00253013838184523,-0.00356128973166784,-11936.6421645774
3.5261016052345,-8.86071698074986,0,4.23272135658214,1.78471326871877,-0.333291368383786,1.90260016777023,1.53746056936988,-0.383568386698568,0.23790580535452,0,-0.418317332487279,-0.229723652046985,-0.15239030074903,-0.460454033584744,-0.363339768224282,0.382472556785889,0.284190871252663,0,0.270030039579025,-0.112174954065264,-1.14972519189251,-0.162829593587887,-0.289319255347232,3.10790542564652,3.09854512452857,0,0.92484212816673,0.229461303588786,2.18816082505666,2.35564404712781,1.76217589493243,-5.16674753984301e-05,-0.000246443440825831,0,0.000112384088381579,1.49020483609154e-05,-0.000154541694153307,-3.81089877262332e-05,-0.00016200883285577,-1.10675878616608,-0.1644843345893,0,-0.954871611148157,-0.236569290057267,-0.784271897407164,-1.38107253619483,-1.10180973550276,-0.000247194016531257,0.00145813833914125,0,0.000545086031498091,-0.00010796246077831,0.00242668867312122,0.00248152625540081,-0.00373475293223974,-11936.159529519
3.52646547000893,-8.41369842214025,0,4.23467925004232,1.78668097946041,-0.327188476409151,1.90653082696855,1.55612275537348,-0.383654481955166,0.206899250625017,0,-0.418614438717564,-0.230020221264728,-0.152788057062777,-0.459953285877632,-0.367297958266771,0.381716598341607,0.249103926269216,0,0.269430410642901,-0.113173311024626,-1.1473478148695,-0.158147132053026,-0.290647446828402,3.10917646743143,3.11978965548729,0,0.926564191216685,0.244029336958905,2.19251872868369,2.35931473416711,1.75150346281621,-5.14991444768874e-05,-0.000280305529098591,0,0.00011259326910538,1.4695071439334e-05,-0.000156405009166781,-3.6758979413066e-05,-0.000144878254402779,-1.10632279674072,-0.169113823635671,0,-0.95480845340762,-0.238942065024897,-0.786009614078547,-1.37241411439495,-1.10509642016407,-0.0002401460068336,0.00126731588370937,0,0.00055155812372567,-0.000111934254745083,0.00242825749927981,0.00241356845281036,-0.0037834675162634,-11935.7480266722
3.53137289348941,-8.17311725823658,0,4.24198698378436,1.80260138862475,-0.308360167905773,1.92638930427057,1.58317983141674,-0.383848157928904,0.188359707755319,0,-0.419106606530345,-0.231329195478976,-0.153861381545021,-0.461080533733164,-0.371630538401874,0.382408123369232,0.243797091026248,0,0.269623794840636,-0.111766702926761,-1.13838148530997,-0.153305788977815,-0.297214422405113,3.09937477771968,3.14860434430762,0,0.916420891924124,0.248621517244046,2.17918543123575,2.34533082429083,1.72035945048687,-5.12834536714547e-05,-0.000315064182844662,0,0.000112884438426183,1.46084343767041e-05,-0.000156464293612416,-3.35252168460852e-05,-0.000133988147568616,-1.10245535364505,-0.161903216567238,0,-0.950880479072074,-0.23976401159478,-0.781353546338755,-1.36457330122221,-1.10839885048324,-0.000245793030817608,0.00113480644474276,0,0.000545478059077053,-0.000140859372082328,0.00241389146812318,0.00236924338037396,-0.00372034240101407,-11935.4241982589
3.53565183835956,-8.17973552096396,0,4.24767038126103,1.81804256420847,-0.292460334145656,1.9450443660036,1.60348455744189,-0.383846896754168,0.187541000696319,0,-0.419297455529993,-0.232437962519275,-0.154621073142022,-0.462659939950794,-0.374429846563856,0.383540055453752,0.266268488895251,0,0.270120335113729,-0.109506857437646,-1.1296847455678,-0.151901759777782,-0.306609537264597,3.08570684531074,3.17084657032255,0,0.902031245069338,0.241791912479802,2.15894941276441,2.32519893691247,1.68891951112568,-5.11974317283837e-05,-0.000348276496681612,0,0.000113083524921388,1.4652255088645e-05,-0.000155059944338798,-3.08373445849519e-05,-0.000130790691355922,-1.09765311959363,-0.144825336310367,0,-0.945731198488466,-0.238335144544726,-0.773815214010381,-1.36213040550834,-1.1119614178357,-0.000259676285521138,0.00111691513397156,0,0.000531802168381247,-0.000173986557850485,0.00239230011280996,0.00237171419808186,-0.00360868668936448,-11935.208990495
3.53519720789549,-8.28047680015326,0,4.24693821535762,1.82175900123029,-0.290305893038238,1.95026943866897,1.60919939237228,-0.383498638035344,0.195281726987905,0,-0.418956538994763,-0.232493911679993,-0.154456512199519,-0.463383927365212,-0.375122159228195,0.383901932097314,0.296291886113854,0,0.270202860474641,-0.108425832744093,-1.12712214711068,-0.154297367057544,-0.31513426251923,3.07665020002378,3.17557371501872,0,0.892521956861569,0.230256150527668,2.14551498075096,2.31214056902001,1.67275873927502,-5.13168086939586e-05,-0.000375292647398368,0,0.000113064461129266,1.47471661640977e-05,-0.000153531152883671,-3.04124468019982e-05,-0.000132360292147801,-1.09454553074924,-0.129804957440146,0,-0.94231250995532,-0.235582823188229,-0.768553390179367,-1.3646640037462,-1.11614113296506,-0.000272751987794007,0.00117974640257274,0,0.0005197348738604,-0.000193223521538324,0.00237473647449507,0.00240242808991401,-0.00351474768170182,-11935.0873221641
3.53099528943717,-8.34281888307696,0,4.2415164525478,1.81584569046562,-0.298665374468535,1.94483379421954,1.60535311167768,-0.382934937807189,0.202116080021755,0,-0.418297522327651,-0.231748566636532,-0.153611666668602,-0.463127007601864,-0.374663695566087,0.38339121673117,0.32109960826031,0,0.26977977430826,-0.108790149872128,-1.1298898179108,-0.158280492864032,-0.321230958556857,3.0731455823246,3.16422855733726,0,0.888977502070377,0.21968266480413,2.14085490916183,2.30757606159855,1.66975727993061,-5.15885126768844e-05,-0.000396964077654505,0,0.000112879243992643,1.47967492719254e-05,-0.000152628787881028,-3.17302158121469e-05,-0.000135754127294131,-1.09317544660858,-0.12349178232702,0,-0.940760947410033,-0.232514141857353,-0.766531856882214,-1.36883738981453,-1.12069441232989,-0.000281747292429764,0.00126464378699281,0,0.000512214388351676,-0.000199336957536423,0.00236360740973611,0.00243377845979728,-0.00344235501489439,-11935.008523176
3.5261120749356,-8.31568901485086,0,4.23524630010546,1.80647362227053,-0.310419322172271,1.9351808310812,1.59838325758804,-0.382428412756824,0.20370259107001,0,-0.417670702384068,-0.230787482789977,-0.152606182395288,-0.462282193502455,-0.373885720441287,0.382415696262663,0.334158357868151,0,0.269083477963413,-0.110027008897707,-1.13512812072989,-0.161680165080084,-0.323661366185142,3.07383098554726,3.14145107897772,0,0.889893310538547,0.213228034137858,2.14278507268898,2.3092420180637,1.67452850365448,-5.19036354129541e-05,-0.000412216497374251,0,0.000112616794105297,1.47701116446594e-05,-0.000152571756163527,-3.36838704667025e-05,-0.000139924474252389,-1.09307649620249,-0.128120427112654,0,-0.940600163250622,-0.230050831173962,-0.767121143774011,-1.37203717043799,-1.12437598406224,-0.000285422674934068,0.00133395950112776,0,0.000509981031748306,-0.000196721233594306,0.00235909516790388,0.00244956206466948,-0.00338190857236289,-11934.9530848966
3.52330337082428,-8.20989184655535,0,4.23152665653799,1.79978363466741,-0.318719538974539,1.92745109172232,1.5931929097773,-0.382204623874441,0.199820163549731,0,-0.417361940267854,-0.230169051199138,-0.151940152416392,-0.461404442456178,-0.373285410556633,0.38156796678759,0.333804744071428,0,0.268489729671367,-0.111253230860616,-1.13963342190206,-0.163030417280027,-0.322314929419711,3.07656833871946,3.11508606732726,0,0.892873466730269,0.21191073387179,2.14756738646549,2.31353024080802,1.68121381288299,-5.21354783045203e-05,-0.000420594003466764,0,0.000112396346048372,1.46829201212359e-05,-0.000153168236139833,-3.51257974839672e-05,-0.000144469593557458,-1.09370338626367,-0.140838202459427,0,-0.941227695792077,-0.228945935013563,-0.769033110092973,-1.37288377014409,-1.12582807860096,-0.000284062140647608,0.00136967041425676,0,0.000512268211345084,-0.000190243047142336,0.00236015304868451,0.0024460616765941,-0.0033263853072556,-11934.9132557281
3.52403879193044,-8.08581387324089,0,4.23220980520974,1.7997323096725,-0.31936989759965,1.92601379932275,1.59289483383902,-0.382355778220628,0.19350436716528,0,-0.417497640621531,-0.230227629204557,-0.151918886690058,-0.461043749451448,-0.373099988347036,0.381358987218242,0.32318648228154,0,0.268330617009672,-0.111715474960659,-1.14091852455916,-0.161990661903297,-0.318856147995136,3.07916484834823,3.09630200856204,0,0.895504497102902,0.214873732517777,2.1513906005363,2.31684988560539,1.68508277405339,-5.21825523280144e-05,-0.000422757100540057,0,0.000112323155570625,1.45919064181395e-05,-0.000153916976475609,-3.52391921181092e-05,-0.000148580463778806,-1.0945258707076,-0.153740970962153,0,-0.942068661351057,-0.229534856422715,-0.770797707059076,-1.3714447630704,-1.12445301168754,-0.000279601142976522,0.00136895080673743,0,0.00051684979700975,-0.000184720029773384,0.00236457457430038,0.00243057570878073,-0.00328303005334408,-11934.8888412281
3.52676600327539,-8.01791127318462,0,4.23551030327375,1.80435699715741,-0.314430468564841,1.9297372439378,1.59577849928256,-0.382681132849452,0.18941845093145,0,-0.417861585275531,-0.230724116383722,-0.152351986589185,-0.461294594674063,-0.373154573444565,0.381788571839115,0.311449176394104,0,0.268619540840589,-0.111342638732329,-1.13917465790375,-0.160012195273612,-0.316302826929338,3.08021704544132,3.09180943695787,0,0.896385281496381,0.218796361093999,2.15222278984864,2.3174612161878,1.68501945895257,-5.20735010693159e-05,-0.000422089033572724,0,0.000112395292212625,1.45537714220986e-05,-0.00015427316793619,-3.4298016698156e-05,-0.000151248292120232,-1.09507928895918,-0.158563005528723,0,-0.942629421833812,-0.23099718185408,-0.771410537543202,-1.36951690199817,-1.12160795047081,-0.00027547377106663,0.00135080647069588,0,0.000520528438592052,-0.000182807659939429,0.00236884974640213,0.00241859903928043,-0.00326408536864459,-11934.8780223148
3.52902960078895,-8.00727094455848,0,4.23829079516846,1.8085089709522,-0.309710058071875,1.93364571057105,1.59855387668564,-0.382927070414815,0.188439638120404,0,-0.418145543539418,-0.231143026197298,-0.152764028561697,-0.461714415005451,-0.373196037552029,0.382312076215133,0.304864941799538,0,0.26899224670142,-0.110815267958095,-1.13701105651192,-0.158795120506861,-0.315911000259084,3.0802199803532,3.09548821003909,0,0.896207801890267,0.221013857363237,2.15146040204228,2.31679765853855,1.6838517825507,-5.19496676647737e-05,-0.000422220294634412,0,0.000112496600936626,1.45639031489494e-05,-0.000154211333189389,-3.33851133728282e-05,-0.000152539572949532,-1.09532875108618,-0.156182911282177,0,-0.942878683603177,-0.232118907406844,-0.771230688777128,-1.36863699294978,-1.1193930899118,-0.000273532073204704,0.00133674548251427,0,0.000522025029519578,-0.00018333892420472,0.00237103003927322,0.00241668713463329,-0.00326629501666943,-11934.8743428617
3.53003682122559,-8.01372768770448,0,4.23948670700388,1.8102608223562,-0.30744695551581,1.93560261671119,1.5998423032275,-0.383034355558058,0.1885544192607,0,-0.418266716539327,-0.231313929266281,-0.152977275258941,-0.461992318265045,-0.37313208042922,0.382623631905848,0.302307051790707,0,0.269236029767796,-0.11052574059316,-1.13581545901302,-0.158487146394128,-0.316659215174716,3.08011986323414,3.09984532383885,0,0.896027564123324,0.221705550410334,2.15087320332603,2.31640153911179,1.68351400048964,-5.18803516355929e-05,-0.000423481530078243,0,0.000112557325437712,1.45851255279244e-05,-0.000154016394413142,-3.29634516013386e-05,-0.000153197069528536,-1.09545581028703,-0.151887518623465,0,-0.943010412262965,-0.232621329519322,-0.770980010984062,-1.36864184273081,-1.11822244607851,-0.000273007896435102,0.00132965504632891,0,0.000522329735997467,-0.000184185761426937,0.00237182083393392,0.00241974477707022,-0.00327784943740638,-11934.8729849931
3.53020014727242,-8.01752724142098,0,4.23958909088472,1.81027033581131,-0.306912082143331,1.93605365720201,1.60026327159237,-0.383053932112916,0.18854775982398,0,-0.418281852739761,-0.231311788199504,-0.15305094519325,-0.462108319834744,-0.373011078754984,0.382741946609583,0.301432219591747,0,0.269355653792157,-0.110451206541544,-1.13545272728291,-0.158628653082356,-0.317621447280119,3.08018891750833,3.10298235057215,0,0.89610563298087,0.221737900183398,2.15082968945483,2.31651479014417,1.68401213250483,-5.18598918073295e-05,-0.000425032598542761,0,0.000112576899148265,1.46002555193362e-05,-0.000153837352943709,-3.29117909092808e-05,-0.000153666983517539,-1.09554744996743,-0.14804030213271,0,-0.943113333199143,-0.232727398415438,-0.770872769508673,-1.36895361794242,-1.11766889617731,-0.000273035802356347,0.00132475700856951,0,0.0005222509514347,-0.000184862674217961,0.0023720501183878,0.00242318914332872,-0.00329304205699577,-11934.8723153833
3.52986758849001,-8.01385804612231,0,4.23907057333169,1.80943257556066,-0.307402597310829,1.93570488222015,1.6001234777717,-0.383021123091784,0.188124600539462,0,-0.418235796172648,-0.231226281138633,-0.153029324154467,-0.462092863536162,-0.372899227839839,0.382706592775676,0.301508065220801,0,0.269360272376431,-0.110513584351753,-1.1356709086086,-0.158878953334555,-0.31814678031658,3.08035017928195,3.10425167906418,0,0.896326507504213,0.221533155554439,2.15114970697188,2.31687484790515,1.68476176796095,-5.1877136543465e-05,-0.000425953403356644,0,0.000112562960625501,1.46009827838744e-05,-0.000153762260996956,-3.30717681804119e-05,-0.000153941462374743,-1.09557865425893,-0.146216516242495,0,-0.943155756252135,-0.232587449183472,-0.770896990090456,-1.36917980628577,-1.11758920118516,-0.000273263346942568,0.00132050108681086,0,0.000522084853772251,-0.000185316937723775,0.0023719497897871,0.00242443628415775,-0.00330524768465698,-11934.8720481128
3.52954816959829,-8.0078008166871,0,4.23861542682574,1.80875789306667,-0.30788639075749,1.93525812263236,1.59993943496989,-0.382986881703492,0.187609072053551,0,-0.418192575764076,-0.231157938109468,-0.152992551029729,-0.462035046269449,-0.37284224485347,0.382636714900354,0.30194575302582,0,0.269323859684638,-0.110575033093939,-1.13596751326568,-0.15899499624279,-0.318145138098698,3.08043665437177,3.10445347200745,0,0.896460983501842,0.221374110275311,2.15140028721011,2.3171095459389,1.68517075053108,-5.19044595149353e-05,-0.000426093082491695,0,0.000112545043746366,1.45936188811458e-05,-0.000153777028060405,-3.32192859360145e-05,-0.000154052093738979,-1.09555508163471,-0.146098701066593,0,-0.943135125968512,-0.232417694544965,-0.770929367908402,-1.369199500517,-1.11770338077671,-0.000273469772818762,0.00131698130250811,0,0.000521944145212181,-0.000185613435328543,0.00237169433151548,0.00242389104241107,-0.00331133799614587,-11934.8719667862
