"","asc_dp","asc_do","asc_wp","asc_wo","asc_ba","asc_bp","asc_bo","beta_age_dp","beta_age_do","beta_age_wp","beta_age_wo","beta_age_ba","beta_age_bp","beta_age_bo","beta_female_dp","beta_female_do","beta_female_wp","beta_female_wo","beta_female_ba","beta_female_bp","beta_female_bo","beta_distance_dp","beta_distance_do","beta_distance_wp","beta_distance_wo","beta_distance_ba","beta_distance_bp","beta_distance_bo","beta_density_dp","beta_density_do","beta_density_wp","beta_density_wo","beta_density_ba","beta_density_bp","beta_density_bo","beta_school_dp","beta_school_do","beta_school_wp","beta_school_wo","beta_school_ba","beta_school_bp","beta_school_bo","beta_income_dp","beta_income_do","beta_income_wp","beta_income_wo","beta_income_ba","beta_income_bp","beta_income_bo"
"asc_dp",-2602.44650256599,17.2148432041584,1119.59584810432,346.610393540728,227.24705346372,139.449867774998,65.422084563217,-2602.44650256576,17.2148432041622,1119.59584811192,346.610393540721,227.247053463833,139.449867774929,65.4220845632221,-2602.44650256502,17.2148432041635,1119.59584811353,346.610393540875,227.24705346387,139.44986777496,65.4220845632214,-2602.44650256561,17.2148432041593,1119.59584811324,346.610393568979,227.247053463861,139.449867774991,65.422084563226,-2602.44650256639,17.2148432041613,1119.59584807175,346.610393569079,227.247053463818,139.449867774968,65.4220845632172,-2602.44650256095,17.2148432041632,1119.59584811136,346.610393569613,227.247053463295,139.44986777497,65.4220845632135,-2602.44650256612,17.2148432041607,1119.5958480673,346.610393569091,227.247053463164,139.449867774942,65.4220845632351
"asc_do",17.2148439598559,-29.9138325694129,5.49959656173097,1.70259544196836,1.11626656493055,0.684995583354433,0.3213616936711,17.2148439598544,-29.9138325694195,5.49959656176831,1.70259544196832,1.11626656493111,0.684995583354096,0.321361693671125,17.2148439598495,-29.9138325694218,5.49959656177768,1.70259544196908,1.11626656493129,0.684995583354248,0.321361693671121,17.2148439598562,-29.9138325694144,5.49959656177626,1.70259544197127,1.11626656493125,0.6849955833544,0.321361693671144,17.2148439598586,-29.913832569418,5.49959656177225,1.70259544197176,1.11626656493103,0.684995583354288,0.321361693671101,17.2148439631298,-29.9138325694212,5.49959656176552,1.70259544197438,1.11626656493133,0.6849955833521,0.321361693671083,17.2148439598568,-29.9138325694169,5.49959656175188,1.70259544197182,1.11626656493068,0.684995583351963,0.321361693671189
"asc_wp",1119.59585310769,5.49959838483127,-1593.31971402979,110.731056348365,72.5982403015235,44.549820680343,20.9002863910457,1119.59585310759,5.49959838483248,-1593.31971404061,110.731056348363,72.5982403015597,44.549820680321,20.9002863910473,1119.59585310727,5.49959838483291,-1593.31971404038,110.731056348412,72.5982403015716,44.549820680331,20.9002863910471,1119.59585310756,5.49959838483156,-1593.31971403996,110.731056406956,72.5982403015687,44.5498206803408,20.9002863910486,1119.59585310786,5.49959838483221,-1593.31971404196,110.731056406988,72.5982403015549,44.5498206803335,20.9002863910458,1119.595853501,5.49959838483281,-1593.31971403981,110.731056407159,72.598240300148,44.5498206803339,20.9002863910446,1119.59585310778,5.49959838483201,-1593.31971403311,110.731056406992,72.5982403001061,44.549820680325,20.9002863910515
"asc_wo",346.610393967252,1.70259580239035,110.731056557137,-569.718680551419,22.4753456931525,13.7919656632002,6.47041934875725,346.610393967222,1.70259580239073,110.731056557889,-569.718680551408,22.4753456931637,13.7919656631934,6.47041934875774,346.610393967124,1.70259580239086,110.731056558078,-569.718680551661,22.4753456931674,13.7919656631965,6.47041934875767,346.610393967257,1.70259580239044,110.73105655805,-569.718680552223,22.4753456931665,13.7919656631996,6.47041934875813,346.610393967306,1.70259580239064,110.731056555974,-569.718680552387,22.4753456931623,13.7919656631973,6.47041934875726,346.610393967219,1.70259580239083,110.731056557833,-569.718680553265,22.4753456931596,13.7919656631974,6.47041934875689,346.61039396728,1.70259580239058,110.731056555564,-569.718680535407,22.4753456931466,13.7919656631947,6.47041934875904
"asc_ba",227.247054519977,1.11626701166964,72.5982383758276,22.4753477252459,-381.262720675269,9.04238368571664,4.24217928012002,227.247054519958,1.11626701166989,72.5982383763205,22.4753477252455,-381.262720675459,9.04238368571219,4.24217928012035,227.247054519893,1.11626701166998,72.5982383765877,22.4753477252555,-381.262720675522,9.0423836857142,4.2421792801203,227.24705451995,1.1162670116697,72.598238376569,22.4753477252956,-381.262720675507,9.0423836857162,4.2421792801206,227.247054520013,1.11626701166984,72.5982383763822,22.4753477253021,-381.262720674894,9.04238368571473,4.24217928012003,227.24705452008,1.11626701166996,72.5982383762838,22.4753477253367,-381.26272067499,9.04238368571481,4.24217928011979,227.247054519991,1.1162670116698,72.5982383762568,22.4753477253028,-381.262720674769,9.04238368571299,4.2421792801212
"asc_bp",139.449868602729,0.684994729611674,44.5498208057066,13.7919693160324,9.04238523469687,-237.454923329093,2.60320914673977,139.449868602717,0.684994729611826,44.549820806009,13.7919693160321,9.04238523470138,-237.454923328976,2.60320914673997,139.449868602677,0.684994729611878,44.5498208062997,13.7919693160383,9.04238523470288,-237.454923329029,2.60320914673994,139.44986860271,0.68499472961171,44.5498208062882,13.7919693145923,9.04238523470251,-237.454923329081,2.60320914674012,139.449868602751,0.684994729611792,44.5498208060469,13.7919693145963,9.04238523470078,-237.454923308639,2.60320914673977,139.449868605421,0.684994729611866,44.5498208059865,13.7919693146176,9.04238523472779,-237.454923309332,2.60320914673963,139.449868602737,0.684994729611767,44.5498208060967,13.7919693145968,9.04238523472257,-237.454923329688,2.60320914674049
"asc_bo",65.4220826640003,0.321361401852454,20.9002841084088,6.4704224607198,4.24217887341384,2.60320913290219,-112.782509311539,65.4220826639947,0.321361401852525,20.9002841085507,6.47042246071968,4.24217887341595,2.60320913290091,-112.782509311548,65.4220826639761,0.32136140185255,20.9002841085864,6.47042246072256,4.24217887341665,2.60320913290149,-112.782509311391,65.4220826639918,0.321361401852471,20.900284108581,6.4704224607289,4.24217887341648,2.60320913290207,-112.782509311399,65.4220826640105,0.32136140185251,20.9002841085692,6.47042246073077,4.24217887341567,2.60320913290164,-112.782509311383,65.4220826623196,0.321361401852544,20.9002841085401,6.47042246074073,4.24217887341678,2.60320913290166,-112.782509311378,65.4220826640047,0.321361401852498,20.9002841084918,6.47042246073098,4.24217887341433,2.60320913290114,-112.782509320131
"beta_age_dp",-2602.44650242233,17.2148439948377,1119.59585913332,346.610395794893,227.247048323759,139.449864917612,65.4220830937797,-2602.4465024221,17.2148439948415,1119.59585914092,346.610395794886,227.247048323873,139.449864917543,65.4220830937847,-2602.44650242136,17.2148439948428,1119.59585914147,346.61039579504,227.24704832391,139.449864917574,65.422083093784,-2602.44650242195,17.2148439948386,1119.59585914118,346.610395887258,227.247048323901,139.449864917605,65.4220830937886,-2602.44650242273,17.2148439948407,1119.59585896493,346.610395887358,227.247048323858,139.449864917582,65.4220830937798,-2602.44650241043,17.2148439948425,1119.59585914036,346.610395887892,227.247048310071,139.449864917583,65.4220830937761,-2602.44650242246,17.21484399484,1119.59585895942,346.610395887369,227.24704830994,139.449864917555,65.4220830937978
"beta_age_do",17.2148438655467,-29.9138325621269,5.49959813579587,1.70259481398813,1.1162666799146,0.684995571180936,0.321361691045845,17.2148438655452,-29.9138325621335,5.49959813583321,1.7025948139881,1.11626667991516,0.684995571180599,0.321361691045869,17.2148438655403,-29.9138325621358,5.49959813584254,1.70259481398886,1.11626667991534,0.684995571180752,0.321361691045866,17.2148438657306,-29.9138325621285,5.49959813584111,1.70259481399104,1.1162666799153,0.684995571180903,0.321361691045888,17.2148438655494,-29.913832562132,5.49959813583761,1.70259481399154,1.11626667991509,0.684995571180791,0.321361691045845,17.2148438660505,-29.9138325621353,5.49959813583043,1.70259481399416,1.11626667991538,0.684995571180797,0.321361691045827,17.2148438655487,-29.913832562131,5.49959813581719,1.70259481399159,1.11626667991473,0.68499557118066,0.321361691045933
"beta_age_wp",1119.59585161067,5.49959848460606,-1593.31972121444,110.731055343307,72.5982406966365,44.5498198263012,20.9002859405421,1119.59585161057,5.49959848460728,-1593.31972122525,110.731055343304,72.5982406966727,44.5498198262793,20.9002859405437,1119.59585161025,5.4995984846077,-1593.31972122797,110.731055343354,72.5982406966847,44.5498198262892,20.9002859405434,1119.59585161053,5.49959848460635,-1593.31972122756,110.731055400446,72.5982406966817,44.5498198262991,20.9002859405449,1119.59585161084,5.499598484607,-1593.31972122661,110.731055400478,72.5982406966679,44.5498198262918,20.9002859405421,1119.59585162224,5.4995984846076,-1593.31972122445,110.731055400649,72.5982406966719,44.5498198262922,20.9002859405409,1119.59585161075,5.49959848460681,-1593.31972122071,110.731055400482,72.59824069663,44.5498198262833,20.9002859405478
"beta_age_wo",346.610393759201,1.70259579386299,110.731055312954,-569.718679593076,22.4753458279085,13.7919702074327,6.4704217051608,346.610393759171,1.70259579386336,110.731055313706,-569.718679593065,22.4753458279197,13.791970207426,6.4704217051613,346.610393759073,1.7025957938635,110.731055313895,-569.718679593319,22.4753458279234,13.791970207429,6.47042170516123,346.610393759176,1.70259579386308,110.731055313866,-569.718679595203,22.4753458279225,13.7919702074321,6.47042170516169,346.610393759255,1.70259579386328,110.731055313797,-569.718679595368,22.4753458279182,13.7919702074298,6.47042170516082,346.610393760869,1.70259579386346,110.731055313649,-569.718679596245,22.4753458279241,13.7919702074299,6.47042170516045,346.610393759226,1.70259579386322,110.731055313388,-569.718679533531,22.4753458279111,13.7919702074272,6.47042170516259
"beta_age_ba",227.247050412914,1.11626480625707,72.598247021873,22.4753425310356,-381.262721314401,9.0423837052799,4.24218187469883,227.247050412894,1.11626480625731,72.598247022366,22.4753425310352,-381.262721314592,9.04238370527545,4.24218187469916,227.24705041283,1.1162648062574,72.59824702249,22.4753425310452,-381.262721314655,9.04238370527746,4.24218187469911,227.247050412883,1.11626480625713,72.5982470224712,22.475342531767,-381.262721314639,9.04238370527946,4.24218187469941,227.247050412949,1.11626480625726,72.5982470224277,22.4753425317735,-381.262721314466,9.04238370527799,4.24218187469884,227.247050412991,1.11626480625738,72.5982470223292,22.4753425318081,-381.26272131456,9.04238370527807,4.2421818746986,227.247050412927,1.11626480625722,72.5982470221591,22.4753425317743,-381.26272131434,9.04238370527625,4.24218187470001
"beta_age_bp",139.449863963576,0.684996982212851,44.5498205589796,13.7919690435323,9.04238619233668,-237.454923269604,2.60320915105055,139.449863963564,0.684996982213003,44.549820559282,13.791969043532,9.04238619234119,-237.454923269487,2.60320915105075,139.449863963525,0.684996982213055,44.5498205593579,13.7919690435382,9.04238619234268,-237.45492326954,2.60320915105072,139.449863963556,0.684996982212887,44.5498205593463,13.7919690435517,9.04238619234232,-237.454923269592,2.60320915105091,139.449863963598,0.684996982212969,44.5498205593168,13.7919690435557,9.04238619234059,-237.454923269075,2.60320915105056,139.449863995593,0.684996982213043,44.5498205592595,13.7919690435769,9.04238619233427,-237.454923269634,2.60320915105041,139.449863963584,0.684996982212944,44.5498205591517,13.7919690435561,9.04238619232905,-237.454923270065,2.60320915105127
"beta_age_bo",65.4220840933995,0.321362020268943,20.9002861779587,6.47042034091403,4.24218179924961,2.60320913318503,-112.78250850573,65.4220840933938,0.321362020269014,20.9002861781006,6.4704203409139,4.24218179925172,2.60320913318374,-112.782508505739,65.4220840933752,0.321362020269038,20.9002861781363,6.47042034091678,4.24218179925242,2.60320913318432,-112.782508505537,65.42208409339,0.32136202026896,20.9002861781309,6.47042034092863,4.24218179925225,2.6032091331849,-112.782508505545,65.4220840934097,0.321362020268998,20.9002861781183,6.4704203409305,4.24218179925268,2.60320913318447,-112.782508505525,65.4220840934303,0.321362020269032,20.90028617809,6.47042034094046,4.24218179925316,2.6032091331845,-112.782508505524,65.4220840934098,0.321362020268986,20.900286178041,6.47042034092918,4.24218179925071,2.60320913318397,-112.782508505763
"beta_female_dp",-2602.44650383782,17.2148442923407,1119.59584571621,346.610393525229,227.247050360717,139.449866414005,65.4220846410246,-2602.4465038376,17.2148442923445,1119.59584572381,346.610393525222,227.24705036083,139.449866413936,65.4220846410296,-2602.44650383686,17.2148442923459,1119.59584572142,346.610393525377,227.247050360868,139.449866413967,65.4220846410289,-2602.44650383745,17.2148442923416,1119.59584572113,346.6103936127,227.247050360859,139.449866413998,65.4220846410335,-2602.44650383823,17.2148442923437,1119.59584569015,346.610393612801,227.247050360815,139.449866413975,65.4220846410248,-2602.44650380185,17.2148442923455,1119.59584572324,346.610393613334,227.247050360268,139.449866413976,65.422084641021,-2602.44650383796,17.2148442923431,1119.59584568171,346.610393612812,227.247050360137,139.449866413948,65.4220846410427
"beta_female_do",17.2148439576884,-29.9138325602651,5.49959709031002,1.70259551891632,1.11626662349752,0.684995648467088,0.321361693464174,17.2148439576869,-29.9138325602717,5.49959709034736,1.70259551891628,1.11626662349807,0.68499564846675,0.321361693464199,17.214843957682,-29.913832560274,5.49959709035466,1.70259551891704,1.11626662349826,0.684995648466903,0.321361693464195,17.2148439576862,-29.9138325602667,5.49959709035324,1.70259551921153,1.11626662349821,0.684995648467054,0.321361693464218,17.214843957691,-29.9138325602702,5.49959709035198,1.70259551921202,1.116266623498,0.684995648466943,0.321361693464175,17.214843958506,-29.9138325602735,5.49959709034458,1.70259551921464,1.11626662349829,0.684995648466949,0.321361693464156,17.2148439576893,-29.9138325602692,5.49959709032954,1.70259551921207,1.11626662349765,0.684995648466811,0.321361693464263
"beta_female_wp",1119.59585061107,5.49959873564061,-1593.31971227531,110.731055551307,72.5982445849448,44.5498196713937,20.9002853163395,1119.59585061097,5.49959873564182,-1593.31971228612,110.731055551304,72.598244584981,44.5498196713718,20.9002853163411,1119.59585061065,5.49959873564224,-1593.31971228884,110.731055551354,72.598244584993,44.5498196713817,20.9002853163409,1119.59585061117,5.4995987356409,-1593.31971228843,110.731055562137,72.59824458499,44.5498196713916,20.9002853163423,1119.59585061124,5.49959873564155,-1593.31971228715,110.731055562169,72.5982445849762,44.5498196713843,20.9002853163395,1119.59585067032,5.49959873564214,-1593.31971228532,110.73105556234,72.5982445849558,44.5498196713847,20.9002853163383,1119.59585061139,5.49959873564135,-1593.31971228125,110.731055394697,72.5982445849138,44.5498196713757,20.9002853163453
"beta_female_wo",346.61039376554,1.70259355434341,110.731049635081,-569.718670752338,22.4753478719296,13.7919697239411,6.47042186760468,346.610393765511,1.70259355434379,110.731049635833,-569.718670752327,22.4753478719408,13.7919697239343,6.47042186760517,346.610393765412,1.70259355434392,110.731049636022,-569.718670752581,22.4753478719445,13.7919697239373,6.4704218676051,346.610393765652,1.7025935543435,110.731049635993,-569.718670785555,22.4753478719436,13.7919697239404,6.47042186760556,346.610393765595,1.70259355434371,110.731049635867,-569.71867078572,22.4753478719393,13.7919697239381,6.47042186760469,346.610393751666,1.70259355434389,110.731049635777,-569.718670786597,22.4753478719276,13.7919697239383,6.47042186760432,346.61039376568,1.70259355434364,110.731049635457,-569.718670780331,22.4753478719146,13.7919697239355,6.47042186760646
"beta_female_ba",227.247050224887,1.11626694158602,72.598251890283,22.4753416651689,-381.262717687186,9.04238611977028,4.24218227772806,227.247050224867,1.11626694158626,72.5982518907759,22.4753416651684,-381.262717687376,9.04238611976582,4.24218227772839,227.247050224803,1.11626694158635,72.5982518909,22.4753416651784,-381.262717687439,9.04238611976784,4.24218227772834,227.247050224859,1.11626694158608,72.5982518908812,22.4753416652867,-381.262717687424,9.04238611976984,4.24218227772864,227.247050224923,1.11626694158621,72.5982518908376,22.4753416652932,-381.262717687302,9.04238611976836,4.24218227772807,227.247050224866,1.11626694158633,72.5982518907392,22.4753416653278,-381.262717687382,9.04238611976844,4.24218227772783,227.247050224904,1.11626694158617,72.5982518905691,22.475341665294,-381.262717687162,9.04238611976663,4.24218227772923
"beta_female_bp",139.44986764943,0.684994986503741,44.5498198129782,13.7919708918825,9.04238424601167,-237.454923109111,2.60320912742442,139.449867649418,0.684994986503893,44.5498198132806,13.7919708918822,9.04238424601618,-237.454923108994,2.60320912742462,139.449867649379,0.684994986503945,44.5498198135199,13.7919708918883,9.04238424601767,-237.454923109047,2.60320912742459,139.449867649402,0.684994986503777,44.5498198135084,13.7919708919041,9.0423842460173,-237.4549231091,2.60320912742477,139.449867649452,0.684994986503859,44.5498198072834,13.791970891908,9.04238424601558,-237.454923108359,2.60320912742442,139.449867657944,0.684994986503933,44.5498198132581,13.7919708919293,9.04238424601794,-237.454923108936,2.60320912742428,139.449867649438,0.684994986503834,44.5498198072818,13.7919708919085,9.04238424601272,-237.45492310959,2.60320912742514
"beta_female_bo",65.4220841301892,0.321361902607799,20.9002858821817,6.47042095403746,4.24218177173354,2.60320916727156,-112.782508859324,65.4220841301835,0.32136190260787,20.9002858823236,6.47042095403734,4.24218177173565,2.60320916727028,-112.782508859333,65.4220841301649,0.321361902607895,20.9002858823593,6.47042095404022,4.24218177173635,2.60320916727086,-112.782508859324,65.42208413018,0.321361902607816,20.9002858823539,6.47042095405331,4.24218177173618,2.60320916727143,-112.782508859332,65.4220841301994,0.321361902607855,20.9002858823414,6.47042095405519,4.24218177173537,2.60320916727101,-112.782508859317,65.4220841295747,0.321361902607889,20.900285882313,6.47042095406515,4.24218177172643,2.60320916727103,-112.782508859311,65.4220841302004,0.321361902607843,20.9002858822641,6.4704209540554,4.24218177172398,2.60320916727051,-112.782508859356
"beta_distance_dp",-2602.44649965248,17.2148438702242,1119.59584523369,346.610398017609,227.247056075308,139.449864506101,65.4220817055,-2602.44649965225,17.214843870228,1119.59584524129,346.610398017602,227.247056075421,139.449864506032,65.4220817055051,-2602.44649965151,17.2148438702293,1119.59584524256,346.610398017756,227.247056075459,139.449864506063,65.4220817055044,-2602.4464996521,17.2148438702251,1119.59584524227,346.610398035992,227.24705607545,139.449864506094,65.422081705509,-2602.44649965288,17.2148438702271,1119.59584516603,346.610398036093,227.247056075406,139.449864506071,65.4220817055002,-2602.44649964278,17.214843870229,1119.59584524072,346.610398036626,227.24705607489,139.449864506072,65.4220817054965,-2602.44649965261,17.2148438702265,1119.59584516125,346.610398036104,227.247056074759,139.449864506044,65.4220817055181
"beta_distance_do",17.2148442997842,-29.9138324088076,5.49959807773215,1.70259484878758,1.11626656583299,0.68499565997038,0.321361621063705,17.2148442997827,-29.9138324088142,5.49959807776949,1.70259484878755,1.11626656583354,0.684995659970042,0.32136162106373,17.2148442997778,-29.9138324088165,5.49959807777882,1.7025948487883,1.11626656583373,0.684995659970195,0.321361621063726,17.2148443004917,-29.9138324088092,5.49959807777739,1.70259484879049,1.11626656583368,0.684995659970346,0.321361621063749,17.2148442997869,-29.9138324088128,5.49959807777389,1.70259484879098,1.11626656583347,0.684995659970235,0.321361621063706,17.2148443002862,-29.913832408816,5.4995980777667,1.7025948487936,1.11626656583376,0.684995659970241,0.321361621063688,17.2148442997862,-29.9138324088117,5.49959807775347,1.70259484879104,1.11626656583312,0.684995659970103,0.321361621063794
"beta_distance_wp",1119.59585161619,5.49959788002862,-1593.3197141551,110.731054865289,72.5982412737941,44.549820969692,20.9002842323803,1119.59585161609,5.49959788002984,-1593.31971416592,110.731054865287,72.5982412738303,44.5498209696701,20.9002842323819,1119.59585161577,5.49959788003026,-1593.3197141686,110.731054865337,72.5982412738423,44.54982096968,20.9002842323817,1119.59585161609,5.49959788002891,-1593.31971416819,110.731055208675,72.5982412738393,44.5498209696898,20.9002842323832,1119.59585161636,5.49959788002956,-1593.31971416728,110.731055208707,72.5982412738255,44.5498209696826,20.9002842323804,1119.59585163614,5.49959788003016,-1593.31971416512,110.731055208877,72.5982412738161,44.549820969683,20.9002842323792,1119.59585161631,5.49959788002937,-1593.31971416134,110.73105520871,72.5982412737742,44.549820969674,20.9002842323861
"beta_distance_wo",346.610393741663,1.70259369518592,110.731055498217,-569.718670823039,22.4753454079952,13.7919716022717,6.47042287404564,346.610393741633,1.7025936951863,110.731055498969,-569.718670823028,22.4753454080064,13.791971602265,6.47042287404613,346.610393741535,1.70259369518643,110.731055499158,-569.718670823282,22.4753454080101,13.791971602268,6.47042287404606,346.610393741754,1.70259369518601,110.73105549913,-569.718670822892,22.4753454080092,13.7919716022711,6.47042287404652,346.610393741717,1.70259369518621,110.731055499042,-569.718670823057,22.4753454080049,13.7919716022688,6.47042287404565,346.610393741821,1.7025936951864,110.731055498913,-569.718670823934,22.4753454085192,13.7919716022689,6.47042287404529,346.610393741678,1.70259369518615,110.731055498632,-569.718670614558,22.4753454085062,13.7919716022662,6.47042287404743
"beta_distance_ba",227.247054545042,1.11626721725681,72.5982572903821,22.4753480165467,-381.262720348194,9.04238363635898,4.24217924200698,227.247054545022,1.11626721725705,72.598257290875,22.4753480165462,-381.262720348385,9.04238363635453,4.24217924200731,227.247054544958,1.11626721725714,72.5982572909991,22.4753480165562,-381.262720348447,9.04238363635654,4.24217924200726,227.247054545014,1.11626721725687,72.5982572909803,22.475348016738,-381.262720348432,9.04238363635854,4.24217924200756,227.247054545077,1.116267217257,72.5982572909367,22.4753480167445,-381.262720347873,9.04238363635706,4.24217924200699,227.247054545139,1.11626721725712,72.5982572908383,22.4753480167791,-381.262720347963,9.04238363635714,4.24217924200675,227.247054545058,1.11626721725696,72.5982572906682,22.4753480167453,-381.262720347743,9.04238363635533,4.24217924200815
"beta_distance_bp",139.449868521771,0.684994944791484,44.5498209020882,13.7919719459497,9.04237748377137,-237.454928431509,2.60320916563055,139.449868521759,0.684994944791635,44.5498209023906,13.7919719459494,9.04237748377588,-237.454928431392,2.60320916563075,139.449868521719,0.684994944791688,44.5498209024667,13.7919719459555,9.04237748377737,-237.454928431445,2.60320916563072,139.449868521878,0.68499494479152,44.5498209024552,13.7919719459712,9.042377483777,-237.454928431498,2.6032091656309,139.449868521793,0.684994944791601,44.5498209014011,13.7919719459752,9.04237748377528,-237.454928430738,2.60320916563056,139.449868524084,0.684994944791675,44.5498209023681,13.7919719459965,9.04237748379215,-237.454928433842,2.60320916563041,139.449868521776,0.684994944791577,44.5498209012363,13.7919719459757,9.04237748378693,-237.454928434515,2.60320916563127
"beta_distance_bo",65.4220832642118,0.321362024694455,20.9002874659963,6.47041866690689,4.2421807779794,2.60320914912609,-112.782508564612,65.4220832642062,0.321362024694526,20.9002874661382,6.47041866690677,4.24218077798152,2.60320914912481,-112.78250856462,65.4220832641876,0.321362024694551,20.9002874661739,6.47041866690965,4.24218077798222,2.60320914912539,-112.782508564618,65.4220832642026,0.321362024694472,20.9002874661685,6.47041866692149,4.24218077798205,2.60320914912597,-112.782508564626,65.422083264222,0.32136202469451,20.9002874661559,6.47041866692337,4.24218077798124,2.60320914912554,-112.782508564611,65.4220832642355,0.321362024694545,20.9002874661276,6.47041866693333,4.24218077798234,2.60320914912556,-112.782508564605,65.4220832642155,0.321362024694499,20.9002874660786,6.47041866692358,4.24218077797989,2.60320914912504,-112.782508564585
"beta_density_dp",-2602.44650272088,17.214843271791,1119.59586059059,346.610386350539,227.247047308609,139.449865179444,65.4220850413994,-2602.44650272066,17.2148432717949,1119.59586059819,346.610386350532,227.247047308722,139.449865179376,65.4220850414044,-2602.44650271992,17.2148432717962,1119.59586059746,346.610386350686,227.24704730876,139.449865179407,65.4220850414037,-2602.44650272051,17.214843271792,1119.59586059718,346.610386365961,227.247047308751,139.449865179437,65.4220850414083,-2602.44650272129,17.214843271794,1119.59586051692,346.610386366061,227.247047308707,139.449865179415,65.4220850413995,-2602.44650269128,17.2148432717959,1119.59586059762,346.610386366595,227.247047308491,139.449865179416,65.4220850413958,-2602.44650272102,17.2148432717934,1119.59586051014,346.610386366072,227.24704730836,139.449865179388,65.4220850414174
"beta_density_do",17.2148440211524,-29.9138324282233,5.49959890017039,1.70259410750833,1.11626661301078,0.684995527755905,0.321361711539469,17.2148440211509,-29.9138324282299,5.49959890020773,1.70259410750829,1.11626661301134,0.684995527755568,0.321361711539494,17.214844021146,-29.9138324282322,5.49959890021503,1.70259410750905,1.11626661301152,0.684995527755721,0.321361711539491,17.2148440211499,-29.9138324282249,5.49959890021361,1.70259410751076,1.11626661301148,0.684995527755872,0.321361711539513,17.2148440211551,-29.9138324282284,5.49959890021235,1.70259410751125,1.11626661301127,0.68499552775576,0.32136171153947,17.2148440211684,-29.9138324282317,5.49959890020495,1.70259410751387,1.11626661301156,0.684995527755766,0.321361711539452,17.2148440211533,-29.9138324282274,5.49959890018991,1.70259410751131,1.11626661301091,0.684995527755629,0.321361711539557
"beta_density_wp",1119.59585186246,5.49959789695527,-1593.31971728336,110.731054180491,72.5982429789836,44.5498203689786,20.9002862090819,1119.59585186236,5.49959789695648,-1593.31971729417,110.731054180489,72.5982429790198,44.5498203689567,20.9002862090835,1119.59585186204,5.49959789695691,-1593.31971729605,110.731054180538,72.5982429790318,44.5498203689666,20.9002862090833,1119.59585186236,5.49959789695556,-1593.31971729564,110.731054204038,72.5982429790288,44.5498203689765,20.9002862090847,1119.59585186263,5.49959789695621,-1593.31971729553,110.73105420407,72.598242979015,44.5498203689692,20.9002862090819,1119.59585188876,5.49959789695681,-1593.31971729337,110.73105420424,72.5982429786579,44.5498203689696,20.9002862090807,1119.59585186258,5.49959789695601,-1593.31971728879,110.731054203573,72.598242978616,44.5498203689607,20.9002862090877
"beta_density_wo",346.61039360459,1.70259542313827,110.731056197194,-569.718681601179,22.4753479106919,13.791965407275,6.47041830371392,346.61039360456,1.70259542313864,110.731056197946,-569.718681601168,22.4753479107031,13.7919654072682,6.47041830371441,346.610393604461,1.70259542313877,110.731056198135,-569.718681601422,22.4753479107068,13.7919654072713,6.47041830371434,346.610393605012,1.70259542313836,110.731056198106,-569.718681602463,22.4753479107059,13.7919654072743,6.4704183037148,346.610393604644,1.70259542313856,110.73105619804,-569.718681602628,22.4753479107016,13.7919654072721,6.47041830371393,346.610393604575,1.70259542313874,110.73105619789,-569.718681603505,22.4753479107075,13.7919654072722,6.47041830371356,346.610393604632,1.7025954231385,110.73105619763,-569.718681594299,22.4753479106946,13.7919654072694,6.47041830371571
"beta_density_ba",227.247051100586,1.11626699037489,72.5982328403688,22.4753552932029,-381.262716697929,9.04238555988499,4.24218167549422,227.247051100567,1.11626699037514,72.5982328408617,22.4753552932025,-381.262716698119,9.04238555988054,4.24218167549454,227.247051100502,1.11626699037522,72.5982328409857,22.4753552932125,-381.262716698182,9.04238555988255,4.2421816754945,227.247051100573,1.11626699037495,72.5982328409669,22.4753552950858,-381.262716698166,9.04238555988455,4.2421816754948,227.247051100622,1.11626699037508,72.5982328409234,22.4753552950923,-381.262716695926,9.04238555988308,4.24218167549423,227.24705110066,1.1162669903752,72.5982328408249,22.4753552951269,-381.262716692913,9.04238555988316,4.24218167549399,227.247051100618,1.11626699037504,72.5982328406548,22.4753552950931,-381.262716692693,9.04238555988134,4.24218167549539
"beta_density_bp",139.449869145355,0.68499485127154,44.549821139115,13.7919605712849,9.04238463856031,-237.454928632757,2.60320878069425,139.449869145343,0.684994851271692,44.5498211394175,13.7919605712846,9.04238463856482,-237.45492863264,2.60320878069445,139.449869145303,0.684994851271744,44.5498211389576,13.7919605712908,9.04238463856631,-237.454928632693,2.60320878069442,139.449869144899,0.684994851271577,44.5498211389461,13.791960571305,9.04238463856595,-237.454928632745,2.60320878069461,139.449869145377,0.684994851271658,44.5498211426338,13.791960571309,9.04238463856422,-237.454928605455,2.60320878069426,139.449869152151,0.684994851271732,44.5498211393949,13.7919605713302,9.04238463856441,-237.45492860281,2.60320878069411,139.449869145362,0.684994851271633,44.549821141933,13.7919605713094,9.04238463855919,-237.454928630014,2.60320878069497
"beta_density_bo",65.4220826678334,0.321361301503869,20.9002839565846,6.4704223727437,4.24217886136308,2.60320913408917,-112.782509321571,65.4220826678278,0.32136130150394,20.9002839567265,6.47042237274358,4.2421788613652,2.60320913408789,-112.782509321579,65.4220826678092,0.321361301503965,20.9002839567622,6.47042237274646,4.2421788613659,2.60320913408847,-112.782509321574,65.4220826678241,0.321361301503886,20.9002839567568,6.47042237275304,4.24217886136572,2.60320913408905,-112.782509321582,65.4220826678436,0.321361301503924,20.9002839567439,6.47042237275492,4.24217886136492,2.60320913408862,-112.782509321566,65.4220826678637,0.321361301503959,20.9002839567159,6.47042237276488,4.24217886136592,2.60320913408864,-112.78250932156,65.4220826678369,0.321361301503913,20.9002839566666,6.47042237275513,4.24217886136347,2.60320913408812,-112.78250932149
"beta_school_dp",-2602.4465034691,17.2148444134424,1119.59585243805,346.610386551846,227.24704497317,139.449868095951,65.4220862368475,-2602.44650346887,17.2148444134462,1119.59585244565,346.61038655184,227.247044973283,139.449868095883,65.4220862368525,-2602.44650346813,17.2148444134475,1119.59585236687,346.610386551994,227.24704497332,139.449868095914,65.4220862368518,-2602.44650346872,17.2148444134433,1119.59585236658,346.610386722311,227.247044973311,139.449868095944,65.4220862368564,-2602.4465034695,17.2148444134454,1119.59585235156,346.610386722411,227.247044973268,139.449868095922,65.4220862368476,-2602.44650268417,17.2148444134472,1119.59585244508,346.610386722945,227.247044972821,139.449868095923,65.4220862368439,-2602.44650346923,17.2148444134447,1119.59585226671,346.610386722423,227.247044972689,139.449868095895,65.4220862368655
"beta_school_do",17.214843954701,-29.9138324372937,5.49959703104154,1.70259489919194,1.11626700324989,0.684995269160301,0.321361621806033,17.2148439546995,-29.9138324373003,5.49959703107889,1.7025948991919,1.11626700325045,0.684995269159963,0.321361621806057,17.2148439546946,-29.9138324373026,5.49959703108736,1.70259489919266,1.11626700325063,0.684995269160116,0.321361621806054,17.214843954702,-29.9138324372952,5.49959703108594,1.70259489919485,1.11626700325059,0.684995269160267,0.321361621806076,17.2148439547037,-29.9138324372988,5.49959703108328,1.70259489919534,1.11626700325037,0.684995269160156,0.321361621806033,17.2148439548385,-29.913832437302,5.4995970310761,1.70259489919796,1.11626700325067,0.684995269160162,0.321361621806015,17.214843954702,-29.9138324372977,5.49959703106202,1.7025948991954,1.11626700325002,0.684995269160024,0.321361621806121
"beta_school_wp",1119.59585287791,5.49959806772681,-1593.31971395034,110.731055210618,72.598241362753,44.5498208289157,20.9002864955864,1119.59585287781,5.49959806772803,-1593.31971396116,110.731055210616,72.5982413627893,44.5498208288937,20.900286495588,1119.59585287749,5.49959806772845,-1593.31971396471,110.731055210665,72.5982413628012,44.5498208289037,20.9002864927139,1119.59585287769,5.4995980677271,-1593.3197139643,110.731055200841,72.5982413627983,44.5498208289135,20.9002864927154,1119.59585287808,5.49959806772775,-1593.31971396251,110.731055200873,72.5982413627844,44.5498208461228,20.9002864927126,1119.59585288629,5.49959806772835,-1593.31971396035,110.731055201044,72.5982413627885,44.5498208461232,20.9002864927114,1119.59585287791,5.49959806772755,-1593.31971395745,110.731055200877,72.5982413627466,44.5498208288977,20.9002864955922
"beta_school_wo",346.610394985547,1.7025941299463,110.731051358928,-569.718674867109,22.4753480915783,13.7919692275836,6.47042070207039,346.610394985517,1.70259412994668,110.731051359679,-569.718674867098,22.4753480915895,13.7919692275768,6.47042070207088,346.610394985418,1.70259412994681,110.731051359869,-569.718674867352,22.4753480915932,13.7919692275799,6.47042070207081,346.610394985595,1.70259412994639,110.73105135984,-569.71867487188,22.4753480915923,13.7919692275829,6.47042070207127,346.610394985601,1.7025941299466,110.731051359771,-569.718674872045,22.475348091588,13.7919692275807,6.4704207020704,346.610394985618,1.70259412994678,110.731051359623,-569.718674872922,22.4753480915939,13.7919692275808,6.47042070207003,346.610394985658,1.70259412994654,110.731051359361,-569.718674821286,22.4753480915809,13.791969227578,6.47042070207218
"beta_school_ba",227.247049809391,1.11626710484623,72.598247123833,22.4753413922707,-381.262723247621,9.04238116445465,4.24218249445648,227.247049809372,1.11626710484648,72.5982471243259,22.4753413922703,-381.262723247811,9.04238116445019,4.24218249445681,227.247049809307,1.11626710484656,72.5982471244499,22.4753413922803,-381.262723247874,9.04238116445221,4.24218249445676,227.247049809361,1.11626710484629,72.5982471244311,22.4753413923375,-381.262723247859,9.04238116445421,4.24218249445706,227.247049809427,1.11626710484642,72.5982471243891,22.475341392344,-381.262723247674,9.04238116445273,4.24218249445649,227.247049809291,1.11626710484654,72.5982471242891,22.4753413923786,-381.262723247751,9.04238116445281,4.24218249445625,227.247049809406,1.11626710484638,72.5982471241205,22.4753413923447,-381.262723247531,9.042381164451,4.24218249445765
"beta_school_bp",139.449868592319,0.684994668817974,44.5498209783256,13.79196107775,9.04238594403422,-237.454928802108,2.6032091549028,139.449868592307,0.684994668818126,44.5498209786281,13.7919610777498,9.04238594403873,-237.454928801991,2.603209154903,139.449868592268,0.684994668818178,44.5498209787039,13.7919610777559,9.04238594404022,-237.454928802044,2.60320915490297,139.449868592299,0.68499466881801,44.5498209786924,13.7919610868033,9.04238594403986,-237.454928802097,2.60320915490315,139.449868592341,0.684994668818092,44.5498209758755,13.7919610868073,9.04238594403813,-237.454928800494,2.6032091549028,139.449868606352,0.684994668818166,44.5498209786055,13.7919610868285,9.04238594299501,-237.45492880165,2.60320915490265,139.449868592327,0.684994668818067,44.5498209757104,13.7919610868077,9.04238594298978,-237.454928803167,2.60320915490352
"beta_school_bo",65.4220836589486,0.321361303878941,20.9002867070618,6.47042036555515,4.2421818445362,2.60320916522069,-112.782509739732,65.422083658943,0.321361303879012,20.9002867072037,6.47042036555502,4.24218184453832,2.6032091652194,-112.78250973974,65.4220836589244,0.321361303879036,20.9002867072394,6.4704203655579,4.24218184453902,2.60320916521998,-112.78250973955,65.4220836589393,0.321361303878958,20.900286707234,6.47042036556424,4.24218184453884,2.60320916522056,-112.782509739558,65.4220836589588,0.321361303878996,20.9002867072214,6.47042036556611,4.24218184453803,2.60320916522013,-112.782509739541,65.4220836589735,0.32136130387903,20.9002867071931,6.47042036557607,4.24218184453904,2.60320916522016,-112.782509739536,65.4220836589522,0.321361303878984,20.9002867071441,6.47042036556632,4.24218184453659,2.60320916521963,-112.782509739762
"beta_income_dp",-2602.44650182121,17.2148435446634,1119.5958606276,346.610390698767,227.247047463558,139.449867906977,65.422084539176,-2602.44650182099,17.2148435446672,1119.5958606352,346.61039069876,227.247047463671,139.449867906908,65.422084539181,-2602.44650182025,17.2148435446685,1119.59586063071,346.610390698915,227.247047463709,139.449867906939,65.4220845391803,-2602.44650182084,17.2148435446643,1119.59586063042,346.610390712824,227.247047463699,139.44986790697,65.4220845391849,-2602.44650182162,17.2148435446663,1119.59586038522,346.610390712924,227.247047463656,139.449867906947,65.4220845391761,-2602.44650181913,17.2148435446682,1119.59586063464,346.610390713458,227.247047463031,139.449867906948,65.4220845391724,-2602.44650182135,17.2148435446657,1119.59586037467,346.610390712935,227.2470474629,139.44986790692,65.4220845391941
"beta_income_do",17.2148440131395,-29.913832399669,5.49959835184537,1.70259459447457,1.11626644828571,0.684995678646897,0.321361693063194,17.2148440131381,-29.9138323996757,5.49959835188271,1.70259459447454,1.11626644828627,0.68499567864656,0.321361693063219,17.2148440131332,-29.913832399678,5.49959835189209,1.70259459447529,1.11626644828645,0.684995678646713,0.321361693063215,17.2148440131371,-29.9138323996706,5.49959835189067,1.70259459447828,1.1162664482864,0.684995678646864,0.321361693063238,17.2148440131422,-29.9138323996742,5.49959835188732,1.70259459447877,1.11626644828619,0.684995678646752,0.321361693063195,17.2148440131564,-29.9138323996774,5.49959835187992,1.70259459448139,1.11626644828648,0.684995678646758,0.321361693063176,17.2148440131405,-29.9138323996731,5.49959835186697,1.70259459447883,1.11626644828584,0.684995678646621,0.321361693063283
"beta_income_wp",1119.59585149142,5.49959810383047,-1593.31971189287,110.73105558406,72.598240753808,44.5498208576515,20.9002856251468,1119.59585149133,5.49959810383168,-1593.31971190369,110.731055584058,72.5982407538442,44.5498208576295,20.9002856251484,1119.59585149101,5.49959810383211,-1593.31971190641,110.731055584108,72.5982407538562,44.5498208576394,20.9002856251482,1119.5958514914,5.49959810383076,-1593.31971190599,110.731055583473,72.5982407538533,44.5498208576493,20.9002856251497,1119.5958514916,5.49959810383141,-1593.31971190504,110.731055583505,72.5982407538394,44.549820857642,20.9002856251469,1119.59585150972,5.499598103832,-1593.31971190288,110.731055583676,72.598240753842,44.5498208576424,20.9002856251457,1119.5958514916,5.49959810383121,-1593.31971189914,110.731055583509,72.5982407538,44.5498208576341,20.9002856251301
"beta_income_wo",346.610394018801,1.70259337122583,110.731055512213,-569.718670172049,22.4753475130442,13.7919717743338,6.47042311584496,346.610394018771,1.7025933712262,110.731055512965,-569.718670172039,22.4753475130554,13.791971774327,6.47042311584545,346.610394018672,1.70259337122633,110.731055513154,-569.718670172292,22.4753475130591,13.7919717743301,6.47042311584539,346.610394018872,1.70259337122592,110.731055513126,-569.718670172851,22.4753475130582,13.7919717743331,6.47042311584584,346.610394018855,1.70259337122612,110.731055513059,-569.718670173016,22.4753475130539,13.7919717743309,6.47042311584497,346.610394014131,1.7025933712263,110.731055512909,-569.718670173893,22.4753475130598,13.791971774331,6.4704231158446,346.610394018825,1.70259337122606,110.73105551265,-569.718670170063,22.4753475130468,13.7919717743282,6.47042311584675
"beta_income_ba",227.247051081201,1.11626724508165,72.5982285054144,22.4753553408666,-381.262724447092,9.04238556901305,4.24218168675495,227.247051081181,1.1162672450819,72.5982285059073,22.4753553408662,-381.262724447282,9.0423855690086,4.24218168675528,227.247051081116,1.11626724508198,72.5982285060313,22.4753553408762,-381.262724447345,9.04238556901061,4.24218168675523,227.247051081183,1.11626724508171,72.5982285060126,22.4753553421093,-381.262724447329,9.04238556901261,4.24218168675553,227.247051081236,1.11626724508184,72.598228505969,22.4753553421158,-381.262724447069,9.04238556901113,4.24218168675496,227.247051081271,1.11626724508196,72.5982285058705,22.4753553421504,-381.262724447166,9.04238556901121,4.24218168675472,227.247051081228,1.1162672450818,72.5982285057004,22.4753553421165,-381.262724446946,9.0423855690094,4.24218168675612
"beta_income_bp",139.449868331973,0.684994837518164,44.5498210174916,13.79197104778,9.04237758454858,-237.454928578909,2.60320895454143,139.44986833196,0.684994837518315,44.549821017794,13.7919710477798,9.04237758455309,-237.454928578792,2.60320895454163,139.449868331921,0.684994837518368,44.5498210178184,13.7919710477859,9.04237758455458,-237.454928578845,2.6032089545416,139.449868331953,0.6849948375182,44.5498210178068,13.7919710453941,9.04237758455421,-237.454928578898,2.60320895454178,139.449868331994,0.684994837518281,44.5498210171604,13.7919710453981,9.04237758455249,-237.454928578125,2.60320895454143,139.449868334165,0.684994837518355,44.5498210177715,13.7919710454193,9.04237758456125,-237.454928593409,2.60320895454129,139.44986833198,0.684994837518257,44.5498210169438,13.791971045394,9.04237758455603,-237.454928594096,2.60320895454215
"beta_income_bo",65.4220845030665,0.32136201050837,20.9002853266101,6.47042080546351,4.24217977754289,2.60320915136903,-112.782509597541,65.4220845030608,0.321362010508441,20.900285326752,6.47042080546339,4.24217977754501,2.60320915136775,-112.78250959755,65.4220845030423,0.321362010508466,20.9002853267877,6.47042080546627,4.24217977754571,2.60320915136833,-112.782509597547,65.4220845036334,0.321362010508387,20.9002853267823,6.47042080547286,4.24217977754553,2.60320915136891,-112.782509597554,65.4220845030767,0.321362010508425,20.9002853267694,6.47042080547473,4.24217977754473,2.60320915136848,-112.782509597539,65.422084503636,0.32136201050846,20.9002853267414,6.47042080548469,4.24217977754552,2.60320915136851,-112.782509597533,65.4220845036463,0.321362010508414,20.9002853266921,6.47042080547494,4.24217977754307,2.60320915136798,-112.782509597516
