,Prob. alone,Prob. adult,Prob. sibling
0,1.0055361390790276e-06,0.9999977088103362,1.2856535246940791e-06
1,8.719206024463161e-07,0.9999980115189525,1.116560444867255e-06
2,7.804050280031085e-07,0.999998219011194,1.000583777962512e-06
3,7.127008480013711e-07,0.9999983726113569,9.146877951364409e-07
4,6.600029758863094e-07,0.9999984922283768,8.477686473858231e-07
5,6.174796272413614e-07,0.9999985887931602,7.937272124316807e-07
6,5.822293882106601e-07,0.9999986688725422,7.488980696929759e-07
7,5.523909126405086e-07,0.9999987366810111,7.10928076190664e-07
8,5.267079717520239e-07,0.9999987950639321,6.782280959712706e-07
9,5.042979679024076e-07,0.9999988460210184,6.49681013748157e-07
10,4.845202230638235e-07,0.999998891004273,6.244755039553895e-07
11,4.668969027126162e-07,0.999998931096919,6.020061781690791e-07
12,4.51063396272251e-07,0.9999989671257047,5.818108988249005e-07
13,4.3673600711199724e-07,0.9999989997340499,5.63529943005995e-07
14,4.2369024068202053e-07,0.9999990294312092,5.468785500477523e-07
15,4.117458132133169e-07,0.9999990566262273,5.316279595057092e-07
16,4.00756053291165e-07,0.9999990816519457,5.175920008434952e-07
17,3.9060025186215066e-07,0.9999991047823374,5.046174106277336e-07
18,3.8117803790871855e-07,0.9999991262452509,4.92576711460762e-07
19,3.7240517496573503e-07,0.9999991462319369,4.813628883096029e-07
20,3.642103728862384e-07,0.9999991649042775,4.708853495157945e-07
21,3.5653283724278177e-07,0.9999991824003412,4.610668214522368e-07
22,3.493203628090568e-07,0.9999991988387052,4.518409320170347e-07
23,3.425278338973505e-07,0.9999992143218568,4.4315030935770477e-07
24,3.3611603277158574e-07,0.9999992289388965,4.349450708256836e-07
25,3.3005068403256483e-07,0.9999992427677052,4.2718161089766504e-07
26,3.243016816674186e-07,0.9999992558766976,4.1982162057518e-07
27,3.1884245888431615e-07,0.9999992683262533,4.128312877643462e-07
28,3.136494705729481e-07,0.9999992801698888,4.061806404374517e-07
29,3.0870176535055465e-07,0.9999992914552314,3.998430033890737e-07
30,3.0398062942590654e-07,0.9999993022248246,3.9379454607455177e-07
31,2.9946928845936405e-07,0.9999993125168075,3.8801390401466057e-07
32,2.9515265657822465e-07,0.9999993223654833,3.8248186002582846e-07
33,2.9101712397939716e-07,0.9999993318018017,3.771810744141138e-07
34,2.87050376298872e-07,0.9999993408537681,3.72095855484953e-07
35,2.8324124028168545e-07,0.9999993495467964,3.672119634366743e-07
36,2.7957955134339476e-07,0.9999993579040065,3.6251644204567027e-07
37,2.760560394455079e-07,0.9999993659464869,3.579974736049753e-07
38,2.726622303653251e-07,0.9999993736935163,3.5364425341216984e-07
39,2.6939035996483367e-07,0.9999993811627591,3.4944688076710777e-07
40,2.6623329948332465e-07,0.9999993883704366,3.4539626397258997e-07
41,2.631844902167833e-07,0.9999993953314724,3.4148403726027887e-07
42,2.602378862213674e-07,0.9999994020596259,3.377024879120075e-07
43,2.5738790390152027e-07,0.9999994085676039,3.34044492129824e-07
44,2.5462937752598725e-07,0.999999414867164,3.3050345843996167e-07
45,2.51957519865198e-07,0.9999994209692025,3.2707327760647507e-07
46,2.4936788726749605e-07,0.9999994268838345,3.2374827818770475e-07
47,2.4685634859453816e-07,0.9999994326204644,3.205231869992391e-07
48,2.444190575218228e-07,0.9999994381878486,3.1739309385574797e-07
49,2.4205242778185433e-07,0.9999994435941523,3.1435342005491243e-07
50,2.3975311098751793e-07,0.999999448846999,3.113998901429038e-07
51,2.3751797672375547e-07,0.9999994539535166,3.0852850656506754e-07
52,2.3534409463837976e-07,0.9999994589203786,3.057355268596855e-07
53,2.3322871829902668e-07,0.9999994637538385,3.030174430986784e-07
54,2.311692706140444e-07,0.9999994684597661,3.003709633181927e-07
55,2.2916333064135522e-07,0.9999994730436746,2.977929947153745e-07
56,2.272086216317968e-07,0.99999947751075,2.952806284161518e-07
57,2.2530300017268875e-07,0.9999994818658742,2.9283112564331566e-07
58,2.2344444631394948e-07,0.9999994861136486,2.904419051352616e-07
59,2.2163105457338026e-07,0.9999994902584135,2.881105316838818e-07
60,2.1986102573007575e-07,0.9999994943042686,2.858347056758208e-07
61,2.1813265932563022e-07,0.9999994982550873,2.8361225353491386e-07
62,2.1644434680210755e-07,0.9999995021145341,2.8144111897543244e-07
63,2.1479456521385639e-07,0.9999995058860797,2.793193549860808e-07
64,2.1318187145729606e-07,0.9999995095730119,2.7724511647365716e-07
65,2.116048969690024e-07,0.9999995131784495,2.752166535031743e-07
66,2.1006234284782523e-07,0.9999995167053521,2.732323050780972e-07
67,2.0855297536154454e-07,0.9999995201565313,2.712904934104207e-07
68,2.0707562180273246e-07,0.9999995235346594,2.693897186356462e-07
69,2.0562916666220897e-07,0.9999995268422793,2.6752855393238306e-07
70,2.0421254809171102e-07,0.9999995300818109,2.6570564101046565e-07
71,2.02824754630304e-07,0.9999995332555593,2.63919685935153e-07
72,2.0146482217159831e-07,0.9999995363657226,2.62169455258195e-07
73,2.0013183115111574e-07,0.9999995394143965,2.6045377242949023e-07
74,1.9882490393517244e-07,0.9999995424035817,2.5877151446557576e-07
75,1.9754320239442206e-07,0.9999995453351889,2.571216088535007e-07
76,1.9628592564683749e-07,0.9999995482110435,2.5550303067069775e-07
77,1.9505230795630964e-07,0.9999995510328921,2.5391479990323884e-07
78,1.938416167743519e-07,0.9999995538024041,2.523559789465354e-07
79,1.9265315091352523e-07,0.9999995565211789,2.5082567027399996e-07
80,1.9148623884224413e-07,0.9999995591907469,2.493230142604697e-07
81,1.9034023709154757e-07,0.9999995618125758,2.47847187148413e-07
82,1.8921452876523942e-07,0.9999995643880722,2.463973991459655e-07
83,1.8810852214558034e-07,0.9999995669185852,2.449728926468225e-07
84,1.8702164938735467e-07,0.99999956940541,2.4357294056285633e-07
85,1.859533652937858e-07,0.9999995718497899,2.4219684476112885e-07
86,1.8490314616828845e-07,0.9999995742529192,2.4084393459765364e-07
87,1.8387048873658452e-07,0.9999995766159459,2.3951356554090547e-07
88,1.8285490913412983e-07,0.999999578939973,2.3820511787866717e-07
89,1.818559419542294e-07,0.9999995812260627,2.369179955023027e-07
90,1.8087313935259886e-07,0.9999995834752359,2.3565162476304263e-07
91,1.7990607020443795e-07,0.9999995856884765,2.3440545339529153e-07
92,1.7895431931043892e-07,0.9999995878667312,2.3317894950236878e-07
93,1.780174866483885e-07,0.9999995900109129,2.3197160060044155e-07
94,1.7709518666731249e-07,0.9999995921219005,2.3078291271675037e-07
95,1.761870476213309e-07,0.9999995942005427,2.296124095385165e-07
96,1.752927109406076e-07,0.9999995962476576,2.2845963160919981e-07
97,1.744118306369834e-07,0.9999995982640337,2.2732413556902582e-07
98,1.735440727420504e-07,0.9999996002504338,2.2620549343693e-07
99,1.7268911477559804e-07,0.9999996022075933,2.2510329193126717e-07
100,4.159590581882859e-07,0.99999904524325,5.387976918496445e-07
101,3.9550824005384397e-07,0.9999990921119835,5.123797763682569e-07
102,3.7606289492024715e-07,0.9999991366799422,4.872571627504604e-07
103,3.57573588371086e-07,0.9999991790600709,4.633663409102936e-07
104,3.3999331644162395e-07,0.9999992193597688,4.4064691472143055e-07
105,3.2327738612597864e-07,0.9999992576811646,4.190414493377678e-07
106,3.0738330175907726e-07,0.9999992941213725,3.9849532599990467e-07
107,2.922706569845692e-07,0.9999993287727391,3.789566039604482e-07
108,2.7790103203406423e-07,0.9999993617230789,3.603758891791583e-07
109,2.6423789605658496e-07,0.9999993930558946,3.427062094559891e-07
110,2.5124651424992886e-07,0.99999942285059,3.2590289568638584e-07
111,2.3889385955788217e-07,0.9999994511826716,3.099234689386696e-07
112,2.2714852870880463e-07,0.9999994781239382,2.947275330680649e-07
113,2.1598066238213515e-07,0.999999503742665,2.802766725958887e-07
114,2.0536186929989515e-07,0.9999995281037752,2.66534355595781e-07
115,1.9526515405020271e-07,0.9999995512690045,2.534658413414604e-07
116,1.8566484845933513e-07,0.999999573297059,2.4103809248256484e-07
117,1.765365463378553e-07,0.9999995942437622,2.2921969152655123e-07
118,1.678570414349462e-07,0.9999996141621971,2.1798076141554738e-07
119,1.596042684432024e-07,0.9999996331028413,2.0729288999735662e-07
120,1.5175724690392105e-07,0.9999996511136948,1.971290581997109e-07
121,1.442960278702767e-07,0.9999996682404003,1.8746357172618228e-07
122,1.3720164319280488e-07,0.9999996845263608,1.782719961010952e-07
123,1.304560572982607e-07,0.9999997000128479,1.695310948992349e-07
124,1.2404212133926876e-07,0.9999997147391076,1.612187710041989e-07
125,1.1794352959820771e-07,0.9999997287424597,1.5331401074689907e-07
126,1.1214477803449909e-07,0.9999997420583912,1.4579683078299936e-07
127,1.0663112486992581e-07,0.9999997547206476,1.3864822757499663e-07
128,1.0138855311176681e-07,0.9999997667613174,1.31850129351238e-07
129,9.640373491849732e-08,0.9999997782109146,1.2538535042043225e-07
130,9.166399771744773e-08,0.9999997890984546,1.192375477261568e-07
131,8.715729198829384e-08,0.9999997994515286,1.1339117953154342e-07
132,8.287216063047689e-08,0.9999998092963733,1.0783146612968804e-07
133,7.87977098366812e-08,0.9999998186579377,1.0254435248046791e-07
134,7.492358139832256e-08,0.999999827559946,9.751647267931381e-08
135,7.123992637264176e-08,0.9999998360249576,9.273511616810932e-08
136,6.773738004446368e-08,0.9999998440744243,8.81881956028073e-08
137,6.440703811896527e-08,0.9999998517287456,8.386421629652704e-08
138,6.124043408493496e-08,0.9999998590073188,7.97522471608897e-08
139,5.822951769096929e-08,0.9999998659285894,7.58418930721277e-08
140,5.5366634479898134e-08,0.9999998725100969,7.212326859211732e-08
141,5.264450632940155e-08,0.9999998787685207,6.858697297789059e-08
142,5.005621294935631e-08,0.9999998847197207,6.522406641646296e-08
143,4.759517428886845e-08,0.9999998903787781,6.202604742489075e-08
144,4.5255133808271684e-08,0.9999998957600349,5.898483135842888e-08
145,4.303014257356231e-08,0.9999999008771274,5.609272997245698e-08
146,4.091454413283746e-08,0.999999905743024,5.334243198650784e-08
147,3.890296013628687e-08,0.9999999103700554,5.072698460126123e-08
148,3.699027666318533e-08,0.9999999147699475,4.823977592178365e-08
149,3.517163122112124e-08,0.9999999189538505,4.587451824257285e-08
150,3.344240038441371e-08,0.9999999229323674,4.36252321521584e-08
151,3.1798188040291615e-08,0.9999999267155806,4.148623141707113e-08
152,3.023481421295382e-08,0.9999999303130771,3.9452108606967845e-08
153,2.8748304437098192e-08,0.9999999337339742,3.751772142457477e-08
154,2.7334879653905747e-08,0.9999999369869406,3.567817970588833e-08
155,2.5990946603792495e-08,0.9999999400802204,3.3928833057771805e-08
156,2.4713088691506008e-08,0.9999999430216523,3.2265259101695707e-08
157,2.3498057300342496e-08,0.9999999458186903,3.068325229390043e-08
158,2.2342763533404156e-08,0.9999999484784232,2.9178813293719877e-08
159,2.124427036090164e-08,0.9999999510075908,2.7748138853189675e-08
160,2.0199785153537338e-08,0.9999999534126027,2.638761220237901e-08
161,1.9206652582987452e-08,0.9999999556995536,2.5093793906141368e-08
162,1.8262347871435728e-08,0.9999999578742389,2.38634131691699e-08
163,1.7364470372996957e-08,0.9999999599421701,2.269335956737709e-08
164,1.6510737470711356e-08,0.9999999619085874,2.158067518469322e-08
165,1.5698978773597292e-08,0.999999963778474,2.0522547135408883e-08
166,1.492713059900742e-08,0.9999999655565691,1.9516300453154928e-08
167,1.4193230726263228e-08,0.9999999672473778,1.8559391328545194e-08
168,1.3495413408228504e-08,0.9999999688551858,1.7649400678385657e-08
169,1.2831904628141622e-08,0.9999999703840672,1.6784028030192498e-08
170,1.2201017589647707e-08,0.9999999718378966,1.596108570656072e-08
171,1.1601148428565672e-08,0.9999999732203582,1.5178493294679917e-08
172,1.1030772135487413e-08,0.9999999745349555,1.4434272387016093e-08
173,1.0488438678845255e-08,0.9999999757850196,1.372654157986533e-08
174,9.972769318590046e-09,0.999999976973719,1.3053511717133374e-08
175,9.482453101108962e-09,0.9999999781040656,1.2413481367319545e-08
176,9.016243526472575e-09,0.999999979178924,1.1804832522269295e-08
177,8.572955379538006e-09,0.9999999802010182,1.1226026506822292e-08
178,8.15146171685271e-09,0.9999999811729382,1.067560008901566e-08
179,7.750691001698177e-09,0.9999999820971471,1.0152161781008907e-08
180,7.369624379990784e-09,0.9999999829759875,9.654388321378648e-09
181,7.007293090114453e-09,0.9999999838116855,9.18102132989147e-09
182,6.662776000099545e-09,0.9999999846063599,8.730864126296803e-09
183,6.335197265888284e-09,0.9999999853620241,8.30277870509906e-09
184,6.02372410473198e-09,0.999999986080593,7.895682858659728e-09
185,5.727564678060848e-09,0.999999986763888,7.508547441358141e-09
186,5.445966078443005e-09,0.9999999874136402,7.1403937678931495e-09
187,5.1782124155160355e-09,0.9999999880314964,6.790291139149934e-09
188,4.923622996024484e-09,0.9999999886190224,6.45735448937634e-09
189,4.681550593336565e-09,0.9999999891777073,6.14074214872117e-09
190,4.451379802041204e-09,0.9999999897089663,5.839653715478274e-09
191,4.232525473441775e-09,0.9999999902141467,5.553328032656683e-09
192,4.024431227969957e-09,0.9999999906945275,5.281041263762676e-09
193,3.826568040737083e-09,0.9999999911513268,5.022105062928243e-09
194,3.6384328966277806e-09,0.9999999915857024,4.775864834760594e-09
195,3.4595475115166154e-09,0.9999999919987544,4.541698079513567e-09
196,3.2894571163565696e-09,0.99999999239153,4.319012819397122e-09
197,3.1277293010485897e-09,0.9999999927650245,4.107246102047127e-09
198,2.9739529151527347e-09,0.9999999931201846,3.905862577371749e-09
199,2.8277370226464696e-09,0.9999999934579098,3.714353144176903e-09
200,4.2705472950439934e-07,0.9999990197156061,5.53229664468551e-07
201,4.159080693248683e-07,0.9999990452683107,5.388236199666662e-07
202,4.050523505852899e-07,0.9999990701549424,5.247927070568456e-07
203,3.944799793727552e-07,0.9999990943928633,5.111271573774541e-07
204,3.841835599836739e-07,0.999999117998983,4.97817456932379e-07
205,3.741558897503369e-07,0.9999991409897708,4.848543394674634e-07
206,3.64389954002504e-07,0.9999991633812659,4.7222878001941723e-07
207,3.548789211605025e-07,0.9999991851890904,4.599319886327077e-07
208,3.4561613795638703e-07,0.9999992064284577,4.479554042400566e-07
209,3.365951247798444e-07,0.9999992271141864,4.362906887022883e-07
210,3.278095711455625e-07,0.9999992472607078,4.2492972100337e-07
211,3.1925333127890705e-07,0.9999992668820771,4.1386459159661264e-07
212,3.1092041981682073e-07,0.9999992859919833,4.0308759689809326e-07
213,3.0280500762091754e-07,0.9999993046037585,3.925912339234606e-07
214,2.9490141769987413e-07,0.9999993227303874,3.8236819506440253e-07
215,2.8720412123823707e-07,0.9999993403845157,3.724113630011164e-07
216,2.797077337288933e-07,0.9999993575784604,3.6271380574727643e-07
217,2.724070112064698e-07,0.9999993743242168,3.532687718240065e-07
218,2.652968465790593e-07,0.999999390633468,3.440696855595319e-07
219,2.583722660556819e-07,0.9999994065175913,3.351101425112209e-07
220,2.51628425666999e-07,0.9999994219876692,3.263839050068346e-07
221,2.450606078768316e-07,0.9999994370544942,3.178848978018821e-07
222,2.3866421828212497e-07,0.999999451728578,3.096072038500486e-07
223,2.3243478239904848e-07,0.9999994660201574,3.015450601837695e-07
224,2.263679425329806e-07,0.9999994799392036,2.9369285390206447e-07
225,2.204594547301823e-07,0.9999994934954269,2.860451182628474e-07
226,2.1470518580904537e-07,0.9999995066982852,2.7859652887699433e-07
227,2.0910111046881991e-07,0.9999995195569894,2.713419000015117e-07
228,2.0364330847381144e-07,0.9999995320805106,2.642761809292298e-07
229,1.983279619110673e-07,0.9999995442775856,2.573944524725089e-07
230,1.9315135251964522e-07,0.9999995561567239,2.5069192353850534e-07
231,1.8810985908958797e-07,0.9999995677262129,2.4416392779361777e-07
232,1.8319995492878623e-07,0.9999995789941247,2.3780592041478976e-07
233,1.7841820539596226e-07,0.9999995899683196,2.3161347492540276e-07
234,1.737612654980392e-07,0.9999996006564544,2.255822801135706e-07
235,1.6922587755022573e-07,0.9999996110659856,2.1970813703066952e-07
236,1.6480886889717418e-07,0.9999996212041748,2.1398695606803326e-07
237,1.605071496936179e-07,0.9999996310780963,2.084147541097641e-07
238,1.563177107429349e-07,0.9999996406946375,2.0298765175968886e-07
239,1.5223762139212807e-07,0.9999996500605078,1.977018706405183e-07
240,1.482640274817494e-07,0.9999996591822418,1.9255373076334068e-07
241,1.4439414934933365e-07,0.9999996680662027,1.875396479656092e-07
242,1.406252798849398e-07,0.9999996767185887,1.8265613141584444e-07
243,1.3695478263745026e-07,0.9999996851454361,1.7789978118331354e-07
244,1.3338008997029456e-07,0.9999996933526242,1.7326728587099417e-07
245,1.2989870126531255e-07,0.9999997013458785,1.6875542031017446e-07
246,1.2650818117349573e-07,0.9999997091307755,1.6436104331508678e-07
247,1.232061579113879e-07,0.9999997167127467,1.60081095496007e-07
248,1.199903216019522e-07,0.9999997240970813,1.559125971293034e-07
249,1.1685842265874092e-07,0.9999997312889313,1.5185264608294646e-07
250,1.1380827021224321e-07,0.999999738293314,1.4789841579603655e-07
251,1.1083773057730272e-07,0.9999997451151162,1.440471533109495e-07
252,1.0794472576054191e-07,0.9999997517590969,1.4029617735671885e-07
253,1.0512723200673929e-07,0.9999997582298916,1.366428764823281e-07
254,1.0238327838315337e-07,0.9999997645320143,1.3308470723861323e-07
255,9.971094540079134e-08,0.9999997706698622,1.296191924075049e-07
256,9.710836367166816e-08,0.999999776647717,1.262439192773836e-07
257,9.457371260111109e-08,0.9999997824697495,1.2295653796334192e-07
258,9.210521911419789e-08,0.9999997881400211,1.197547597711886e-07
259,8.970115641543361e-08,0.9999997936624879,1.1663635560405132e-07
260,8.735984278080338e-08,0.999999799041003,1.1359915441047342e-07
261,8.507964038135466e-08,0.9999998042793178,1.1064104167291971e-07
262,8.285895413748196e-08,0.9999998093810879,1.0775995793564316e-07
263,8.069623060312028e-08,0.9999998143498718,1.0495389737088415e-07
264,7.858995687905784e-08,0.9999998191891366,1.0222090638240578e-07
265,7.65386595546167e-08,0.9999998239022582,9.955908224539393e-08
266,7.454090367695357e-08,0.9999998284925246,9.696657178177248e-08
267,7.259529174726595e-08,0.9999998329631382,9.444157007001313e-08
268,7.070046274319473e-08,0.9999998373172181,9.198231918854362e-08
269,6.885509116674623e-08,0.9999998415578017,8.958710699187405e-08
270,6.705788611706383e-08,0.9999998456878478,8.725426591859585e-08
271,6.530759038740087e-08,0.9999998497102377,8.498217183041715e-08
272,6.360297958566338e-08,0.9999998536277775,8.276924288143227e-08
273,6.194286127790792e-08,0.9999998574432002,8.06139384168326e-08
274,6.032607415419605e-08,0.9999998611591678,7.851475790029731e-08
275,5.875148721621919e-08,0.999999864778273,7.647023986931272e-08
276,5.721799898612924e-08,0.99999986830304,7.44789609176954e-08
277,5.572453673601769e-08,0.9999998717359286,7.253953470461087e-08
278,5.427005573750822e-08,0.9999998750793334,7.065061098939689e-08
279,5.2853538530933966e-08,0.9999998783355869,6.881087469151897e-08
280,5.1473994213592215e-08,0.9999998815069606,6.701904497500587e-08
281,5.013045774657352e-08,0.9999998845956679,6.527387435672468e-08
282,4.882198927968702e-08,0.9999998876038629,6.357414783787865e-08
283,4.754767349400247e-08,0.9999998905336445,6.191868205811736e-08
284,4.630661896155543e-08,0.9999998933870566,6.030632447167634e-08
285,4.5097957521763263e-08,0.99999989616609,5.873595254496874e-08
286,4.3920843674118364e-08,0.9999998988726835,5.7206472975072745e-08
287,4.277445398673153e-08,0.999999901508725,5.5716820928566874e-08
288,4.1657986520315144e-08,0.999999904076054,5.426595930018951e-08
289,4.057066026719918e-08,0.9999999065764617,5.2852877990799175e-08
290,3.951171460499014e-08,0.9999999090116923,5.1476593204139464e-08
291,3.848040876449025e-08,0.9999999113834445,5.013614676191407e-08
292,3.747602131150483e-08,0.9999999136933734,4.883060543669876e-08
293,3.649784964217518e-08,0.9999999159430901,4.7559060302223224e-08
294,3.554520949148275e-08,0.9999999181341643,4.63206261005717e-08
295,3.461743445458315e-08,0.999999920268125,4.5114440625861446e-08
296,3.371387552063384e-08,0.9999999223464604,4.393966412397113e-08
297,3.283390061878874e-08,0.9999999243706206,4.279547870789824e-08
298,3.197689417604372e-08,0.9999999263420182,4.1681087788343046e-08
299,3.1142256686621766e-08,0.9999999282620278,4.059571551911717e-08
300,2.767607220775152e-07,0.9999993643379856,3.5890129231120053e-07
301,1.8571898285420696e-07,0.9999995734314718,2.408495453316367e-07
302,2.767607220775152e-07,0.9999993643379856,3.5890129231120053e-07
303,1.8682782651095798e-07,0.9999995707984778,2.4237369577080996e-07
304,1.063460056227966e-06,0.9999975792385646,1.3573013792822576e-06
305,1.0300414912863506e-06,0.9999976548128545,1.3151456543084082e-06
306,9.97673081423777e-07,0.9999977280276993,1.2742992192934862e-06
307,9.66321826394991e-07,0.9999977989567637,1.2347214099522332e-06
308,9.359557629509062e-07,0.9999978676714121,1.1963728249505761e-06
309,9.065439322526854e-07,0.9999979342407811,1.1592152866815725e-06
310,8.780563483097729e-07,0.9999979987318485,1.123211803259537e-06
311,8.504639674096636e-07,0.9999980612095009,1.0883265316945008e-06
312,8.237386585082758e-07,0.9999981217365994,1.054524742210299e-06
313,7.978531745507111e-07,0.9999981803740418,1.0217727836708683e-06
314,7.727811246932084e-07,0.9999982371808254,9.900380500802462e-07
315,7.484969473979549e-07,0.9999982922141046,9.592889481230123e-07
316,7.249758843733292e-07,0.9999983455292497,9.294948657127609e-07
317,7.021939553330011e-07,0.9999983971799034,9.006261415174092e-07
318,6.801279335481902e-07,0.9999984472180312,8.726540354309272e-07
319,6.587553221681308e-07,0.9999984956939779,8.455506999621283e-07
320,6.380543312846152e-07,0.9999985426565163,8.192891525120487e-07
321,6.180038557172497e-07,0.9999985881528957,7.938432485122832e-07
322,5.985834534967438e-07,0.9999986322288913,7.691876553975915e-07
323,5.797733250243354e-07,0.9999986749288478,7.45297827386834e-07
324,5.615542928860845e-07,0.9999987162957259,7.221499810471205e-07
325,5.439077823014731e-07,0.9999987563711462,6.997210716168934e-07
326,5.268158021863567e-07,0.9999987951954277,6.779887700643376e-07
327,5.102609268109897e-07,0.9999988328076325,6.569314408582994e-07
328,4.942262780344156e-07,0.9999988692456018,6.365281204295685e-07
329,4.786955080971049e-07,0.9999989045459955,6.167584963011127e-07
330,4.636527829543148e-07,0.99999893874433,5.976028868664679e-07
331,4.4908276613315244e-07,0.9999989718750121,5.790422217961442e-07
332,4.349706030969264e-07,0.999999003971374,5.610580230525842e-07
333,4.2130190610080753e-07,0.9999990350657074,5.436323864947284e-07
334,4.0806273952338325e-07,0.9999990651892964,5.267479640539163e-07
335,3.9523960565915075e-07,0.9999990943724478,5.103879464633388e-07
336,3.8281943095744425e-07,0.9999991226445225,4.945360465238894e-07
337,3.707895526938008e-07,0.9999991500339643,4.791764828897318e-07
338,3.5913770606014957e-07,0.9999991765683295,4.6429396435745644e-07
339,3.4785201166067895e-07,0.9999992022743136,4.498736746431604e-07
340,3.369209634006228e-07,0.9999992271777789,4.359012576323418e-07
341,3.263334167556325e-07,0.9999992513037802,4.223628030878814e-07
342,3.160785774097615e-07,0.9999992746765899,4.092448328019117e-07
343,3.06145990250491e-07,0.9999992973197226,3.965342871777685e-07
344,2.9652552870957443e-07,0.9999993192559591,3.842185122286863e-07
345,2.8720738443882535e-07,0.9999993405073686,3.7228524698029036e-07
346,2.7818205731033695e-07,0.9999993610953314,3.6072261126432215e-07
347,2.694403457309299e-07,0.9999993810405604,3.4951909389148223e-07
348,2.6097333726096044e-07,0.9999994003631217,3.3866354119159697e-07
349,2.527723995279183e-07,0.9999994190824546,3.2814514590970036e-07
350,2.4482917142555233e-07,0.999999437217392,3.179534364469787e-07
351,2.3713555458955874e-07,0.9999994547861789,3.080782664358752e-07
352,2.2968370514113615e-07,0.9999994718064903,2.985098046389722e-07
353,2.224660256899823e-07,0.999999488295449,2.8923852516158166e-07
354,2.1547515758859912e-07,0.9999995042696446,2.8025519796832896e-07
355,2.0870397342999005e-07,0.9999995197451469,2.715508796942611e-07
356,2.0214556978111175e-07,0.9999995347375257,2.6311690474135276e-07
357,1.9579326014467296e-07,0.9999995492618632,2.5494487665152815e-07
358,1.8964056814209416e-07,0.999999563332772,2.4702665974762877e-07
359,1.8368122091069284e-07,0.9999995769644081,2.393543710339917e-07
360,1.7790914270835242e-07,0.9999995901704849,2.3192037234858558e-07
361,1.7231844871915864e-07,0.9999996029642884,2.2471726275887859e-07
362,1.6690343905368992e-07,0.9999996153586898,2.177378711938841e-07
363,1.616585929378372e-07,0.9999996273661579,2.1097524930503647e-07
364,1.5657856308424128e-07,0.9999996389987724,2.0442266454880138e-07
365,1.5165817024060072e-07,0.9999996502682362,1.9807359348411772e-07
366,1.4689239790929019e-07,0.9999996611858868,1.919217152780171e-07
367,1.4227638723291487e-07,0.9999996717627073,1.8596090541294583e-07
368,1.3780543204057932e-07,0.9999996820093383,1.8018522958952048e-07
369,1.3347497404982391e-07,0.999999691936088,1.7458893781866053e-07
370,1.2928059821933701e-07,0.9999997015529429,1.6916645869720623e-07
371,1.2521802824770036e-07,0.9999997108695781,1.6391239386132172e-07
372,1.2128312221358717e-07,0.9999997198953653,1.5882151261217167e-07
373,1.1747186835296122e-07,0.999999728639385,1.5388874670851163e-07
374,1.1378038096897315e-07,0.9999997371104337,1.4910918532101397e-07
375,1.102048964703883e-07,0.9999997453170333,1.4447807014330023e-07
376,1.0674176953449793e-07,0.9999997532674398,1.3999079065481844e-07
377,1.0338746939061325e-07,0.999999760969651,1.3564287953084879e-07
378,1.0013857622034529e-07,0.9999997684314156,1.314300081950644e-07
379,9.699177767100347e-08,0.9999997756602398,1.2734798251022414e-07
380,9.394386547855802e-08,0.9999997826633958,1.2339273860270232e-07
381,9.099173219672175e-08,0.999999789447929,1.1956033881670353e-07
382,8.813236802882148e-08,0.9999997960206642,1.1584696779413543e-07
383,8.536285775922095e-08,0.9999998023882137,1.122489286762278e-07
384,8.268037778117495e-08,0.9999998085569828,1.0876263942312715e-07
385,8.008219321807963e-08,0.9999998145331777,1.0538462924780193e-07
386,7.756565513518412e-08,0.9999998203228099,1.0211153516069563e-07
387,7.512819783892521e-08,0.9999998259317034,9.894009862170591e-08
388,7.276733626112507e-08,0.9999998313655014,9.586716229614403e-08
389,7.04806634253907e-08,0.9999998366296696,9.288966691145008e-08
390,6.826584799312906e-08,0.999999841729504,9.000464821153095e-08
391,6.612063188667728e-08,0.9999998466701341,8.720923400569513e-08
392,6.404282798712519e-08,0.9999998514565308,8.450064130924214e-08
393,6.20303179044798e-08,0.9999998560935085,8.187617357285833e-08
394,6.008104981790252e-08,0.9999998605857322,7.933321799806499e-08
395,5.8193036383816445e-08,0.9999998649377206,7.686924293604621e-08
396,5.636435270974608e-08,0.9999998691538519,7.44817953672596e-08
397,5.4593134391833406e-08,0.9999998732383671,7.216849845933398e-08
398,5.2877575614017676e-08,0.9999998771953753,6.992704920080695e-08
399,5.1215927306951406e-08,0.9999998810288565,6.77552161083602e-08
400,4.9606495364769726e-08,0.9999998847426677,6.565083700526373e-08
401,4.8047638917896284e-08,0.9999998883405441,6.361181686881536e-08
402,4.653776866012573e-08,0.9999998918261056,6.163612574463904e-08
403,4.507534522827603e-08,0.999999895202858,5.972179672575843e-08
404,2.767607220775152e-07,0.9999993643379856,3.5890129231120053e-07
405,1.8485769051790563e-07,0.9999995751620141,2.399802953626287e-07
406,2.767607220775152e-07,0.9999993643379856,3.5890129231120053e-07
407,1.8504377913348092e-07,0.9999995754901826,2.3946603805032804e-07
408,2.767607220775152e-07,0.9999993643379856,3.5890129231120053e-07
409,1.8492065556649022e-07,0.9999995760099191,2.3906942518550764e-07
410,2.767607220775152e-07,0.9999993643379856,3.5890129231120053e-07
411,2.767607220775152e-07,0.9999993643379856,3.5890129231120053e-07
412,2.767607220775152e-07,0.9999993643379856,3.5890129231120053e-07
413,2.767607220775152e-07,0.9999993643379856,3.5890129231120053e-07
414,2.767607220775152e-07,0.9999993643379856,3.5890129231120053e-07
415,2.767607220775152e-07,0.9999993643379856,3.5890129231120053e-07
416,2.767607220775152e-07,0.9999993643379856,3.5890129231120053e-07
417,2.767607220775152e-07,0.9999993643379856,3.5890129231120053e-07
418,2.767607220775152e-07,0.9999993643379856,3.5890129231120053e-07
419,2.767607220775152e-07,0.9999993643379856,3.5890129231120053e-07
420,2.767607220775152e-07,0.9999993643379856,3.5890129231120053e-07
421,2.767607220775152e-07,0.9999993643379856,3.5890129231120053e-07
422,2.767607220775152e-07,0.9999993643379856,3.5890129231120053e-07
423,2.767607220775152e-07,0.9999993643379856,3.5890129231120053e-07
424,2.767607220775152e-07,0.9999993643379856,3.5890129231120053e-07
425,2.767607220775152e-07,0.9999993643379856,3.5890129231120053e-07
426,2.767607220775152e-07,0.9999993643379856,3.5890129231120053e-07
427,2.767607220775152e-07,0.9999993643379856,3.5890129231120053e-07
428,2.767607220775152e-07,0.9999993643379856,3.5890129231120053e-07
429,2.767607220775152e-07,0.9999993643379856,3.5890129231120053e-07
430,2.767607220775152e-07,0.9999993643379856,3.5890129231120053e-07
431,2.767607220775152e-07,0.9999993643379856,3.5890129231120053e-07
432,2.767607220775152e-07,0.9999993643379856,3.5890129231120053e-07
433,2.767607220775152e-07,0.9999993643379856,3.5890129231120053e-07
434,2.767607220775152e-07,0.9999993643379856,3.5890129231120053e-07
435,2.767607220775152e-07,0.9999993643379856,3.5890129231120053e-07
436,2.767607220775152e-07,0.9999993643379856,3.5890129231120053e-07
437,2.767607220775152e-07,0.9999993643379856,3.5890129231120053e-07
438,2.767607220775152e-07,0.9999993643379856,3.5890129231120053e-07
439,2.767607220775152e-07,0.9999993643379856,3.5890129231120053e-07
440,2.767607220775152e-07,0.9999993643379856,3.5890129231120053e-07
441,2.767607220775152e-07,0.9999993643379856,3.5890129231120053e-07
442,2.767607220775152e-07,0.9999993643379856,3.5890129231120053e-07
443,2.767607220775152e-07,0.9999993643379856,3.5890129231120053e-07
444,2.767607220775152e-07,0.9999993643379856,3.5890129231120053e-07
445,2.767607220775152e-07,0.9999993643379856,3.5890129231120053e-07
446,2.767607220775152e-07,0.9999993643379856,3.5890129231120053e-07
447,2.767607220775152e-07,0.9999993643379856,3.5890129231120053e-07
448,2.767607220775152e-07,0.9999993643379856,3.5890129231120053e-07
449,2.767607220775152e-07,0.9999993643379856,3.5890129231120053e-07
450,2.767607220775152e-07,0.9999993643379856,3.5890129231120053e-07
451,2.767607220775152e-07,0.9999993643379856,3.5890129231120053e-07
452,2.767607220775152e-07,0.9999993643379856,3.5890129231120053e-07
453,2.767607220775152e-07,0.9999993643379856,3.5890129231120053e-07
454,2.767607220775152e-07,0.9999993643379856,3.5890129231120053e-07
455,2.767607220775152e-07,0.9999993643379856,3.5890129231120053e-07
456,2.767607220775152e-07,0.9999993643379856,3.5890129231120053e-07
457,2.767607220775152e-07,0.9999993643379856,3.5890129231120053e-07
458,2.767607220775152e-07,0.9999993643379856,3.5890129231120053e-07
459,2.767607220775152e-07,0.9999993643379856,3.5890129231120053e-07
460,2.767607220775152e-07,0.9999993643379856,3.5890129231120053e-07
461,2.767607220775152e-07,0.9999993643379856,3.5890129231120053e-07
462,2.767607220775152e-07,0.9999993643379856,3.5890129231120053e-07
463,2.767607220775152e-07,0.9999993643379856,3.5890129231120053e-07
464,2.767607220775152e-07,0.9999993643379856,3.5890129231120053e-07
465,2.767607220775152e-07,0.9999993643379856,3.5890129231120053e-07
466,2.767607220775152e-07,0.9999993643379856,3.5890129231120053e-07
467,2.767607220775152e-07,0.9999993643379856,3.5890129231120053e-07
468,2.767607220775152e-07,0.9999993643379856,3.5890129231120053e-07
469,2.767607220775152e-07,0.9999993643379856,3.5890129231120053e-07
470,2.767607220775152e-07,0.9999993643379856,3.5890129231120053e-07
471,2.767607220775152e-07,0.9999993643379856,3.5890129231120053e-07
472,2.767607220775152e-07,0.9999993643379856,3.5890129231120053e-07
473,2.767607220775152e-07,0.9999993643379856,3.5890129231120053e-07
474,2.767607220775152e-07,0.9999993643379856,3.5890129231120053e-07
475,2.767607220775152e-07,0.9999993643379856,3.5890129231120053e-07
476,2.767607220775152e-07,0.9999993643379856,3.5890129231120053e-07
477,2.767607220775152e-07,0.9999993643379856,3.5890129231120053e-07
478,2.767607220775152e-07,0.9999993643379856,3.5890129231120053e-07
479,2.767607220775152e-07,0.9999993643379856,3.5890129231120053e-07
480,2.767607220775152e-07,0.9999993643379856,3.5890129231120053e-07
481,2.767607220775152e-07,0.9999993643379856,3.5890129231120053e-07
482,2.767607220775152e-07,0.9999993643379856,3.5890129231120053e-07
483,2.767607220775152e-07,0.9999993643379856,3.5890129231120053e-07
484,2.767607220775152e-07,0.9999993643379856,3.5890129231120053e-07
485,2.767607220775152e-07,0.9999993643379856,3.5890129231120053e-07
486,2.767607220775152e-07,0.9999993643379856,3.5890129231120053e-07
487,2.767607220775152e-07,0.9999993643379856,3.5890129231120053e-07
488,2.767607220775152e-07,0.9999993643379856,3.5890129231120053e-07
489,2.767607220775152e-07,0.9999993643379856,3.5890129231120053e-07
490,2.767607220775152e-07,0.9999993643379856,3.5890129231120053e-07
491,2.767607220775152e-07,0.9999993643379856,3.5890129231120053e-07
492,2.767607220775152e-07,0.9999993643379856,3.5890129231120053e-07
493,2.767607220775152e-07,0.9999993643379856,3.5890129231120053e-07
494,2.767607220775152e-07,0.9999993643379856,3.5890129231120053e-07
495,2.767607220775152e-07,0.9999993643379856,3.5890129231120053e-07
496,2.767607220775152e-07,0.9999993643379856,3.5890129231120053e-07
497,2.767607220775152e-07,0.9999993643379856,3.5890129231120053e-07
498,2.767607220775152e-07,0.9999993643379856,3.5890129231120053e-07
499,2.767607220775152e-07,0.9999993643379856,3.5890129231120053e-07
500,2.767607220775152e-07,0.9999993643379856,3.5890129231120053e-07
501,2.767607220775152e-07,0.9999993643379856,3.5890129231120053e-07
502,2.767607220775152e-07,0.9999993643379856,3.5890129231120053e-07
503,2.767607220775152e-07,0.9999993643379856,3.5890129231120053e-07
504,2.767607220775152e-07,0.9999993643379856,3.5890129231120053e-07
505,2.767607220775152e-07,0.9999993643379856,3.5890129231120053e-07
506,2.767607220775152e-07,0.9999993643379856,3.5890129231120053e-07
507,2.767607220775152e-07,0.9999993643379856,3.5890129231120053e-07
508,2.767607220775152e-07,0.9999993643379856,3.5890129231120053e-07
509,2.767607220775152e-07,0.9999993643379856,3.5890129231120053e-07
510,1.2257109709131648e-06,0.9999971900238608,1.5842651684972425e-06
511,9.642064907622664e-07,0.9999977888678174,1.2469256917324207e-06
512,8.324992668709462e-07,0.9999980905505992,1.0769501338704427e-06
513,7.486635467610721e-07,0.9999982826115288,9.687249244216294e-07
514,6.88918898709765e-07,0.9999984194979643,8.915831370320439e-07
515,6.433799010799312e-07,0.9999985238464221,8.3277367683807e-07
516,6.070780149414532e-07,0.9999986070354562,7.85886528843951e-07
517,5.771972677321828e-07,0.9999986755145168,7.472882153014863e-07
518,5.520026084684927e-07,0.9999987332576875,7.147397040120595e-07
519,5.303569300651201e-07,0.9999987828696367,6.867734331730092e-07
520,5.114786988187516e-07,0.9999988261406502,6.623806510785136e-07
521,4.948100585251727e-07,0.9999988643486893,6.408412522568957e-07
522,4.799403465426988e-07,0.9999988984345596,6.216250939229102e-07
523,4.665594105187548e-07,0.9999989291088314,6.043317579848009e-07
524,4.544278844705595e-07,0.9999989569199217,5.886521938465493e-07
525,4.433575794506613e-07,0.9999989822990086,5.743434118717401e-07
526,4.3319814975756017e-07,0.9999990055905758,5.612112745937227e-07
527,4.2382778665541315e-07,0.9999990270737282,5.49098485197448e-07
528,4.151465736178487e-07,0.9999990469774157,5.378760107399648e-07
529,4.0707164599273785e-07,0.9999990654915201,5.274368341270986e-07
530,3.995336019331562e-07,0.9999990827750771,5.176913210337507e-07
531,3.9247379860203024e-07,0.999999098962472,5.085637294539302e-07
532,3.858422860620955e-07,0.9999991141681717,4.999895423526803e-07
533,3.795962079965145e-07,0.999999128490389,4.919134029120473e-07
534,3.7369854922304193e-07,0.9999991420139535,4.842874974427934e-07
535,3.681171442840535e-07,0.9999991548125804,4.7707027532427e-07
536,3.6282388498806724e-07,0.9999991669506895,4.702254257842277e-07
537,3.5779408126287256e-07,0.9999991784848662,4.637210526058915e-07
538,3.530059413706149e-07,0.9999991894650556,4.575290029380381e-07
539,3.484401459393169e-07,0.9999991999355369,4.5162431723132163e-07
540,3.4407949638393184e-07,0.9999992099357284,4.4598477522176025e-07
541,3.3990862279683207e-07,0.9999992195008583,4.405905186998312e-07
542,3.3591373974348185e-07,0.9999992286625242,4.354237361354203e-07
543,3.3208244092318127e-07,0.9999992374491615,4.3046839748736134e-07
544,3.2840352557129977e-07,0.9999992458864444,4.2571003000030225e-07
545,3.248668509474794e-07,0.9999992539976216,4.2113552768691926e-07
546,3.2146320638815423e-07,0.9999992618038049,4.167329886572793e-07
547,3.1818420528431366e-07,0.9999992693242191,4.1249157559659014e-07
548,3.1502219203743746e-07,0.9999992765764123,4.084013955860149e-07
549,3.1197016159289305e-07,0.9999992835764423,4.044533961665971e-07
550,3.0902168958422947e-07,0.9999992903390351,4.0063927510691915e-07
551,3.0617087146896146e-07,0.9999992968777268,3.96951401783295e-07
552,3.034122693156098e-07,0.9999993032049822,3.9338274844182446e-07
553,3.0074086512756194e-07,0.9999993093323049,3.8992682990313706e-07
554,2.9815201977287476e-07,0.9999993152703296,3.865776505076956e-07
555,2.9564143673910945e-07,0.999999321028906,3.83329657293172e-07
556,2.9320513005543437e-07,0.9999993266171714,3.8017769855442687e-07
557,2.908393958257749e-07,0.999999332043617,3.771169870677383e-07
558,2.88540786900882e-07,0.9999993373161458,3.7414306736953644e-07
559,2.863060902871823e-07,0.9999993424421233,3.712517865702689e-07
560,2.841323069486648e-07,0.9999993474284248,3.684392682594242e-07
561,2.8201663370704693e-07,0.9999993522814773,3.6570188912103404e-07
562,2.7995644698665135e-07,0.9999993570072951,3.630362579321252e-07
563,2.7794928818522237e-07,0.9999993616115151,3.604391966615615e-07
564,2.759928504813438e-07,0.9999993660994261,3.5790772342472774e-07
565,2.740849669142034e-07,0.999999370475996,3.554390370818764e-07
566,2.722235995927506e-07,0.9999993747458972,3.530305032955041e-07
567,2.704068299095802e-07,0.9999993789135283,3.506796418857132e-07
568,2.686328496504956e-07,0.999999382983035,3.4838411534270715e-07
569,2.668999529041846e-07,0.9999993869583287,3.4614171837296855e-07
570,2.6520652868802944e-07,0.9999993908431031,3.4395036837064644e-07
571,2.6355105421610713e-07,0.9999993946408491,3.418080967186237e-07
572,2.619320887441236e-07,0.9999993983548703,3.397130408349718e-07
573,2.60348267933578e-07,0.9999994019882951,3.376634368902536e-07
574,2.587982986840186e-07,0.9999994055440883,3.3565761312960716e-07
575,2.572809543880036e-07,0.9999994090250619,3.3369398374097364e-07
576,2.5579507056837257e-07,0.9999994124338862,3.3177104321729956e-07
577,2.543395408618537e-07,0.9999994157730978,3.2988736116621974e-07
578,2.52913313316875e-07,0.9999994190451091,3.2804157752572245e-07
579,2.5151538697685796e-07,0.9999994222522149,3.2623239814868953e-07
580,2.5014480872325566e-07,0.9999994253966005,3.244585907230496e-07
581,2.488006703552504e-07,0.9999994284803486,3.227189809977384e-07
582,2.47482105885368e-07,0.9999994315054449,3.210124492876437e-07
583,2.4618828903232987e-07,0.9999994344737838,3.193379272334213e-07
584,2.4491843089432075e-07,0.9999994373871742,3.176943947944424e-07
585,2.4367177778747875e-07,0.9999994402473447,3.1608087745523364e-07
586,2.424476092358775e-07,0.9999994430559471,3.1449644362768416e-07
587,2.412452361005774e-07,0.9999994458145616,3.129402022329568e-07
588,2.400639988364754e-07,0.9999994485247007,3.1141130044854546e-07
589,2.389032658667379e-07,0.9999994511878124,3.0990892160728763e-07
590,2.3776243206552717e-07,0.9999994538052847,3.0843228323630746e-07
591,2.3664091734057273e-07,0.9999994563784473,3.069806352250026e-07
592,2.3553816530788768e-07,0.9999994589085767,3.0555325811209644e-07
593,2.3445364205161894e-07,0.9999994613968964,3.041494614827185e-07
594,2.3338683496262002e-07,0.9999994638445825,3.027685824672155e-07
595,2.3233725164988326e-07,0.999999466252764,3.0140998433412326e-07
596,2.313044189194934e-07,0.9999994686225259,3.0007305517039966e-07
597,2.302878818161693e-07,0.9999994709549117,2.987572066425443e-07
598,2.292872027229164e-07,0.9999994732509244,2.9746187283281776e-07
599,2.2830196051464728e-07,0.9999994755115302,2.9618650914521326e-07
600,2.273317497619822e-07,0.999999477737659,2.9493059127627153e-07
601,2.2637617998173554e-07,0.9999994799302057,2.9369361424624705e-07
602,2.254348749308868e-07,0.9999994820900335,2.9247509148646284e-07
603,2.245074719410639e-07,0.9999994842179742,2.9127455397902984e-07
604,2.2359362129082282e-07,0.9999994863148293,2.90091549445417e-07
605,2.2269298561320042e-07,0.999999488381373,2.8892564158060884e-07
606,2.2180523933621267e-07,0.9999994904183515,2.87776409329846e-07
607,2.209300681541503e-07,0.9999994924264856,2.866434462051685e-07
608,2.2006716852768748e-07,0.9999994944064718,2.8552635963920136e-07
609,2.1921624721094637e-07,0.9999994963589826,2.8442477037378404e-07
610,1.4810060039545358e-06,0.9999967049191604,1.8140748358871046e-06
611,1.0369268435326129e-06,0.9999976774578908,1.2856152658107874e-06
612,8.33372064318202e-07,0.9999981256791056,1.0409488300766403e-06
613,7.115428331672196e-07,0.9999983948932292,8.935639377160723e-07
614,6.286368159066077e-07,0.9999985785807965,7.927823874081855e-07
615,5.677372803904856e-07,0.9999987137963112,7.184664084372217e-07
616,5.20666728087467e-07,0.9999988184920794,6.608411924968184e-07
617,4.829362333390175e-07,0.9999989025408729,6.145228937376544e-07
618,4.5185405955042924e-07,0.9999989718720154,5.762739252563181e-07
619,4.256973405529412e-07,0.9999990302857551,5.440169045020773e-07
620,4.0330651356079175e-07,0.9999990803428909,5.163505954301334e-07
621,3.8386932982731805e-07,0.9999991238391404,4.922915298252124e-07
622,3.6679799824339525e-07,0.9999991620752609,4.711267410150178e-07
623,3.516554933508695e-07,0.9999991960192383,4.523252684605114e-07
624,3.381093751758031e-07,0.9999992264080166,4.354826082076927e-07
625,3.2590176629070544e-07,0.9999992538136905,4.202845432493033e-07
626,3.148292121594617e-07,0.9999992786879417,4.064828461512494e-07
627,3.04728801295236e-07,0.9999993013926869,3.938785116589368e-07
628,2.9546837155687054e-07,0.9999993222217176,3.823099108877849e-07
629,2.869394549405357e-07,0.9999993414162972,3.7164424789928907e-07
630,2.7905210086096235e-07,0.9999993591766149,3.6177128414317053e-07
631,2.7173101490571283e-07,0.9999993756703321,3.5259865274840173e-07
632,2.6491263599103785e-07,0.9999993910390559,3.440483080951208e-07
633,2.5854289417545393e-07,0.9999994054033061,3.360537996422657e-07
634,2.525754696796721e-07,0.9999994188663772,3.2855815325824515e-07
635,2.469704260691151e-07,0.9999994315173676,3.215122064648123e-07
636,2.416931262796031e-07,0.9999994434335866,3.1487328709826903e-07
637,2.3671336492601849e-07,0.9999994546824804,3.0860415478426725e-07
638,2.3200466775626633e-07,0.9999994653231866,3.026721456738801e-07
639,2.2754372154516248e-07,0.9999994754078027,2.9704847592220924e-07
640,2.2330990670942372e-07,0.9999994849824229,2.9170767026566863e-07
641,2.19284911498807e-07,0.9999994940879985,2.866270900151099e-07
642,2.154524114809483e-07,0.9999995027610477,2.817865406745633e-07
643,2.1179780167143107e-07,0.9999995110342546,2.7716794380210266e-07
644,2.0830797140273586e-07,0.9999995189369675,2.727550610567949e-07
645,2.049711141136097e-07,0.9999995264956251,2.685332609107774e-07
646,2.017765658436013e-07,0.9999995337341139,2.644893204533263e-07
647,1.987146674584039e-07,0.9999995406740763,2.6061125622226103e-07
648,1.9577664659925755e-07,0.9999995473351742,2.568881791749925e-07
649,1.9295451610955134e-07,0.9999995537353139,2.5331016983632276e-07
650,1.9024098629250826e-07,0.9999995598908434,2.498681703916088e-07
651,1.8762938883173608e-07,0.99999956581672,2.465538910761364e-07
652,1.851136105888973e-07,0.9999995715266607,2.433597286777735e-07
653,1.8268803580060852e-07,0.9999995770332687,2.4027869534539336e-07
654,1.803474954457582e-07,0.9999995823481481,2.3730435619949012e-07
655,1.7808722275705458e-07,0.9999995874820028,2.3443077448874438e-07
656,1.7590281401620165e-07,0.9999995924447227,2.3165246323852027e-07
657,1.7379019390808767e-07,0.9999995972454635,2.2896434250344026e-07
658,1.7174558482151262e-07,0.9999996018927138,2.263617014732454e-07
659,1.6976547957688452e-07,0.9999996063943556,2.2384016479478e-07
660,1.6784661713857334e-07,0.9999996107577201,2.2139566256744367e-07
661,1.6598596093411027e-07,0.9999996149896354,2.1902440354839946e-07
662,1.64180679456492e-07,0.9999996190964694,2.1672285117003915e-07
663,1.6242812887128537e-07,0.9999996230841692,2.1448770202785586e-07
664,1.6072583738863e-07,0.9999996269582961,2.1231586654392993e-07
665,1.590714911926981e-07,0.9999996307240573,2.1020445155102634e-07
666,1.5746292174877407e-07,0.9999996343863338,2.0815074457616573e-07
667,1.5589809433162926e-07,0.9999996379497059,2.0615219963134743e-07
668,1.5437509763895508e-07,0.999999641418478,2.0420642434378738e-07
669,1.528921343708319e-07,0.9999996447966972,2.0231116827914153e-07
670,1.514475126710127e-07,0.9999996480881749,2.0046431232937068e-07
671,1.500396383385363e-07,0.9999996512965025,1.9866385905255594e-07
672,1.48667007729205e-07,0.9999996544250684,1.9690792386549902e-07
673,1.473282012759812e-07,0.9999996574770716,1.9519472700166615e-07
674,1.4602187756565243e-07,0.9999996604555361,1.9352258615721033e-07
675,1.4474676791628471e-07,0.9999996633633225,1.9188990975665082e-07
676,1.4350167140629125e-07,0.9999996662031378,1.9029519077752391e-07
677,1.4228545031139705e-07,0.9999996689775487,1.8873700108006408e-07
678,1.410970259106135e-07,0.999999671688988,1.8721398619388542e-07
679,1.3993537462651535e-07,0.9999996743397649,1.8572486051882097e-07
680,1.387995244688549e-07,0.9999996769320725,1.8426840290164772e-07
681,1.376885517537717e-07,0.9999996794679956,1.8284345255443994e-07
682,1.3660157807377146e-07,0.9999996819495166,1.8144890528384066e-07
683,1.3553776749616136e-07,0.9999996843785225,1.8008371000368686e-07
684,1.3449632396990963e-07,0.9999996867568106,1.7874686550619387e-07
685,1.3347648892287357e-07,0.9999996890860935,1.77437417469382e-07
686,1.3247753903313474e-07,0.9999996913680052,1.7615445568060615e-07
687,1.3149878415975334e-07,0.9999996936041045,1.7489711145802135e-07
688,1.3053956541965762e-07,0.9999996957958794,1.7366455525353495e-07
689,1.2959925339865824e-07,0.9999996979447521,1.7245599442236787e-07
690,1.2867724648568083e-07,0.9999997000520824,1.7127067114571987e-07
691,1.2777296932034403e-07,0.9999997021191703,1.701078604943093e-07
692,1.2688587134487944e-07,0.9999997041472599,1.689668686216185e-07
693,1.2601542545224102e-07,0.9999997061375434,1.6784703107675192e-07
694,1.2516112672293711e-07,0.9999997080911622,1.667477112276405e-07
695,1.2432249124381566e-07,0.9999997100092098,1.6566829878620025e-07
696,1.234990550025901e-07,0.9999997118927366,1.6460820842773472e-07
697,1.2269037285245493e-07,0.9999997137427485,1.6356687849758136e-07
698,1.2189601754159965e-07,0.9999997155602128,1.625437697985378e-07
699,1.2111557880288354e-07,0.9999997173460566,1.6153836445321294e-07
700,1.2034866249931688e-07,0.9999997191011726,1.6055016483587096e-07
701,1.1959488982136129e-07,0.9999997208264175,1.5957869256884062e-07
702,1.1885389653238057e-07,0.9999997225226157,1.5862348757891141e-07
703,1.1812533225887453e-07,0.9999997241905606,1.5768410720954697e-07
704,1.1740885982238983e-07,0.9999997258310148,1.567601253850506e-07
705,1.1670415461025757e-07,0.9999997274447135,1.5585113182314022e-07
706,1.1601090398251876e-07,0.9999997290323647,1.5495673129265045e-07
707,1.1532880671261156e-07,0.9999997305946504,1.540765429133519e-07
708,1.1465757245957632e-07,0.999999732132228,1.5321019949508527e-07
709,1.1399692126970084e-07,0.9999997336457317,1.5235734691363976e-07
