,Prob. alone,Prob. mom and dad,Prob. mom,Prob. dad,Prob. non-hh,Prob. sibling
0,0.14022068650082442,0.0632001182924588,0.5010440846752314,0.15434451463645632,0.12124082079865077,0.019949775096378273
1,0.14384597743000874,0.059375358830577395,0.49394482685861846,0.16306042942340174,0.11833265238988916,0.021440755067504348
2,0.1466188488291769,0.05651863009870612,0.4881228360326902,0.17004876546857164,0.11603118360824041,0.022659735962614808
3,0.1488534705465234,0.05425603950154498,0.48316727686232136,0.17590245685675124,0.11412383978401093,0.023696916448848068
4,0.15071799036479572,0.052393145449871684,0.47884165250947874,0.18095022925620294,0.11249386814793494,0.02460311427171583
5,0.15231284183263435,0.05081640212606359,0.47499646774348636,0.18539425032331305,0.11107004008809794,0.02540999788640478
6,0.15370275239448553,0.04945397245736023,0.4715308028601173,0.1893681261093755,0.10980561377541848,0.026138732403242868
7,0.15493184160042187,0.04825764805573303,0.4683731170333184,0.1929649597681489,0.10866822160520098,0.0268042119371768
8,0.15603150674592278,0.047193578721144734,0.46547073912089754,0.1962523308523315,0.10763450259091914,0.02741734196878415
9,0.1570248695886046,0.04623712665800181,0.46278370068688884,0.19928090739124377,0.10668703245282096,0.027986363222440084
10,0.15792943885676944,0.04536982752060998,0.46028091375910085,0.20208969305126537,0.10581246212519946,0.028517664687054998
11,0.15875878336835067,0.04457750386204778,0.4579376946635951,0.20470937714416845,0.10500033454825802,0.02901630641358007
12,0.15952362612123197,0.04384904485794682,0.4557341001042846,0.20716455742897652,0.1042423028070495,0.02948636868051073
13,0.1602325840467526,0.043175589324907886,0.453653774084378,0.20947526345116016,0.10353159635962376,0.029931192733177472
14,0.16089268261693962,0.04254996246621312,0.4516831275494765,0.2116580296682325,0.10286264637339713,0.030353551325741093
15,0.161509722719995,0.04196627760288941,0.44981074133416155,0.21372666958378891,0.10223081636792025,0.030755772391244905
16,0.1620885478666076,0.041419648292164615,0.44802692292297663,0.2156928458703871,0.1016322044806017,0.031139830567262463
17,0.16263324249852232,0.040905976168413676,0.44632337159944385,0.2175664979567309,0.10106349562046196,0.031507416156427374
18,0.16314728163859168,0.040421791882213946,0.4446929215232029,0.21935616793049167,0.10052184910860867,0.031859987916891014
19,0.16363364551516543,0.039964134007322516,0.44312934184647945,0.22106925254241197,0.10000481203723198,0.032198814051388344
20,0.1640949085406602,0.03953045557527646,0.44162717925466416,0.22271220060642677,0.09951025158184987,0.032525004441122544
21,0.16453330922187057,0.03911855103207914,0.4401816325195262,0.22429066944571166,0.09903630149286893,0.03283953628794346
22,0.16495080569433238,0.03872649850706081,0.4387884515267417,0.22580965020440846,0.09858131934041554,0.03314327472704111
23,0.16534912028058998,0.03835261371210211,0.4374438552386475,0.22727356919753156,0.09814385201583566,0.03343698955529319
24,0.16572977557092633,0.03799541277971931,0.436144464467082,0.22868637061098793,0.09772260764503586,0.0337213689262486
25,0.1660941238866859,0.03765358204623822,0.43488724634616605,0.23005158453583505,0.09731643253297816,0.03399703065209663
26,0.1664433715276129,0.037325953285075084,0.4336694681334621,0.23137238335995508,0.09692429209384529,0.03426453160004967
27,0.16677859887067464,0.037011483256527186,0.43248865851219165,0.23265162883586224,0.0965452549666274,0.03452437555811682
28,0.16710077714176205,0.03670923670555284,0.4313425749728832,0.23389191162076767,0.09617847969745721,0.03477701986157716
29,0.1674107824982762,0.036418372135693634,0.43022917615849965,0.23509558469305422,0.09582320350594625,0.03502288100853008
30,0.16770940792252687,0.03613812983476771,0.4291465982897253,0.2362647917523128,0.0954787327555875,0.03526233944507986
31,0.1679973733208788,0.03586782173964367,0.4280931349657591,0.2374014914828859,0.09514443482679324,0.03549574366403928
32,0.1682753341430297,0.035606822812764415,0.42706721977440687,0.23850747838552397,0.09481973115162085,0.0357234137326543
33,0.16854388877347132,0.03535456366889387,0.42606741125338704,0.2395844007453015,0.09450409121623064,0.03594564434271577
34,0.16880358489858072,0.03511052424170045,0.4250923798298682,0.24063377619692355,0.09419702737391014,0.036162707459017056
35,0.16905492501458275,0.034874228319839724,0.424140896432716,0.2416570052640066,0.09389809034052037,0.03637485462833448
36,0.1692983712114061,0.034645238813783855,0.4232118225257591,0.24265538318166227,0.09360686526727093,0.036582319000117554
37,0.1695343493433763,0.03442315363972609,0.42230410135361757,0.24363011025786674,0.09332296830415361,0.036785317101259596
38,0.16976325267839193,0.0342076021269299,0.42141675022656966,0.24458230098572017,0.0930460435821891,0.03698405040019928
39,0.16998544510167085,0.03399824187100461,0.42054885369931305,0.24551299208355484,0.09277576055463188,0.0371787066898247
40,0.17020126393753635,0.03379475596861549,0.4196995575216639,0.2464231496112171,0.09251181164703444,0.03736946131393271
41,0.17041102244242967,0.03359685057972615,0.4188680632582719,0.24731367528739792,0.09225391017405031,0.03755647825812411
42,0.17061501201390938,0.03340425277212376,0.41805362349014147,0.24818541211358766,0.09200178848741528,0.03773991112282224
43,0.17081350415346264,0.03321670861008217,0.41725553752376665,0.24903914939427207,0.09175519632495902,0.03791990399345741
44,0.17100675221521494,0.033033981454878535,0.4164731475445259,0.24987562722972845,0.09151389933499389,0.03809659222065834
45,0.17119499296786533,0.03285585044973606,0.4157058351600507,0.25069554054672666,0.09127767775416966,0.03827010312145161
46,0.1713784479931939,0.03268210916580602,0.41495301828688486,0.2514995427231746,0.0910463252200138,0.038440556610926824
47,0.17155732494116388,0.03251256438917881,0.41421414834016346,0.252288248854961,0.09081964770200736,0.038608065772525436
48,0.17173181865884396,0.03234703503174542,0.41348870769146273,0.2530622387066746,0.09059746253726253,0.038772737374010456
49,0.17190211220801288,0.03218535115111557,0.41277620736457266,0.253822059382312,0.09037959755874393,0.03893467233524301
50,0.17206837778431186,0.03202735306681198,0.4120761849428603,0.25456822774735105,0.09016589030556767,0.03909396615309693
51,0.17223077754911437,0.03187289056166873,0.4113882026652458,0.25530123262953697,0.08995618730626945,0.03925070928816456
52,0.17238946438383226,0.031721822158813744,0.4107118456906709,0.25602153682226847,0.08975034342708936,0.03940498751732517
53,0.17254458257514346,0.03157401446585443,0.4100467205134186,0.25672957891151527,0.08954822127831866,0.03955688225574962
54,0.1726962684385646,0.031429341578946945,0.409392453513756,0.2574257749446469,0.08934969067260276,0.039706470851482586
55,0.17284465088688067,0.031287684540338534,0.40874868963021904,0.2581105199573535,0.08915462812983516,0.039853826855372955
56,0.17298985194915711,0.031148930843757177,0.40811509114144223,0.2587841893729332,0.08896291642391004,0.03999902026880042
57,0.1731319872453789,0.031012973982698297,0.40749133654682795,0.2594471402865742,0.08877444416715485,0.040142117771365955
58,0.17327116642117468,0.030879713037243704,0.40687711953654837,0.26009971264582027,0.08858910542874311,0.0402831829304701
59,0.17340749354656723,0.03074905229555536,0.40627214804242945,0.2607422303371546,0.08840679938380319,0.0404222763944901
60,0.1735410674822531,0.0306209009066284,0.4056761433621849,0.26137500218754667,0.08822742999030606,0.04055945607108101
61,0.17367198221651303,0.03049517256127198,0.40508883935027823,0.26199832288884484,0.08805090569113153,0.04069477729196044
62,0.17380032717552948,0.030371785198623612,0.4045099816693995,0.26261247385205727,0.0878771391389935,0.04082829296539657
63,0.17392618750957256,0.03025066073579594,0.4039393270971684,0.263217723997825,0.08770604694214973,0.04096005371748856
64,0.17404964435726647,0.03013172481851392,0.40337664288322783,0.2638143304887339,0.0875375494290384,0.041090108023219524
65,0.17417077508990925,0.030014906590827287,0.4028217061523829,0.2644025394085428,0.08737157043017513,0.04121850232816245
66,0.1742896535376174,0.02990013848218297,0.4022743033498671,0.2649825863928886,0.08720803707581203,0.04134528116163183
67,0.17440635019888737,0.029787356010318962,0.40173422972520645,0.2655546972155806,0.08704687960801033,0.04147048724199618
68,0.17452093243500363,0.029676497598597366,0.4012012888514929,0.26611908833419556,0.08688803120591213,0.04159416157479835
69,0.1746334646505859,0.02956750440653233,0.40067529217717895,0.26667596739832355,0.08673142782311195,0.04171634354426727
70,0.17474400846143587,0.02946032017239196,0.4001560586077819,0.2672255337235009,0.08657700803613745,0.04183707099875178
71,0.174852622850738,0.029354891066861892,0.3996434141151255,0.26776797873357905,0.08642471290313916,0.04195638033055624
72,0.17495936431456474,0.02925116555685578,0.39913719137196313,0.2683034863740253,0.08627448583197499,0.04207430655061604
73,0.17506428699754925,0.02914909427864466,0.3986372294100248,0.2688322334984236,0.08612627245694898,0.04219088335840876
74,0.17516744281950858,0.02904862991955456,0.3981433732997015,0.2693543902302393,0.08598002052353206,0.042306143207464
75,0.1752688815937283,0.028949727107550925,0.3976554738497396,0.2698701203017279,0.0858356797804514,0.0424201173668019
76,0.17536865113755512,0.02885234230809103,0.397173387325458,0.27037958137170354,0.08569320187859078,0.042532835978601455
77,0.17546679737588827,0.028756433727680587,0.3966969751841309,0.27088292532373426,0.08555254027619166,0.04264432811237455
78,0.17556336443810602,0.02866196122362147,0.3962261038262893,0.2713802985461956,0.08541365014988944,0.04275462181589816
79,0.1756583947489185,0.02856888621948254,0.39576064436180663,0.2718718421954967,0.0852764883111596,0.042863744163135965
80,0.17575192911359583,0.028477171625865424,0.39530047238971744,0.27235769244367775,0.0851410131277822,0.04297172129936139
81,0.17584400679798234,0.028386781766075057,0.3948454677908137,0.2728379807114834,0.08500718444996856,0.04307857848367686
82,0.1759346656036719,0.02829768230633664,0.39439551453213517,0.27331283388792643,0.0848749635408209,0.04318434012910887
83,0.17602394193869073,0.028209840190231567,0.3939505004825408,0.2737823745372699,0.08474431301082369,0.04328902984044349
84,0.17611187088400368,0.028123223577051264,0.3935103172386145,0.27424672109428777,0.084615196756089,0.04339267044995371
85,0.1761984862561357,0.02803780178379349,0.3930748599602171,0.2747059880485926,0.08448757990010111,0.04349528405115982
86,0.17628382066617518,0.02795354523054659,0.39264402721504515,0.2751602861187576,0.08436142873872447,0.043596892030751094
87,0.17636790557540669,0.027870425389028855,0.39221772083161105,0.27560972241690673,0.08423671068825796,0.04369751509878856
88,0.17645077134780016,0.027788414734067988,0.39179584576010257,0.2760544006043938,0.08411339423633588,0.043797173317299605
89,0.17653244729956588,0.027707486697822095,0.39137830994061445,0.27649442103914224,0.08399144889548908,0.043895886127366196
90,0.17661296174596885,0.027627615626560017,0.39096502417829176,0.2769298809151808,0.08387084515919675,0.04399367237480174
91,0.17669234204558198,0.02754877673983188,0.39055590202495,0.2773608743948638,0.0837515544602683,0.04409055033450422
92,0.1767706146421424,0.027470946091873814,0.3901508596667716,0.2777874927342349,0.08363354913141041,0.04418653773356704
93,0.1768478051041654,0.027394100535102887,0.38974981581770984,0.2782098244019565,0.08351680236784181,0.04428165177322346
94,0.17692393816245733,0.027318217685568323,0.3893526916182518,0.27862795519219774,0.08340128819182976,0.04437590914969481
95,0.1769990377456584,0.027243275890235424,0.3889594105392201,0.27904196833184725,0.08328698141903101,0.04446932607400771
96,0.17707312701393776,0.02716925419598747,0.38856989829031496,0.2794519445823905,0.0831738576265278,0.04456191829084158
97,0.17714622839095656,0.027096132320238962,0.3881840827331178,0.279857962336766,0.08306189312245797,0.04465370109646251
98,0.1772183635941995,0.027023890623061462,0.38780189379829777,0.28026009771149957,0.08295106491714424,0.0447446893557974
99,0.17728955366377788,0.026952510080729925,0.38742326340677696,0.28065842463438423,0.08284135069563485,0.04483489751869631
100,0.18299078260164142,0.030090703838289313,0.33387924806191666,0.30024538229951125,0.11861068949757048,0.03418319370107083
101,0.18166186326722766,0.0306679395877206,0.3445026593666704,0.29319632556496195,0.11540517524159373,0.03456603697182574
102,0.18023172441724486,0.03123703294890525,0.35524555666050306,0.28613674572628656,0.11221726064731669,0.034931679599743706
103,0.17870227525878865,0.03179701287658024,0.3660969416468989,0.27907447363438287,0.10904993508566405,0.03527936149768533
104,0.17707572573908517,0.03234692295553647,0.37704540406789044,0.27201740883902265,0.10590617043148748,0.035608367966977666
105,0.1753545786798919,0.03288582617601198,0.38807917054467544,0.26497348381824976,0.10278890710489598,0.03591803367627498
106,0.17354161973065974,0.03341280962674295,0.399186156573102,0.2579506275685258,0.09970104017035464,0.036207746330614854
107,0.17163990521675543,0.03392698905757857,0.41035402119056924,0.25095672891180076,0.09664540563312878,0.03647694999016731
108,0.1696527479880224,0.034427513264761726,0.4215702237897043,0.24399959988349812,0.09362476707160983,0.03672514800240367
109,0.16758370140043877,0.03491356825399159,0.43282208252157983,0.23708693956705654,0.09064180274062492,0.03695190551630829
110,0.16543654158899887,0.03538438113918098,0.44409683370797504,0.23022629873605754,0.08769909327506692,0.037156851552720714
111,0.1632152482126571,0.03583922373834411,0.45538169166882436,0.22342504565417462,0.08479911011518364,0.03733968061081631
112,0.1609239838717383,0.036277415832225476,0.46666390836780763,0.21669033336642865,0.08194420476481863,0.03750015379698134
113,0.1585670724142419,0.0366983280560122,0.4779308322860401,0.21002906879290784,0.07913659898201852,0.03763809946877944
114,0.156148976359633,0.037101384399659945,0.48916996595077167,0.20344788390875243,0.07637837598798064,0.0377534133932026
115,0.15367427367683628,0.037486064297883495,0.5003690215723959,0.19695310926244353,0.0736714727656271,0.037846058424813714
116,0.1511476341571113,0.03785190429660142,0.5115159742781806,0.19055075004904848,0.07101767350347732,0.037916063715580824
117,0.1485737956223261,0.03819849928844893,0.5225991124739953,0.18424646491686278,0.06841860422430857,0.037963523474058375
118,0.14595754020496698,0.03852550331576268,0.5336070849148481,0.178045547645758,0.06587572862169448,0.03798859529696974
119,0.14330367092824542,0.038832629945077586,0.5445289441199795,0.1719529117943631,0.06339034511124392,0.03799149810109042
120,0.14061698880319826,0.03911965222254436,0.5553541858272759,0.16597307837188324,0.0609635850875507,0.03797250968754731
121,0.13790227064509405,0.03938640222468365,0.5660727842434831,0.16011016654973764,0.058596412362828205,0.03793196397417328
122,0.13516424779421127,0.0396327702234463,0.5766752229097258,0.15436788738907772,0.05628962374919565,0.03787024793434321
123,0.13240758590660337,0.039858703488586986,0.5871525210648535,0.14874954052334244,0.05404385073385475,0.03778779828275896
124,0.1296368659593456,0.04006420475381919,0.5974962554508392,0.1432580137009472,0.051859562185116975,0.037685097949931794
125,0.1268565665924613,0.040249330376075004,0.6076985775637436,0.1378957850624895,0.04973706801756784,0.03756267238766264
126,0.12407104788679076,0.040414188219417876,0.6177522264095535,0.1326649279999048,0.04767652373666689,0.03742108574766616
127,0.12128453665395834,0.040558935296753,0.6276505368756837,0.1275671184220872,0.045677935776835064,0.03726093697468274
128,0.11850111329179866,0.04068377520345773,0.6373874438753723,0.1226036442327754,0.04374116754256774,0.03708285585402834
129,0.11572470023652284,0.040788955377441,0.6469574824630767,0.11777541681204662,0.041865946059299095,0.03688749905161359
130,0.11295905202190418,0.040874764219974186,0.6563557841539549,0.11308298428250936,0.04005186913955118,0.036675546182106215
131,0.11020774693616849,0.04094152811096193,0.6655780697093681,0.10852654633509702,0.03829841297022217,0.03644769593818243
132,0.10747418024931232,0.04098960835119759,0.6746206386730896,0.1041059703870188,0.036604940028574486,0.03620466231080726
133,0.10476155896745329,0.041019398062631135,0.6834803559596033,0.09982080884562636,0.03497070723741759,0.03594717092726844
134,0.10207289805665949,0.041031319075832254,0.692154635806798,0.09567031725637418,0.03339487427398355,0.035675955530352466
135,0.09941101806658778,0.04102581883172109,0.7006414234108419,0.09165347312029887,0.031876511951891943,0.03539175461865839
136,0.09677854407420687,0.04100336732232738,0.7089391745614537,0.08776899517612717,0.03041461060122197,0.03509530826466284
137,0.09417790585985793,0.040964454092884635,0.717046833591705,0.08401536295383018,0.02900808837788248,0.03478735512383992
138,0.09161133922186405,0.0409095853250294,0.7249638099483666,0.0803908364197575,0.02765579944003209,0.034468629644950365
139,0.08908088833171234,0.04083928101830589,0.7326899536772722,0.07689347554802473,0.02635654193609847,0.03413985948858624
140,0.08658840902940847,0.040754072284623195,0.7402255301037034,0.07352115966819918,0.02510906575583571,0.033801763158230115
141,0.08413557295775437,0.04065449876781529,0.7475711939710338,0.07027160645519592,0.0239120800027174,0.03345504784548336
142,0.08172387243489822,0.0405411061980499,0.7547279632822902,0.06714239044332992,0.022764260152678663,0.0331004074887531
143,0.07935462596635758,0.04041444408854779,0.7616971930694199,0.06413096096239433,0.021664254870699295,0.032738521042581174
144,0.07702898430064965,0.040275063579935204,0.7684805492943806,0.061234659409202946,0.02061069246288586,0.032370050952945706
145,0.0747479369365189,0.04012351543557321,0.775079983065094,0.05845073578304016,0.019602186947498736,0.031995641832275004
146,0.07251231899433393,0.039960348189402674,0.7814977053282219,0.05577636442773294,0.018637343733737967,0.03161591932657036
147,0.07032281836940522,0.03978610644621944,0.7877361621799568,0.05320865893646665,0.017714764902013815,0.031231489165938226
148,0.06817998309056819,0.03960132933285097,0.7937980109158441,0.0507446861879076,0.01683305408386633,0.030842936388962773
149,0.06608422881327597,0.03940654909744785,0.7996860969213233,0.048381479493604045,0.0159908209436547,0.03045082473069411
150,0.06403584638250337,0.03920228985302018,0.8054034314863187,0.046116050846973435,0.015186685267613343,0.0300556961635711
151,0.06203500940688051,0.038989066460439155,0.8109531706100549,0.04394540227343106,0.014419280668876995,0.02965807058031711
152,0.06008178179155836,0.03876738354537523,0.8163385948463258,0.04186653628938149,0.013687257919630567,0.029258445607728705
153,0.058176125183259264,0.03853773464304765,0.8215630902248328,0.03987646548490286,0.012989287923661294,0.028857296540295996
154,0.05631790628674437,0.03830060146420413,0.8266301302709599,0.037972221251044776,0.012324064344309186,0.028455076382737737
155,0.05450690401744794,0.038056453275419996,0.8315432591344154,0.03615086167778051,0.011690305904156354,0.028052215990779703
156,0.05274281646027504,0.03780574638659457,0.8363060758266241,0.0344094786528718,0.011086758373797459,0.027649124299837055
157,0.05102526760947799,0.03754892373841062,0.8409222195574508,0.03274520419527018,0.010512196267725723,0.027246188631664718
158,0.049353813869109295,0.03728641458250367,0.8453953561538232,0.031155216059280663,0.009965424265784078,0.026843775069498987
159,0.047727950297775996,0.03701863424714544,0.8497291655359582,0.02963674264760659,0.009445278378801526,0.026442228892712243
160,0.04614711658528923,0.036745983981370564,0.8539273302211527,0.02818706727266084,0.00895062687699227,0.02604187506253408
161,0.044610702752312915,0.03646885087065632,0.8579935248203839,0.02680353180623654,0.008480370999469074,0.02564301875094126
162,0.043118054567268645,0.03618760781749154,0.8619314064891757,0.02548353975784602,0.008033445462842001,0.02524594590537608
163,0.041668478677572514,0.0359026135804347,0.8657446062912852,0.024224558821830028,0.007608818786363519,0.024850923842514246
164,0.04026124745475886,0.03561421286555168,0.8694367214315979,0.023024122932768173,0.0072054934504674414,0.0244582018648559
165,0.038895603555225,0.03532273646443787,0.8730113083131796,0.02187983386784685,0.006822505904852525,0.024068011894458032
166,0.037570764200203964,0.035028501433354536,0.8764718763725752,0.020789362433713526,0.006458926441502266,0.02368056911865054
167,0.03628592518018234,0.03473181130834637,0.8798218826471392,0.019750449274016806,0.006113858947228241,0.023296072643087046
168,0.03504026459032931,0.03443295635154484,0.8830647270283294,0.0187609053323418,0.0057864405494904994,0.022914706147964124
169,0.03383294630462315,0.03413221382420108,0.8862037481554338,0.017818612003642174,0.005475841168398913,0.02253663854370076
170,0.03266312319726763,0.03382984828232492,0.8892422199050848,0.01692152100557501,0.005181262986945153,0.022162024622802635
171,0.03152994012070739,0.03352611189113404,0.892183348433054,0.01606765399939766,0.0049019398506667386,0.02179100570504017
172,0.0304325366500951,0.033221244754832374,0.8950302697262101,0.015255101988307167,0.004637136607109827,0.021423710273445386
173,0.029370049604452088,0.03291547525854337,0.8977860476240557,0.014482024519322921,0.004386148394643789,0.02106025459898217
174,0.028341615355020926,0.03260902041951308,0.9004536722709644,0.013746648713043775,0.004148299889392716,0.020700743352065235
175,0.027346371931444617,0.03230208624497744,0.903036058962013,0.013047268143874153,0.003922944518292112,0.020345270199398437
176,0.0263834609364404,0.031994868094348504,0.9055360473471666,0.01238224159161845,0.0037094636455554746,0.019993918384870572
177,0.025452029279580395,0.031687551043621656,0.907956400960456,0.011749991683702415,0.0035072657391482507,0.01964676129349114
178,0.02455123074066216,0.031380310250137065,0.9102998070427125,0.011149003445702304,0.0033157855232170924,0.019303862997569077
179,0.023680227372957507,0.03107331131604315,0.912568876628303,0.01057782277635161,0.003134483121811224,0.01896527878453348
180,0.022838190756380793,0.03076671064901041,0.9147661448682161,0.010035054861759141,0.0029628431986603427,0.01863105566597337
181,0.022024303110329477,0.030460655818927967,0.9168940715636623,0.009519362542210395,0.0028003740972400945,0.018301232867629823
182,0.02123775827562625,0.03015528590948576,0.9189550418861749,0.009029464643641301,0.002646606984860029,0.017975842300211663
183,0.020477762574642133,0.029850731863701203,0.9209513672619094,0.008564134284668085,0.002501095004050823,0.017654909011028477
184,0.019743535558310155,0.029547116822591122,0.9228852863995259,0.00812219716892911,0.00236341243410432,0.01733845161653946
185,0.019034310648358782,0.029244556456320375,0.9247589664426342,0.007702529871444892,0.0022331538652320955,0.017026482716009424
186,0.01834933568270117,0.028943159287275255,0.9265745042293055,0.007304058126725281,0.0021099333874527123,0.016719009286540364
187,0.017687873371522694,0.028643027004616507,0.9283339276426025,0.006925755125450326,0.001993383795993795,0.01641603305981427
188,0.0170492016712148,0.02834425476996239,0.9300391970374645,0.0065666398257178,0.001883155814700959,0.01611755088093938
189,0.016432614082911776,0.02804693151393721,0.931692206730553,0.006225775284083311,0.0017789173386786204,0.015823555049836124
190,0.015837419882001234,0.02775114022339809,0.9332947865408973,0.0059022670109168075,0.0016803526971477406,0.015534033645638696
191,0.015262944284602606,0.027456958219219358,0.9348487033703168,0.005595261353956313,0.0015871619372890863,0.015248970834616023
192,0.014708528556640454,0.02716445742457505,0.9363556628136422,0.005303943913354894,0.0014990601296474913,0.014968347162139815
193,0.014173530070784205,0.02687370462371191,0.9378173107897767,0.005027537990984632,0.0014157766954998698,0.014692139829242796
194,0.013657322316182137,0.026584761711251424,0.9392352351855271,0.004765303076280338,0.0013370547564369461,0.014420322954322114
195,0.013159294865588533,0.026297685932099905,0.9406109675050182,0.0045165333704708455,0.00126265050627332,0.014152867820549418
196,0.012678853304166945,0.02601253011207946,0.9419459845182667,0.00428055635065478,0.0011923326052816667,0.013889743109550481
197,0.012215419123951198,0.025729342879422534,0.9432417099032389,0.004056731374827311,0.00112588159664318,0.013630915121916807
198,0.011768429587659036,0.02544816887729762,0.9444995158763692,0.003844448328651069,0.0010630893449159744,0.013376347985107308
199,0.011337337565281132,0.025169048967554605,0.9457207248071423,0.003643126314486062,0.0010037584962456797,0.01312600384929024
200,0.12583902815109105,0.11243947676145132,0.38973537075172043,0.24524513312700205,0.10197711938187973,0.024763871826855573
201,0.1286137341145669,0.10500141747736116,0.3930912122405677,0.24603161110156163,0.10180224676040608,0.025459778305536626
202,0.1313702087000327,0.09799616003594909,0.3962364263996243,0.24667149949861208,0.10156627768676142,0.02615942767902039
203,0.13410891048370768,0.09140588475313295,0.3991780601655752,0.2471714124244405,0.10127282194134014,0.02686291023180347
204,0.13683041991527198,0.08521254497668553,0.4019233241553798,0.247537947611923,0.10092542063719069,0.027570342703548936
205,0.13953542078057074,0.07939802449714901,0.40447952011946986,0.24777764074077327,0.10052752857491579,0.028281865287121462
206,0.14222468282329082,0.07394427555776174,0.4068539767735146,0.2478969263197438,0.1000824997830036,0.028997638742685464
207,0.14489904560947875,0.06883343829790212,0.40905399371892703,0.2479021047364889,0.09959357598492594,0.02971784165227736
208,0.14755940368116927,0.06404794267950602,0.4110867930562241,0.24779931502888378,0.0990638777217058,0.030442667832510963
209,0.15020669301369044,0.05957059409571039,0.4129594782185235,0.24759451290003595,0.09849639785488053,0.03117232391715902
210,0.15284187876511257,0.055384643954614815,0.4146789995010953,0.2472934534847608,0.09789399717814318,0.0319070271162732
211,0.15546594428541557,0.051473846577484085,0.4162521257331874,0.24690167837480229,0.09725940187487712,0.03264700315423367
212,0.1580798813367356,0.047822503758470164,0.4176854215266351,0.24642450642066482,0.09659520257188711,0.03339248438560697
213,0.1606846814640102,0.044415498309888585,0.41898522953859013,0.24586702784698272,0.09590385475565441,0.03414370808487402
214,0.16328132844688067,0.041238317870332344,0.4201576571999376,0.24523410124359338,0.09518768033535813,0.03490091490389771
215,0.16587079175832622,0.038277070188657066,0.42120856738385104,0.24453035302395792,0.0944488701558508,0.035664347489357005
216,0.16845402095265827,0.035518491020448836,0.42214357251801965,0.24376017897461918,0.09368948728304798,0.03643424925120601
217,0.17103194090473944,0.03294994568946316,0.4229680316773885,0.24292774755270113,0.0929114709032561,0.03721086327245154
218,0.17360544782318674,0.030559425278361575,0.42368705023002434,0.2420370046219261,0.0921166406963874,0.03799443135011371
219,0.17617540596248868,0.02833553832380721,0.42430548164564275,0.24109167935046452,0.09130670156051741,0.03878519315707949
220,0.17874264496210518,0.026267498802896937,0.42482793111327305,0.24009529102549865,0.09048324858160191,0.039583385514624043
221,0.1813079577444395,0.02434511111273417,0.4252587606506893,0.23905115656924442,0.08964777215727973,0.04038924176561303
222,0.18387209890784248,0.022558752663929198,0.4256020954229573,0.23796239856904108,0.08880166319746563,0.041202991238764274
223,0.18643578355536575,0.02089935463280685,0.4258618310203156,0.23683195365981682,0.08794621833688411,0.0420248587948109
224,0.18899968650462837,0.019358381346630676,0.4260416414763049,0.2356625811206826,0.08708264510582088,0.042855064445932504
225,0.1915644418288294,0.01792780871148656,0.42614498783545,0.2344568715686083,0.08621206701523491,0.04369382304039057
226,0.19413064268349692,0.01660010203367162,0.4261751271057675,0.23321725565113025,0.085335528521044,0.04454134400488991
227,0.19669884137795812,0.015368193532416476,0.4261351214549531,0.2319460126569345,0.08445399983995529,0.04539783113778236
228,0.199269549654709,0.014225459794326673,0.42602784753033274,0.23064527897806752,0.08356838159575067,0.046263482446813324
229,0.20184323914378538,0.013165699377777762,0.42585600580163335,0.2293170563705816,0.08267950928054052,0.047138490025681386
230,0.2044203419629237,0.012183110738302068,0.4256221298424906,0.22796321997178673,0.08178815752027166,0.048023039964225266
231,0.20700125143767925,0.011272270613394392,0.42532859548147295,0.22658552604208898,0.08089504413779317,0.048917312287571214
232,0.20958632291879475,0.010428112976756207,0.4249776297664422,0.22518561940780846,0.08000083401014085,0.049821480920057545
233,0.21217587467695181,0.009645908647410552,0.4245713196974279,0.22376504058852872,0.07910614271947407,0.05073571367020709
234,0.21477018885761018,0.008921245617975943,0.4241116206930405,0.22232523259857612,0.07821153999936145,0.051660172233435865
235,0.21736951248097203,0.0082500101483284,0.4236003647639131,0.22086754741728248,0.07731755297993151,0.052595012209572446
236,0.21997405847418494,0.007628368655564852,0.42303926837391165,0.21939325212688154,0.07642466923684352,0.05354038313261338
237,0.22258400672477022,0.007052750418293155,0.42242993997600553,0.2179035347203252,0.07553333965014465,0.054496428510461326
238,0.22519950514591103,0.006519831102519348,0.4217738872148855,0.21639950958408702,0.07464398107991492,0.05546328587268217
239,0.22782067074571008,0.006026517107516434,0.42107252379275456,0.21488222266324034,0.07375697886619952,0.05644108682457897
240,0.23044759069381696,0.005569930722795824,0.4203271759983168,0.21335265631782244,0.0728726891611316,0.05742995710611646
241,0.23308032337996049,0.00514739608144766,0.4195390889019454,0.21181173388081934,0.07199144110138798,0.058430016654439185
242,0.23571889945992186,0.004756425890470654,0.4187094322223993,0.21026032392906807,0.07111353882922529,0.05944137966891483
243,0.23836332288534332,0.004394708915105445,0.41783930587236784,0.2086992442790441,0.07023926337033871,0.06046415467780057
244,0.24101357191452125,0.004060098191461521,0.41692974519161635,0.2071292657199278,0.06936887437669496,0.06149844460577824
245,0.24366960010198524,0.0037505999397530426,0.4159817258776441,0.20555111549655902,0.06850261174232437,0.06254434684173425
246,0.24633133726521184,0.0034643631491134037,0.41499616862460703,0.20396548055494623,0.06764069709984571,0.06360195330627591
247,0.24899869042730893,0.003199669804139743,0.41397394348183914,0.20237301056290424,0.06678333520523365,0.06467135051857435
248,0.2516715447349025,0.0029549257229360974,0.4129158739436842,0.20077432071820786,0.06593071521805466,0.06575261966221475
249,0.25434976435080275,0.0027286519764002726,0.41182274078254044,0.19916999435636148,0.06508301188408615,0.06684583664980871
250,0.2570331933213156,0.002519476858767679,0.4106952856370741,0.19756058536973994,0.06424038662691105,0.06795107218619151
251,0.2597216564182927,0.0023261283799275102,0.40953421436748677,0.19594662044945818,0.06340298855475146,0.0690683918300834
252,0.26241495995622277,0.002147427250714362,0.4083402001895565,0.19432860116089068,0.06257095538847242,0.07019785605414319
253,0.26511289258481197,0.0019822803332094027,0.4071138865989316,0.19270700586330403,0.06174441431635787,0.07133952030338513
254,0.2678152260576342,0.0018296745290243717,0.4058558900968503,0.19108229148359118,0.06092348278093643,0.07249343505196365
255,0.27052171597753244,0.0016886710795595819,0.40456680272811607,0.18945489515361055,0.06010826920281789,0.07365964585836338
256,0.2732321025195197,0.0015584002532985609,0.403247194441775,0.18782523572015697,0.05929887364619568,0.0748381934190543
257,0.2759461111319907,0.0014380563963065569,0.4018976152845332,0.18619371513610394,0.05849538843037346,0.07602911362069222
258,0.2786634532170868,0.0013268933232206896,0.4005185974365402,0.18456071974079377,0.05769789869139276,0.0772324375909658
259,0.2813838267910825,0.0012242200271423032,0.39911065709872406,0.18292662143728808,0.05690648289756587,0.07844819174819709
260,0.28410691712566843,0.0011293966879555644,0.39767429624044354,0.18129177877364872,0.05612121332246305,0.07967639784982093
261,0.2868323973710065,0.0010418309596917493,0.39621000421578506,0.17965653793498876,0.0553421564786577,0.0809170730398702
262,0.2895599291614267,0.0009609745186286526,0.3947182592564154,0.17802123365262199,0.054569373515304026,0.08217022989560319
263,0.2922891632046089,0.0008863198548538974,0.39319952984847883,0.17638619003624426,0.05380292058240305,0.08343587647341104
264,0.29501973985508045,0.0008173972910252735,0.3916542760006335,0.17475172133470596,0.05304284916440999,0.08471401635414483
265,0.2977512896728286,0.0007537722130276838,0.3900829504099213,0.1731181326305756,0.0522892063856424,0.0860046486880043
266,0.30048343396779315,0.0006950424981529547,0.38848599953179697,0.1714857204733595,0.05154203528977071,0.08730776823912678
267,0.30321578533097426,0.000640836127314117,0.38686386456027605,0.16985477345591857,0.0508013750955026,0.08862336543001437
268,0.3059479481528524,0.0005908089686494888,0.38521698232381973,0.1682255727383269,0.0500672614304174,0.08995142638593395
269,0.30867951912978125,0.0005446427206737281,0.38354578610224016,0.16659839252312583,0.049339726544758364,0.09129193297942079
270,0.3114100877589706,0.0005020430038934197,0.3818507063696019,0.16497350048566617,0.04861879950685576,0.0926448628750122
271,0.3141392368226436,0.00046273759052437805,0.38013217146779577,0.16335115816297718,0.0479045063817255,0.09401018957433357
272,0.3168665428619094,0.0004264747626276023,0.3783906082151777,0.16173162130436533,0.047196870394270084,0.09538788246164999
273,0.3195915766408494,0.00039302178962198365,0.3766264424544045,0.16011514018672734,0.04649591207839951,0.09677790684999711
274,0.3223139036012878,0.00036216351673559977,0.37484009954334363,0.158501959897355,0.0458016494132864,0.09818022402799162
275,0.32503308430866196,0.0003337010565253042,0.3730320047927,0.15689232058681538,0.045114097947876956,0.0995947913074204
276,0.32774867488938947,0.00030745057612771007,0.3712025838537812,0.15528645769431318,0.0444332709146898,0.10102156207169853
277,0.33046022746007647,0.0002832421734051861,0.36935226305961283,0.15368460214777074,0.04375917933385496,0.10246048582527978
278,0.33316729054888616,0.00026091883561969514,0.36748146972242235,0.15208698054070727,0.043091832108269224,0.1039115082440954
279,0.3358694095093516,0.00024033547470667032,0.36559063239032397,0.15049381528785039,0.04243123611067472,0.1053745712270927
280,0.33856612692687915,0.00022135803363236827,0.3636801810658695,0.1489053247612809,0.04177739626340353,0.10684961294893448
281,0.3412569830181661,0.00020386265870259195,0.3617505473889652,0.14732172340878003,0.04113031561147014,0.10833656791391592
282,0.34394151602371825,0.0001877349330499563,0.35980216478650917,0.1457432218559357,0.0404899953896413,0.1098353670111457
283,0.3466192625936308,0.0001728691668623523,0.35783546859096127,0.14417002699345063,0.03985643508405797,0.11134593757103693
284,0.3492897581667709,0.0001591677402283581,0.3558508961299274,0.14260234205099553,0.039229632488940895,0.11286820342313719
285,0.35195253734346466,0.00014654049476738295,0.35384888678871834,0.14104036665885472,0.038609583758865106,0.11440208495532994
286,0.3546071342517862,0.00013490417048458663,0.3518298820477295,0.13948429689852287,0.03799628345704965,0.11594749917442672
287,0.3572530829075054,0.00012418188454431888,0.3497943254963831,0.13793432534332997,0.037389724600072005,0.11750435976816526
288,0.35988991756774164,0.0001143026488921249,0.3477426628252682,0.13639064109009552,0.03678989869938081,0.11907257716862059
289,0.36251717307835846,0.0001052009238754026,0.34567534179803994,0.13485342978274026,0.03619679579995165,0.12065205861703357
290,0.3651343852150904,9.681620521754722e-05,0.3435928122045239,0.13332287362871964,0.03561040451639785,0.12224270823005058
291,0.3677410910184182,8.90926418909654e-05,0.3414955257964228,0.13179915140907805,0.035030712066824614,0.1238444270673654
292,0.37033682912215404,8.197868261154446e-05,0.33938393620692653,0.13028243848287266,0.03445770430468786,0.1254571132007471
293,0.3729211400757122,7.542674884193137e-05,0.3372584988554631,0.12877290678665193,0.033891365748896715,0.1270806617844345
294,0.37549356666001393,6.939293234415205e-05,0.335119670838764,0.12727072482963286,0.03333167961237712,0.12871496512686775
295,0.37805365419698395,6.383671546443977e-05,0.3329679108093568,0.12577605768517114,0.032778627829295304,0.13035991276372833
296,0.38060095085255646,5.872071246539472e-05,0.3308036788425349,0.12428906697907327,0.03223219108112022,0.13201539153224967
297,0.3831350079331352,5.401043034343947e-05,0.32862743629281127,0.12280991087526412,0.03169234882168899,0.13368128564675677
298,0.385655380175421,4.9674047683620106e-05,0.32643964564080064,0.12133874405928007,0.03115907930142237,0.1353574767753922
299,0.3881616260295241,4.5682210209731e-05,0.3242407703314397,0.11987571772002747,0.030632359590824637,0.13704384411797513
300,0.16948701926182536,0.03446770728799636,0.42248673303961093,0.24343405256872486,0.09338003764217565,0.03674445019966683
301,0.12173911242560138,0.02998535036000606,0.5807864955243316,0.18325161154521089,0.051166384547864506,0.03307104559698567
302,0.16948701926182536,0.03446770728799636,0.42248673303961093,0.24343405256872486,0.09338003764217565,0.03674445019966683
303,0.12114597001636924,0.07521595488339201,0.23191004523492267,0.46581381951138096,0.06686126065510752,0.039052949698828374
304,0.0655549695814414,0.04576103788541587,0.5269124396897745,0.2698763247218262,0.06567604886111025,0.026219179260431855
305,0.06714701641402641,0.04552110260555246,0.5249277347373458,0.2696117938078488,0.06632369262253653,0.026468659812689924
306,0.06877384714188779,0.04527987078796053,0.5229210036794751,0.26933232716108535,0.0669739444253784,0.026719006804212846
307,0.07043604971443261,0.04503733232051518,0.5208920463207422,0.26903770816938044,0.06762668985075346,0.026970173624176055
308,0.07213421427455612,0.044793477471274476,0.5188406659433907,0.2687277202597363,0.06828181008009485,0.027222111970947423
309,0.07386893276903769,0.044548296910823244,0.516766669596076,0.26840214706263643,0.06893918183168335,0.027474771829743366
310,0.07564079853922064,0.0443017817351415,0.5146698683911458,0.2680607725834871,0.0695986772996757,0.027728101451329208
311,0.07745040589164241,0.04405392348898548,0.5125500778104006,0.2677033813812585,0.07026016409586072,0.027982047331852306
312,0.07929834964830464,0.043804714189768106,0.510407118019251,0.26732975875439746,0.07092350519437912,0.028236554193899584
313,0.08118522467630297,0.04355414635192448,0.5082408141891748,0.2669396909340732,0.07158855887965047,0.028491564968874044
314,0.08311162539656705,0.04330221301174437,0.5060509968283418,0.26653296528480114,0.07225517869775942,0.028747020780786385
315,0.08507814527149214,0.043048907752653354,0.5038375021202558,0.26610937051247957,0.07292321341155794,0.029002860931561236
316,0.08708537627128435,0.042794224730920864,0.5016001722702327,0.26566869687985434,0.07359250695974802,0.029259022887959802
317,0.08913390831887706,0.04253815870177185,0.499338855859501,0.2652107364294137,0.07426289842021508,0.02951544227022132
318,0.09122432871331955,0.04228070504587595,0.49705340820669064,0.26473528321369694,0.074934221977887,0.029772052842529862
319,0.0933572215315868,0.042021859796186035,0.4947436917364324,0.2642421335329812,0.07560630689740043,0.030028786505413105
320,0.09553316700880182,0.04176161966509558,0.49240957635476873,0.2637310861802933,0.07627897750085903,0.03028557329018162
321,0.09775274089692121,0.041499982071881436,0.4900509398310354,0.26320194269366964,0.07695205315097337,0.030542341355519132
322,0.10001651380198208,0.04123694517039617,0.4876676681858428,0.2626545076155693,0.07762534823987516,0.03079901698633443
323,0.10232505050007183,0.04097250787697202,0.4852596560847488,0.26208858875931995,0.07829867218390085,0.031055524594986422
324,0.10467890923224019,0.04070666989849472,0.4828268072371761,0.26150399748245146,0.07897182942464234,0.031311786724995294
325,0.10707864097863698,0.040439431760603786,0.4803690348000938,0.26090054896675147,0.07964461943656263,0.03156772405735121
326,0.10952478871223106,0.04017079483597301,0.4778862617859399,0.2602780625048469,0.08031683674147597,0.03182325541953306
327,0.11201788663252722,0.03990076137262113,0.4753784214742248,0.25963636179308947,0.08098827093018852,0.03207829779734868
328,0.11455845937978179,0.0396293345222013,0.47284545782621445,0.258975275230497,0.08165870669159832,0.032332766349707116
329,0.11714702123028559,0.03935651836821419,0.4702873259020525,0.25829463622347176,0.08232792384954463,0.03258657442643141
330,0.11978407527336495,0.039082317954087356,0.46770399227964055,0.2575942834959883,0.08299569740769899,0.03283963358921992
331,0.1224701125708362,0.03880673931106005,0.4650954354745512,0.25687406140491187,0.08366179760278042,0.03309185363586031
332,0.12520561129972477,0.03852978948581134,0.46246164636021325,0.25613382026007914,0.084325989966373,0.03334314262779837
333,0.12799103587915744,0.03825147656776482,0.4598026285875613,0.2553734166487386,0.08498803539561672,0.03359340692116104
334,0.13082683608241508,0.03797180971600247,0.4571183990033057,0.254592713763918,0.08564769023303156,0.033842551201327196
335,0.1337134461352281,0.03769079918571637,0.45440898806593777,0.2537915817362528,0.086304706355727,0.034090478521137994
336,0.13665128380149086,0.03740845635412525,0.45167444025854236,0.2529698979687751,0.08695883127423477,0.034337090342831555
337,0.13964074945765645,0.037124793745780656,0.4489148144974582,0.2521275474741321,0.08760980824119063,0.034582286583782006
338,0.14268222515717813,0.03683982505718419,0.44613018453577885,0.25126442321366566,0.08825737637007608,0.03482596566611697
339,0.14577607368644901,0.03655356518063724,0.443320639360662,0.25038042643775715,0.08890127076421377,0.0350680245702808
340,0.14892263761379154,0.03626603022724067,0.440486283583371,0.24947546702680154,0.08954122265619256,0.035308358892602726
341,0.15212223833314417,0.035977237548961656,0.4376272378209442,0.2485494638321483,0.09017695955787924,0.035546862906922536
342,0.15537517510418006,0.03568720575968277,0.4347436390683581,0.2476023450163109,0.09080820542115087,0.035783429630316985
343,0.15868172409069717,0.03539595475514735,0.43183564106001665,0.24663404839171701,0.09143468080946117,0.036017950892960546
344,0.16204213739919823,0.035103505731713856,0.42890341461937787,0.24564452175723786,0.09205610308032668,0.036250317412145544
345,0.16545664211967873,0.03480988120383154,0.42594714799550604,0.24463372323171229,0.0926721865787959,0.036480418870475456
346,0.1689254393707247,0.0345151050201492,0.42296704718531347,0.24360162158364432,0.09328264284193395,0.036708143998234286
347,0.1724487033511027,0.03421920237816805,0.4199633362402459,0.24254819655623377,0.09388718081432637,0.036933380659923236
348,0.1760265804001134,0.033922199837350404,0.4169362575561451,0.24147343918686956,0.09448550707457663,0.03715601594494477
349,0.17965918806904763,0.03362412533059655,0.4138860721450234,0.24037735212019523,0.0950773260727377,0.03737593626239948
350,0.18334661420616052,0.0333250081740017,0.4108130598874697,0.2392599499138331,0.09566234037858429,0.037593027439950626
351,0.18708891605764708,0.03302487907480756,0.40771751976441495,0.23812125933583633,0.09624025094059932,0.03780717482669495
352,0.1908861193871541,0.03272377013746367,0.4045997700669858,0.23696131965292114,0.09681075735550947,0.03801826339996591
353,0.19473821761643087,0.03242171486771573,0.40146014858318446,0.23578018290851877,0.0973735581481688,0.038226177875981315
354,0.1986451709897538,0.03211874817464035,0.398299012760151,0.23457791418967477,0.09792835106155014,0.03843080282423003
355,0.202606905764807,0.031814906370548825,0.39511673984077883,0.23335459188181856,0.09847483335656589,0.0386320227854808
356,0.20662331343273163,0.03151022716868483,0.39191372697348753,0.2321103079104198,0.09901270212139814,0.038829722393278004
357,0.2106942499700725,0.031204749678645446,0.38869039129398036,0.23084516796854843,0.09954165458997868,0.03902378649877461
358,0.21481953512536828,0.03089851439945779,0.38544716997785794,0.22955929172936065,0.10006138846921803,0.03921410029873745
359,0.21899895174313144,0.030591563210249265,0.3821845202629986,0.22825281304253583,0.10057160227454129,0.03940054946654347
360,0.2232322451279551,0.03028393935845286,0.3789029194406683,0.22692588011370712,0.10107199567324712,0.039583020285969425
361,0.22751912245146705,0.029975687445495114,0.37560286481437344,0.2255786556659357,0.10156226983516489,0.039761399787563816
362,0.23185925220481743,0.029666853409920004,0.3722848736255387,0.22421131708230735,0.1020421277900446,0.03993557588737191
363,0.23625226369934707,0.02935748450790746,0.3689494829451531,0.22282405652874734,0.1025112747910738,0.040105437527771313
364,0.2406977466180282,0.029047629291152437,0.3655972495306038,0.22141708105618102,0.10296941868387419,0.04027087482016034
365,0.24519525062020178,0.028737337582076857,0.3622287496469971,0.21999061268120151,0.10341627028029636,0.04043177918922644
366,0.24974428500205925,0.028426660446354148,0.3588445788523486,0.21854488844444078,0.10385154373628852,0.04058804351850877
367,0.2543443184152214,0.0281156501627339,0.35544535174612013,0.21708016044588607,0.1042749569330829,0.0407395622969555
368,0.25899477864566617,0.02780436019016152,0.35203170168067166,0.21559669585642785,0.10468623186090892,0.04088623176616391
369,0.26369505245513813,0.027492845132196624,0.3486042804353014,0.21409477690497813,0.10508509500440637,0.041027950067979116
370,0.2684444854870442,0.02718116069874214,0.34516375785265313,0.2125747008405533,0.10547127772888915,0.041164617392118276
371,0.27324238223869757,0.02686936366510426,0.34171082143737697,0.2110367798687747,0.10584451666657285,0.041296136123473756
372,0.2780880061016193,0.026557511828413677,0.33824617591705103,0.20948134106230804,0.1062045541018638,0.041422410988744184
373,0.28298057947143873,0.026245663961445988,0.33477054276548157,0.20790872624482434,0.1065511383547784,0.0415433492020311
374,0.28791928392876015,0.02593387976388951,0.331284659688627,0.20631929184814435,0.10688402416154473,0.04165886060903426
375,0.2929032604921727,0.025622219811117803,0.32778928007351266,0.20471340874229801,0.10720297305142516,0.04176885782947347
376,0.29793160994438506,0.02531074550053307,0.32428517240062815,0.20309146203831258,0.1075077537187808,0.04187325639736033
377,0.3030033932322547,0.02499951899555656,0.3207731196204297,0.20145385086362358,0.10779814238939456,0.0419719748987407
378,0.3081176319412705,0.024688603167350904,0.31725391849469664,0.19980098811008712,0.10807392318006442,0.04206493510653023
379,0.3132733088448187,0.02437806153436886,0.31372837890361954,0.19813330015465883,0.10833488845047241,0.042152062112061746
380,0.31846936852833174,0.024067958199831378,0.3101973231196279,0.1964512265528931,0.10858083914634625,0.04223328445296936
381,0.32370471808818757,0.023758357787247397,0.30666158504909186,0.1947552197055077,0.10881158513292971,0.04230853423703648
382,0.3289782279049732,0.02344932537409583,0.30312200944315554,0.19304574449834364,0.10902694551779245,0.04237774726163951
383,0.3342887324904929,0.023140926423798728,0.29957945107909223,0.1913232779161579,0.10922674896203034,0.04244086312842769
384,0.339635031407644,0.022833226716121917,0.2960347739136767,0.18958830863075485,0.10941083397891521,0.042497825352887715
385,0.345015890262038,0.022526292276147757,0.2924888502102001,0.18784133656407262,0.10957904921909091,0.04254858146845091
386,0.3504300417639885,0.02222018930197115,0.28894255964086135,0.18608287242693108,0.10973125374143242,0.04259308312481486
387,0.3558761868592485,0.021914984091276384,0.285396788366371,0.18431343723422228,0.10986731726871775,0.04263128618016398
388,0.3613529959266201,0.02161074296695815,0.2818524280947059,0.18253356179742528,0.10998712042730394,0.04266315078698702
389,0.36685911004032523,0.021307532201956768,0.27831037512105733,0.18074378619541726,0.11009055497003375,0.04268864147120925
390,0.37239314229479337,0.021005417943480386,0.27477152935108795,0.1789446592246175,0.11017752398164762,0.042707727204373276
391,0.37795367918926726,0.02070446613679268,0.27123679330970174,0.1771367378295955,0.1102479420660224,0.04272038146862081
392,0.3835392820694396,0.020404742448747265,0.267707071137603,0.17532058651535087,0.11030173551460827,0.04272658231425089
393,0.38914848862308915,0.020106312191252793,0.264183267577979,0.17349677674253197,0.11033884245549552,0.042726312409650746
394,0.3947798144264918,0.01980924024485474,0.26066628695570104,0.17166588630694143,0.11035921298259375,0.042719559083417714
395,0.400431754538192,0.019513590982620874,0.25715703215147173,0.1698284987047306,0.11036280926446969,0.04270631435851521
396,0.40610278513653986,0.019219428194518544,0.2536564035734026,0.16798520248474694,0.11034960563245956,0.042686574978332746
397,0.41179136519722076,0.0189268150124702,0.2501652981285015,0.1661365905895459,0.1103195886477205,0.04266034242454023
398,0.4174959382068757,0.018635813836273912,0.2466846081965911,0.16428325968662655,0.11027275714697321,0.042627622926659836
399,0.4232149339087399,0.01834648626057256,0.24321522060916376,0.1624258094914869,0.11020912226673801,0.042588427463299196
400,0.4289467700761551,0.018058893003053307,0.2397580156356859,0.1605648420841357,0.11012870744594955,0.04254277175502102
401,0.4346898543096519,0.017773093834055263,0.2363138659798355,0.1587009612207085,0.11003154840689865,0.04249067624884996
402,0.44044258585326823,0.01748914750775888,0.23288363578813923,0.1568347716418692,0.10991769311452108,0.0424321660944441
403,0.4462033574256546,0.01720711169512552,0.22946817967342492,0.15496687837968134,0.10978720171412626,0.042367271111986654
404,0.16948701926182536,0.03446770728799636,0.42248673303961093,0.24343405256872486,0.09338003764217565,0.03674445019966683
405,0.09182959057461205,0.031781879087366315,0.5222928512906841,0.24965782245359988,0.08030253677473206,0.024135319819005685
406,0.16948701926182536,0.03446770728799636,0.42248673303961093,0.24343405256872486,0.09338003764217565,0.03674445019966683
407,0.09369587981091472,0.026321664695419474,0.4394799615305131,0.27965721185363923,0.08890150767589673,0.07194377443361658
408,0.16948701926182536,0.03446770728799636,0.42248673303961093,0.24343405256872486,0.09338003764217565,0.03674445019966683
409,0.17041304515947067,0.023992429113489318,0.3953186086683315,0.24086121618761291,0.09243845543594742,0.07697624543514803
410,0.6414117610960509,0.004839414057278912,0.028477752398818612,0.004860401710358819,0.016108660753867878,0.30430200998362467
411,0.6349370625346445,0.00814863511046308,0.053974498225176526,0.011208922402085082,0.026238020373866657,0.26549286135376376
412,0.618436296608559,0.01098618778371678,0.0782355739917395,0.018320240628613708,0.03466308689706045,0.23935861409030962
413,0.5987974229502443,0.013454674080868418,0.1009627889639798,0.025785604834027337,0.041832615789173994,0.21916689338170506
414,0.5782769647446684,0.015620022246444557,0.12211813986889429,0.03338310629789733,0.048009350224599796,0.20259241661749547
415,0.5578360938226233,0.01753064702983327,0.14175620977485898,0.04097999409402066,0.053374339029586514,0.18852271624907654
416,0.537929286328817,0.019224293145235934,0.1599676583015613,0.0484935870244544,0.058062387456637936,0.1763227877432926
417,0.5187756849323247,0.020731353901264602,0.17685547985496247,0.05587179691604524,0.06217833870978733,0.16558734568561487
418,0.5004737574189736,0.022076797150973167,0.19252401260813493,0.06308217837119037,0.06580600250597679,0.15603725194475118
419,0.48305643154148487,0.023281416929464796,0.207073705214561,0.07010529245346,0.06901365039679921,0.14746950346423016
420,0.4665200084050753,0.024362708735287786,0.22059871768731626,0.07693047819573327,0.07185767402595182,0.13973041295063482
421,0.4508402578576791,0.025335512184575547,0.23318598595229084,0.08355306215164898,0.07438515784786347,0.13270002400594255
422,0.4359817532711789,0.026212498907944855,0.24491505692122195,0.08997246969414725,0.07663576123202392,0.12628245997348334
423,0.4219034323645196,0.027004551883636072,0.25585832535424974,0.09619092266652836,0.07864313608062086,0.12039963165044536
424,0.4085619590993304,0.027721065613535205,0.2660814700175734,0.10221252903687575,0.08043601854028115,0.11498695769240458
425,0.395913762306829,0.028370186911261988,0.27564397609942975,0.10804264037058056,0.08203908445668996,0.10999034985520798
426,0.3839162587415868,0.028959010161785537,0.2845996807142725,0.1136873954520638,0.08347362912683744,0.10536402580345448
427,0.3725285649534824,0.029493737088206528,0.2929973068054191,0.11915339508451611,0.08475811369399967,0.10106888237437726
428,0.36171188543350313,0.029979808477519836,0.3008809672648677,0.12444747035516965,0.08590860863733984,0.0970712598315993
429,0.35142969495612564,0.03042201350935509,0.30829063071134505,0.12957651808155615,0.08693915676052175,0.09334198598109555
430,0.34164779053704647,0.03082458103098422,0.3152625459495463,0.13454738487495058,0.08786207247588435,0.08985562513158896
431,0.3323342618396799,0.031191256164704532,0.3218296253120962,0.13936678656289328,0.08868819017579284,0.08658987994483373
432,0.32345941191555244,0.03152536491629235,0.32802178882399974,0.14404125341221896,0.08942707156302676,0.08352510936890986
433,0.3149956491885843,0.031829868907330805,0.3338662720035247,0.14857709420621562,0.09008717964601591,0.08064393604832881
434,0.30691736439566913,0.03210741193356555,0.33938790047279566,0.1529803740941811,0.09067602547375192,0.07793092363003672
435,0.29920080142871075,0.03236035972380731,0.34460933460921456,0.1572569024753864,0.09120029244126353,0.07537230932161743
436,0.2918239278428033,0.03259083401634761,0.3495512873561021,0.16141222815588302,0.09166594203716134,0.07295578059170278
437,0.28476630866360714,0.03280074186575357,0.35423271810788054,0.16545163973129834,0.092078304157547,0.07067028747391357
438,0.27800898569583815,0.03299180093000459,0.35867100534049334,0.1693801696752177,0.0924421545235324,0.068505883834914
439,0.2715343635754129,0.03316556135707388,0.36288210040080837,0.17320260100267526,0.09276178127478255,0.06645359238924724
440,0.2653261031682257,0.033323424784326164,0.3668806646164864,0.17692347566844022,0.09304104244083689,0.06450528932168476
441,0.2593690224967604,0.03346666087821444,0.37068019164958776,0.1805471040765596,0.09328341569449163,0.06265360520438601
442,0.25364900510267957,0.0335964217716468,0.37429311679772603,0.18407757524009136,0.09349204155138237,0.0608918395364738
443,0.24815291558207575,0.03371375469889585,0.37773091474763487,0.1875187672520265,0.09366976098498253,0.059213886734384456
444,0.24286852192786654,0.03381961308056746,0.3810041871076997,0.1908743578202683,0.09381914826721581,0.05761417179638231
445,0.23778442425857826,0.033914866271983646,0.3841227408874049,0.19414783468872807,0.09394253971454124,0.05608759417876387
446,0.23288998948908093,0.03400030815582637,0.3870956589513735,0.19734250581871443,0.09404205891206151,0.05462947867294318
447,0.22817529149602434,0.03407666473280459,0.3899313633520715,0.2004615092439981,0.09411963889949271,0.053235532275608725
448,0.22363105634139452,0.03414460084146384,0.3926376723366414,0.2035078225423619,0.09417704172920324,0.05190180620893507
449,0.21924861213664534,0.034204726119266296,0.39522185172805097,0.20648427188844842,0.0942158757451915,0.050624662382397476
450,0.21501984315375483,0.034257600301086884,0.397690661297263,0.20939354066907456,0.09423761088058742,0.049400743698233544
451,0.2109371478159073,0.03430373793778557,0.40005039667002396,0.21223817765424483,0.09424359222824766,0.04822694769379055
452,0.20699340022770518,0.034343612606098264,0.4023069272478638,0.21502060472589005,0.09423505210281019,0.04710040308963246
453,0.20318191493178825,0.0343776606713995,0.40446573056684376,0.21774312417266423,0.09421312078201186,0.04601844887529234
454,0.19949641460482204,0.03440628465664296,0.40653192346849887,0.2204079255635568,0.09417883608920026,0.04497861561727908
455,0.19593100043056802,0.03442985626374833,0.4085102904143806,0.22301709221606628,0.09413315195699919,0.04397860871823762
456,0.19248012491095798,0.034448719087683384,0.4104053092378643,0.22557260727659706,0.0940769460933842,0.043016293393512886
457,0.1891385668976414,0.034463191058327174,0.4122211745937525,0.22807635943184396,0.0940110268554571,0.042089681162977934
458,0.18590140864633775,0.03447356664076413,0.4139618193370872,0.2305301482704328,0.0939361394225451,0.04119691768283291
459,0.18276401471454967,0.0344801188208354,0.4156309340369868,0.23293568931414527,0.09385297134852807,0.04033627176495469
460,0.1797220125398261,0.03448310089947379,0.41723198480876744,0.2352946187377891,0.09376215756321785,0.039506125450925744
461,0.17677127455092065,0.034482748116493094,0.4187682296277443,0.23760849779628634,0.09366428488392653,0.038704965024629084
462,0.1739079016779473,0.03447927912202694,0.42024273327056744,0.2398788169768999,0.09355989609085674,0.0379313728617017
463,0.17112820814011598,0.03447289731166088,0.4216583810144535,0.24210699989376133,0.09344949361345238,0.03718402002655589
464,0.16842870740092633,0.03446379203942997,0.42301789121097194,0.2442944069410478,0.09333354286921416,0.036461659538409755
465,0.16580609919092093,0.03445213972122041,0.4243238268389059,0.2464423387203003,0.09321247529158756,0.035763120237064766
466,0.1632572575073365,0.034438104839687865,0.42557860612994897,0.2485520392565156,0.09308669107926817,0.035087301187242924
467,0.16077921950834242,0.03442184086055579,0.4267845123514449,0.2506246990167857,0.09295656169554732,0.034433166567323675
468,0.1583691752270994,0.034403491069063014,0.4279437028218896,0.2526614577444244,0.09282243214307134,0.03379974099445231
469,0.1560244580376827,0.03438318933436702,0.42905821722735615,0.25466340712070423,0.09268462303653903,0.03318610524335078
470,0.1537425358110767,0.034361060808864405,0.4301299853002785,0.25663159326555524,0.09254343249336615,0.032591392320859086
471,0.15152100270500388,0.03433722256864398,0.4311608339160194,0.25856701908782814,0.09239913786014992,0.032014783862354596
472,0.14935757153638787,0.03431178420063003,0.43215249365729475,0.26047064649502577,0.09225199729083741,0.031455506819824126
473,0.1472500666897913,0.0342848483413919,0.4331066048917261,0.26234339847173754,0.09210225119079755,0.030912830414555552
474,0.14519641751928852,0.03425651117208088,0.4340247234035097,0.26418616103538817,0.09195012353949648,0.030386063330236135
475,0.14319465220495287,0.03422686287349959,0.434908325616342,0.2659997850773236,0.09179582310314495,0.029874551124736835
476,0.14124289202851262,0.034195988044902925,0.43575881344129563,0.26778508809670704,0.09163954454751168,0.029377673841070075
477,0.13933934603578427,0.03416396608977041,0.436577518780242,0.26954285583418264,0.09148146946005313,0.028894843799967394
478,0.1374823060562632,0.03413087157146849,0.4373657077126336,0.2712738438117876,0.09132176728958369,0.028425503558263544
479,0.13567014205276223,0.03409677454143525,0.4381245843909515,0.27297877878514104,0.09116059621088697,0.027969124018822872
480,0.1339012977762754,0.03406174084226607,0.4388552946678691,0.2746583601135292,0.0909981039209354,0.027525202679124564
481,0.13217428670331074,0.03402583238784889,0.43955892947614367,0.27631326105311027,0.09083442837273142,0.02709326200685507
482,0.13048768823482554,0.03398910742249543,0.44023652798041074,0.2779441299781095,0.09066969845220058,0.0266728479319581
483,0.1288401441376099,0.033951620760831004,0.44088908051839854,0.2795515915345378,0.09050403460304442,0.026263528445578454
484,0.12723035521052203,0.03391342401004167,0.4415175313475684,0.28113624773065377,0.0903375494039951,0.025864892297218993
485,0.1256570781594064,0.03387456577593092,0.4421227812118375,0.28269867896810685,0.0901703481024945,0.025476547782224086
486,0.12411912266581476,0.033835091854104334,0.44270568974179586,0.28423944501742404,0.09000252910844639,0.025098121612414728
487,0.12261534863583895,0.03379504540748365,0.4432670777007214,0.28575908594126026,0.08983418445135358,0.024729257863342173
488,0.12114466361643816,0.03375446713124211,0.44380772908767,0.28725812296859765,0.0896654002038477,0.02436961699220438
489,0.11970602036763325,0.03371339540615786,0.44432839310800454,0.28873705932286564,0.08949625687434819,0.02401887492099044
490,0.11829841457984089,0.033671866441293954,0.4448297860208776,0.2901963810067572,0.0893268297713415,0.02367672217988865
491,0.11692088272644413,0.03362991440683495,0.44531259287242453,0.2916365575463284,0.08915718934154894,0.023342863106419105
492,0.115572500042453,0.033587571557838015,0.44577746912272165,0.293058042696798,0.08898740148405315,0.02301701509613619
493,0.11425237862079941,0.0335448683495929,0.4462250421739324,0.29446127511230835,0.08881752784227165,0.02269890790109534
494,0.11295966561844516,0.03350183354522524,0.4466559128064795,0.29584667898175326,0.0886476260755027,0.02238828297259411
495,0.1116935415650634,0.03345849431612521,0.4470706565295553,0.29721466463265,0.08847775011162122,0.022084892844984973
496,0.11045321876758958,0.033414876335735234,0.44746982485179354,0.29856562910489604,0.08830795038236793,0.021788500557617656
497,0.10923793980442711,0.03337100386718597,0.4478539464774865,0.29989995669614056,0.08813827404255338,0.02149887911220649
498,0.10804697610354447,0.03332689984523084,0.44822352843331903,0.3012180194803835,0.08796876517438841,0.02121581096313373
499,0.1068796265991175,0.033282585952891616,0.44857905713022506,0.3025201778013167,0.08779946497805229,0.02093908753839695
500,0.10573521646174984,0.03323808269319608,0.44892099936462515,0.3038067807418231,0.08763041194951761,0.0206685087890883
501,0.10461309589765874,0.03319340945635695,0.44924980326299413,0.3050781665709635,0.08746164204656995,0.020403882765456745
502,0.1035126390125374,0.03314858458271494,0.4495658991734154,0.30633466316969515,0.08729318884388178,0.02014502521775512
503,0.10243324273610356,0.03310362542174284,0.44986970050751873,0.3075765884364905,0.0871250836779345,0.01989175922020997
504,0.10137432580362092,0.03305854838738461,0.4501616045359487,0.30880425067395145,0.08695735578251605,0.01964391481657819
505,0.10033532779093607,0.033013369009982835,0.45044199314029437,0.31001794895745,0.08679003241546739,0.019401328685869232
506,0.09931570819980624,0.032968101985028,0.4507112335241947,0.3112179734867586,0.08662313897729569,0.019163843826916778
507,0.09831494559051528,0.032922761218945516,0.45096967888615197,0.31240460592158004,0.08645669912222617,0.018931309260580925
508,0.09733253675897369,0.032877359872120614,0.451217669056406,0.3135781197018301,0.08629073486221932,0.018703579748450393
509,0.09636799595568654,0.03283191039934562,0.4514555311000578,0.31473878035347375,0.08612526666444048,0.018480515526995978
510,0.16217024993687632,0.029345818982790983,0.41212412361655093,0.27661690569880115,0.10448598300553219,0.01525691875944844
511,0.1640286268286821,0.030427728148549264,0.41514093299742305,0.2697491363622341,0.10222611164425573,0.01842746401885594
512,0.16510127724023171,0.031096110737005963,0.4168065085995215,0.26549915073516567,0.10081774768293014,0.020679205005145238
513,0.165841390746858,0.031580996425972306,0.41791443312958265,0.26240409030378764,0.09978726879345375,0.0224718206003456
514,0.16639883932939825,0.03196154772393083,0.4187220147617194,0.25996423939974533,0.09897203501417062,0.023981323771035668
515,0.16684144922626884,0.03227464444140965,0.4193439390187952,0.2579476810836534,0.0982962911225838,0.02529599510728914
516,0.1672055435726496,0.03254050676621166,0.4198408340845256,0.256227543092372,0.09771847710427245,0.026467095379968476
517,0.16751277658135377,0.03277143347946908,0.4202484312680509,0.2547267574717122,0.09721328846184972,0.027527312737564497
518,0.16777706154632802,0.03297546772160163,0.4205894500434121,0.25339496079578294,0.09676415579195052,0.02849890410092467
519,0.16800784813340183,0.03315815973986249,0.42087917244034223,0.25219741167052967,0.09635962928095804,0.02939777873490578
520,0.16821183540164386,0.033323501675901035,0.4211283343024661,0.2511091236281711,0.09599146123682177,0.030235743754996037
521,0.16839393736931754,0.033474461363754836,0.4213447434128918,0.25011151906711415,0.09565351082377006,0.031021827963151522
522,0.1685578604919818,0.03361330538964694,0.4215342408406453,0.24919040613938453,0.0953410809058967,0.03176310623244483
523,0.16870646596939276,0.03374180400941897,0.42170130032289826,0.24833469642279668,0.09505049717663483,0.03246523609885843
524,0.16884200621935247,0.03386136626599141,0.4218494171609615,0.24753555984616296,0.09477883047435828,0.033132820033173395
525,0.16896628443526382,0.03397313203313963,0.4219813691416064,0.24678584924140817,0.09452370749128347,0.03376965765729857
526,0.16908076533939254,0.034078036483565416,0.422099396669806,0.24607969740715052,0.09428317809655146,0.03437892600353404
527,0.169186653963488,0.03417685633897523,0.4222053302329614,0.2454122280887791,0.09405562008015225,0.034963311295644006
528,0.1692849528955273,0.03427024375199259,0.4223006825583839,0.24477934426779682,0.09383966931541521,0.03552510721088422
529,0.1693765046675862,0.03435875158881149,0.4223867165182755,0.24417757018720435,0.09363416760442188,0.03606628943370074
530,0.16946202366917631,0.0344428526059138,0.42246449601292496,0.24360393152453164,0.09343812308672945,0.03658857310072382
531,0.16954212053497505,0.03452295420937701,0.4225349246760948,0.24305586315933275,0.09325067974278228,0.03709345767743804
532,0.16961732103281119,0.034599409964380365,0.4225987757174363,0.24253113723964734,0.09307109359235372,0.03758226245337103
533,0.16968808087030507,0.034672528677557775,0.42265671521407205,0.24202780640841803,0.0928987138964959,0.03805615493315132
534,0.1697547974303993,0.034742581641673174,0.4227093204921076,0.241544158508064,0.09273296815030885,0.0385161737774471
535,0.1698178191665702,0.03480980847152973,0.42275709478074436,0.24107868008458924,0.09257334998369852,0.038963247512867887
536,0.16987745319389963,0.03487442184758318,0.4228004790036925,0.24063002671497233,0.09241940931838542,0.039398209921466906
537,0.1699339714745301,0.034936611403766055,0.42283986134839985,0.24019699868099573,0.09227074429383633,0.03982181279847175
538,0.16998761589725803,0.034996546938356715,0.4228755850932605,0.23977852087281504,0.09212699459342515,0.04023473660488452
539,0.1700386024792149,0.03505438108458919,0.4229079550567568,0.23937362606867824,0.091987835888845,0.04063759942191601
540,0.17008712486475416,0.03511025154654133,0.42293724294723717,0.23898144093174814,0.09185297518494562,0.04103096452477352
541,0.17013335725734396,0.03516428298254156,0.4229636918287783,0.2386011742104268,0.09172214689515762,0.04141534682575193
542,0.17017745689070224,0.03521658860073681,0.42298751987115724,0.23823210673844744,0.09159510951392923,0.041791218385027126
543,0.17021956612296923,0.03526727151804275,0.4230089235160602,0.23787358291479746,0.09147164278027749,0.04215901314785286
544,0.17025981422051154,0.03531642592336845,0.4230280801642208,0.23752500340801203,0.0913515452478575,0.04251913103602972
545,0.17029831888466815,0.03536413807799385,0.4230451504670491,0.23718581887942233,0.09123463219349555,0.04287194149737118
546,0.17033518756439914,0.03541048717970994,0.4230602802898937,0.23685552455907746,0.09112073380907354,0.0432177865978461
547,0.170370518589679,0.035455546112392926,0.4230736024012357,0.2365336555388968,0.09100969363185558,0.04355698372594007
548,0.17040440215405764,0.03549938209876613,0.4230852379319844,0.23621978267207633,0.09090136717644276,0.043889827966672755
549,0.17043692116971215,0.03554205727097396,0.42309529764101844,0.23591350898731753,0.09079562073801627,0.044216594192961714
550,0.17046815201422397,0.03558362917107873,0.42310388301669555,0.23561446654214432,0.09069233034172627,0.044537538914131196
551,0.17049816518502778,0.03562415119155881,0.4231110872389099,0.23532231365227424,0.09059138081729323,0.04485290191493607
552,0.17052702587481508,0.03566367296423512,0.4231169960221116,0.2350367324443217,0.09049266498130659,0.0451629077132099
553,0.1705547944790067,0.03570224070470427,0.42312168835632596,0.23475742668754682,0.09039608291250258,0.04546776685991367
554,0.17058152704463436,0.03573989751824783,0.42312523716045314,0.23448411986728473,0.0903015413075984,0.045767677101781506
555,0.17060727566851303,0.03577668367227419,0.42312770985986686,0.23421655346840342,0.09020895290715747,0.046062824423785086
556,0.17063208885138093,0.03581263683959117,0.423129168898467,0.23395448544187572,0.09011823598253077,0.04635338398615444
557,0.1706560118136853,0.03584779231617749,0.42312967219380043,0.23369768883149175,0.09002931387622941,0.04663952096861583
558,0.1706790867778581,0.035882183216593866,0.42312927354258023,0.23344595054103423,0.08994211458917829,0.04692139133275518
559,0.17070135322123203,0.03591584064973277,0.4231280229828681,0.23319907022500747,0.08985657040921885,0.047199142511940816
560,0.17072284810315955,0.0359487938772327,0.4231259671182834,0.232956859288335,0.08977261757600428,0.047472914036985066
561,0.1707436060694083,0.03598107045656881,0.4231231494088554,0.23271913998241983,0.0896901959780855,0.047742838104661935
562,0.17076365963648724,0.036012696370563965,0.4231196104324958,0.23248574458662438,0.0896092488785413,0.04800904009528721
563,0.17078303935820568,0.03604369614483734,0.4231153881205303,0.23225651466565472,0.08952972266598026,0.048271639044791745
564,0.17080177397646634,0.036074092954513484,0.42311051797027566,0.232031300394549,0.0894515666281462,0.04853074807604951
565,0.17081989055803662,0.03610390872134893,0.4231050332372545,0.23180995994400802,0.08937473274570475,0.04878647479364746
566,0.17083741461882238,0.03613316420228964,0.42309896510931,0.23159235891970298,0.08929917550408753,0.04903892164578751
567,0.17085437023697944,0.036161879070351136,0.4230923428645977,0.23137836984996482,0.0892248517215258,0.04928818625658096
568,0.17087078015603566,0.03619007198860543,0.42308519401518513,0.23116787171692454,0.08915172039162796,0.04953436173162123
569,0.17088666587905496,0.036217760677967795,0.4230775444377804,0.23096074952675263,0.08907974253904732,0.04977753693939704
570,0.17090204775475448,0.03624496197939637,0.4230694184929285,0.2307568939151439,0.08900888108695343,0.05001779677082322
571,0.17091694505637994,0.03627169191104799,0.42306083913385534,0.2305562007846328,0.0889391007351652,0.05025522237891884
572,0.17093137605405015,0.036297965720872474,0.4230518280060005,0.23035857097070175,0.08887036784793138,0.05048989140044365
573,0.17094535808120617,0.03632379793507602,0.4230424055381671,0.23016390993398075,0.08880265035045529,0.05072187816111459
574,0.17095890759572574,0.036349202402835776,0.4230325910261029,0.2299721274761258,0.08873591763335688,0.05095125386585286
575,0.17097204023620566,0.03637419233760904,0.42302240270924596,0.22978313747722157,0.08867014046435148,0.05117808677536647
576,0.17098477087385847,0.03639878035534261,0.42301185784128054,0.22959685765277843,0.08860529090650036,0.05140244237023958
577,0.1709971136604255,0.0364229785098579,0.42300097275508486,0.229413209328594,0.08854134224245341,0.05162438350358428
578,0.1710090820724625,0.03644679832565786,0.4229897629225853,0.22923211723192283,0.08847826890416403,0.05184397054320763
579,0.1710206889523208,0.036470250828378147,0.4229782430099823,0.22905350929755697,0.08841604640760761,0.05206126150415404
580,0.17103194654611345,0.03649334657308241,0.4229664269287638,0.228877316487556,0.08835465129208205,0.052276312172402147
581,0.17104286653892467,0.03651609567058221,0.42295432788287596,0.22870347262348747,0.08829406106370828,0.052489176220421443
582,0.1710534600874987,0.03653850781194453,0.4229419584123902,0.22853191423015015,0.0882342541427872,0.05269990531522935
583,0.17106373785061907,0.03656059229133479,0.42292933043396697,0.22836258038984866,0.0881752098147001,0.05290854921953066
584,0.17107371001736946,0.03658235802732874,0.4229164552783886,0.2281954126063736,0.08811690818407039,0.053115155886469284
585,0.17108338633344952,0.03660381358281508,0.42290334372540855,0.22803035467792301,0.08805933013192915,0.05331977154847453
586,0.1710927761257029,0.03662496718359874,0.4228900060361385,0.2278673525782661,0.0880024572756512,0.0535224408006425
587,0.17110188832499865,0.03664582673580546,0.4228764519831751,0.22770635434551675,0.08794627193144906,0.053723206679054794
588,0.17111073148759842,0.03666639984217892,0.4228626908786509,0.22754730997793798,0.08789075707923101,0.053922110734402784
589,0.17111931381512308,0.03668669381735407,0.422848731600373,0.22739017133625064,0.0878358963296462,0.05411919310125308
590,0.17112764317323018,0.03670671570218273,0.42283458261620244,0.22723489205196373,0.08778167389315553,0.05431449256326534
591,0.17113572710909775,0.036726472277180955,0.42282025200681106,0.22708142744128731,0.08772807455098004,0.054508046614643015
592,0.17114357286780413,0.03674597007516218,0.4228057474869398,0.22692973442422223,0.0876750836277919,0.05469989151807981
593,0.17115118740768662,0.03676521539311444,0.4227910764252754,0.22677977144846012,0.08762268696602338,0.05489006235943983
594,0.17115857741475252,0.0367842143033753,0.4227762458630477,0.22663149841775107,0.08757087090168046,0.05507859309939293
595,0.17116574931621187,0.03680297266415346,0.422761262531442,0.22648487662442957,0.08751962224155586,0.05526551662220723
596,0.1711727092931943,0.036821496129442924,0.42274613286791785,0.22633986868581127,0.08746892824174556,0.05545086478188817
597,0.1711794632927084,0.036839790158370425,0.42273086303150953,0.22619643848419704,0.08741877658738031,0.0556346684458344
598,0.1711860170388953,0.03685786002401529,0.42271545891718443,0.22605455111024106,0.08736915537349021,0.05581695753617382
599,0.1711923760436269,0.0368757108217366,0.422699926169326,0.22591417280945897,0.08732005308692717,0.05599776106892432
600,0.17119854561649234,0.03689334747704051,0.4226842701944026,0.22577527093166924,0.08727145858927551,0.056177107191119804
601,0.17120453087421464,0.03691077475301752,0.42266849617287955,0.2256378138831765,0.08722336110068715,0.0563550232160247
602,0.17121033674953573,0.036927997257378074,0.42265260907042684,0.22550177108152009,0.08717575018458093,0.05653153565655827
603,0.17121596799960512,0.036945019449111785,0.42263661364847105,0.2253671129126248,0.08712861573315202,0.0567066702570353
604,0.17122142921390432,0.036961845644794315,0.42262051447413435,0.22523381069020065,0.0870819479536396,0.05688045202332677
605,0.17122672482173779,0.03697848002456407,0.4226043159296041,0.2251018366172538,0.08703573735530651,0.05705290525153355
606,0.17123185909931818,0.03699492663778925,0.4225880222209693,0.22497116374957538,0.08698997473708607,0.05722405355526176
607,0.17123683617647048,0.03701118940844409,0.42257163738655845,0.22484176596108968,0.08694465117585592,0.057393919891581206
608,0.17124166004298175,0.03702727214021225,0.42255516530481385,0.22471361791094743,0.08689975801530089,0.057562526585743755
609,0.1712463345546152,0.037043178521333577,0.4225386097017291,0.22458669501226042,0.08685528685532967,0.05772989535473206
